Country,CountryCode,Region,IncomeGroup,Year,GDPPerCapita,LifeExpectancy,Population
Afghanistan,AFG,Middle East & North Africa,Low income,2000,174.93,55.01,20130327
Afghanistan,AFG,Middle East & North Africa,Low income,2001,138.71,55.51,20284307
Afghanistan,AFG,Middle East & North Africa,Low income,2002,178.95,56.23,21378117
Afghanistan,AFG,Middle East & North Africa,Low income,2003,198.87,57.17,22733049
Afghanistan,AFG,Middle East & North Africa,Low income,2004,221.76,57.81,23560654
Afghanistan,AFG,Middle East & North Africa,Low income,2005,254.18,58.25,24404567
Afghanistan,AFG,Middle East & North Africa,Low income,2006,274.22,58.55,25424094
Afghanistan,AFG,Middle East & North Africa,Low income,2007,376.22,58.96,25909852
Afghanistan,AFG,Middle East & North Africa,Low income,2008,381.73,59.71,26482622
Afghanistan,AFG,Middle East & North Africa,Low income,2009,452.05,60.25,27466101
Afghanistan,AFG,Middle East & North Africa,Low income,2010,560.62,60.70,28284089
Afghanistan,AFG,Middle East & North Africa,Low income,2011,606.69,61.25,29347708
Afghanistan,AFG,Middle East & North Africa,Low income,2012,651.42,61.73,30560034
Afghanistan,AFG,Middle East & North Africa,Low income,2013,637.09,62.19,31622704
Afghanistan,AFG,Middle East & North Africa,Low income,2014,625.05,62.26,32792523
Afghanistan,AFG,Middle East & North Africa,Low income,2015,565.57,62.27,33831764
Afghanistan,AFG,Middle East & North Africa,Low income,2016,522.08,62.65,34700612
Afghanistan,AFG,Middle East & North Africa,Low income,2017,525.47,62.41,35688935
Afghanistan,AFG,Middle East & North Africa,Low income,2018,491.34,62.44,36743039
Afghanistan,AFG,Middle East & North Africa,Low income,2019,496.60,62.94,37856121
Afghanistan,AFG,Middle East & North Africa,Low income,2020,510.79,61.45,39068979
Afghanistan,AFG,Middle East & North Africa,Low income,2021,356.50,60.42,40000412
Afghanistan,AFG,Middle East & North Africa,Low income,2022,357.26,65.62,40578842
Afghanistan,AFG,Middle East & North Africa,Low income,2023,413.76,66.03,41454761
Albania,ALB,Europe & Central Asia,Upper middle income,2000,1160.42,74.83,3089027
Albania,ALB,Europe & Central Asia,Upper middle income,2001,1326.42,75.08,3060173
Albania,ALB,Europe & Central Asia,Upper middle income,2002,1479.84,75.30,3051010
Albania,ALB,Europe & Central Asia,Upper middle income,2003,1908.70,75.56,3039616
Albania,ALB,Europe & Central Asia,Upper middle income,2004,2446.91,75.95,3026939
Albania,ALB,Europe & Central Asia,Upper middle income,2005,2741.72,76.43,3011487
Albania,ALB,Europe & Central Asia,Upper middle income,2006,3057.77,76.99,2992547
Albania,ALB,Europe & Central Asia,Upper middle income,2007,3743.06,77.69,2970017
Albania,ALB,Europe & Central Asia,Upper middle income,2008,4498.50,78.25,2947314
Albania,ALB,Europe & Central Asia,Upper middle income,2009,4213.65,78.51,2927519
Albania,ALB,Europe & Central Asia,Upper middle income,2010,4149.14,78.41,2913021
Albania,ALB,Europe & Central Asia,Upper middle income,2011,4465.71,78.30,2905195
Albania,ALB,Europe & Central Asia,Upper middle income,2012,4280.93,78.08,2860708
Albania,ALB,Europe & Central Asia,Upper middle income,2013,4542.93,78.00,2816902
Albania,ALB,Europe & Central Asia,Upper middle income,2014,4793.60,78.03,2773767
Albania,ALB,Europe & Central Asia,Upper middle income,2015,4199.54,78.36,2731293
Albania,ALB,Europe & Central Asia,Upper middle income,2016,4457.63,78.64,2689469
Albania,ALB,Europe & Central Asia,Upper middle income,2017,5006.36,78.90,2648285
Albania,ALB,Europe & Central Asia,Upper middle income,2018,5897.65,79.24,2607733
Albania,ALB,Europe & Central Asia,Upper middle income,2019,6069.44,79.47,2567801
Albania,ALB,Europe & Central Asia,Upper middle income,2020,6027.91,77.82,2528480
Albania,ALB,Europe & Central Asia,Upper middle income,2021,7242.46,76.84,2489762
Albania,ALB,Europe & Central Asia,Upper middle income,2022,7756.96,78.77,2451636
Albania,ALB,Europe & Central Asia,Upper middle income,2023,9730.87,79.60,2414095
Algeria,DZA,Middle East & North Africa,Upper middle income,2000,1772.93,70.58,30903893
Algeria,DZA,Middle East & North Africa,Upper middle income,2001,1896.30,71.03,31331221
Algeria,DZA,Middle East & North Africa,Upper middle income,2002,1937.46,71.64,31750835
Algeria,DZA,Middle East & North Africa,Upper middle income,2003,2283.77,71.91,32175818
Algeria,DZA,Middle East & North Africa,Upper middle income,2004,2816.99,72.54,32628286
Algeria,DZA,Middle East & North Africa,Upper middle income,2005,3233.13,72.84,33109249
Algeria,DZA,Middle East & North Africa,Upper middle income,2006,3660.66,73.12,33623506
Algeria,DZA,Middle East & North Africa,Upper middle income,2007,4167.45,73.35,34189416
Algeria,DZA,Middle East & North Africa,Upper middle income,2008,5180.92,73.62,34816961
Algeria,DZA,Middle East & North Africa,Upper middle income,2009,4235.43,73.87,35490445
Algeria,DZA,Middle East & North Africa,Upper middle income,2010,4912.79,74.14,36188236
Algeria,DZA,Middle East & North Africa,Upper middle income,2011,5916.31,74.38,36903376
Algeria,DZA,Middle East & North Africa,Upper middle income,2012,6033.65,74.61,37646166
Algeria,DZA,Middle East & North Africa,Upper middle income,2013,5979.60,74.81,38414171
Algeria,DZA,Middle East & North Africa,Upper middle income,2014,6094.69,74.99,39205031
Algeria,DZA,Middle East & North Africa,Upper middle income,2015,4685.06,75.16,40019529
Algeria,DZA,Middle East & North Africa,Upper middle income,2016,4424.99,75.31,40850721
Algeria,DZA,Middle East & North Africa,Upper middle income,2017,4554.67,75.43,41689299
Algeria,DZA,Middle East & North Africa,Upper middle income,2018,4577.21,75.56,42505035
Algeria,DZA,Middle East & North Africa,Upper middle income,2019,4468.45,75.68,43294546
Algeria,DZA,Middle East & North Africa,Upper middle income,2020,3743.54,73.26,44042091
Algeria,DZA,Middle East & North Africa,Upper middle income,2021,4160.56,75.21,44761099
Algeria,DZA,Middle East & North Africa,Upper middle income,2022,4960.30,76.13,45477389
Algeria,DZA,Middle East & North Africa,Upper middle income,2023,5370.48,76.26,46164219
American Samoa,ASM,East Asia & Pacific,High income,2002,8972.70,71.75,57062
American Samoa,ASM,East Asia & Pacific,High income,2003,9197.66,71.70,56971
American Samoa,ASM,East Asia & Pacific,High income,2004,8958.43,72.28,56818
American Samoa,ASM,East Asia & Pacific,High income,2005,8831.27,72.38,56617
American Samoa,ASM,East Asia & Pacific,High income,2006,8745.17,72.40,56374
American Samoa,ASM,East Asia & Pacific,High income,2007,9231.37,72.36,56113
American Samoa,ASM,East Asia & Pacific,High income,2008,10030.81,72.43,55828
American Samoa,ASM,East Asia & Pacific,High income,2009,12156.03,70.84,55528
American Samoa,ASM,East Asia & Pacific,High income,2010,10375.17,72.59,55228
American Samoa,ASM,East Asia & Pacific,High income,2011,10383.46,72.66,54895
American Samoa,ASM,East Asia & Pacific,High income,2012,11745.49,72.71,54489
American Samoa,ASM,East Asia & Pacific,High income,2013,11813.50,72.77,54006
American Samoa,ASM,East Asia & Pacific,High income,2014,12026.33,72.69,53466
American Samoa,ASM,East Asia & Pacific,High income,2015,12727.41,72.65,52878
American Samoa,ASM,East Asia & Pacific,High income,2016,12843.33,72.64,52245
American Samoa,ASM,East Asia & Pacific,High income,2017,11863.68,72.80,51586
American Samoa,ASM,East Asia & Pacific,High income,2018,12552.05,72.79,50908
American Samoa,ASM,East Asia & Pacific,High income,2019,12886.14,72.75,50209
American Samoa,ASM,East Asia & Pacific,High income,2020,14489.26,72.67,49761
American Samoa,ASM,East Asia & Pacific,High income,2021,15236.16,72.71,49225
American Samoa,ASM,East Asia & Pacific,High income,2022,18017.46,72.75,48342
Andorra,AND,Europe & Central Asia,High income,2000,21810.25,81.86,65685
Andorra,AND,Europe & Central Asia,High income,2001,23511.30,82.16,65852
Andorra,AND,Europe & Central Asia,High income,2002,26528.13,82.45,66506
Andorra,AND,Europe & Central Asia,High income,2003,34063.58,82.72,69486
Andorra,AND,Europe & Central Asia,High income,2004,39021.11,82.81,74325
Andorra,AND,Europe & Central Asia,High income,2005,40829.81,83.09,77421
Andorra,AND,Europe & Central Asia,High income,2006,43467.20,83.37,79585
Andorra,AND,Europe & Central Asia,High income,2007,48336.25,83.63,81877
Andorra,AND,Europe & Central Asia,High income,2008,49132.49,83.86,83495
Andorra,AND,Europe & Central Asia,High income,2009,43975.00,84.10,83888
Andorra,AND,Europe & Central Asia,High income,2010,42746.83,84.20,80706
Andorra,AND,Europe & Central Asia,High income,2011,46657.15,84.30,77783
Andorra,AND,Europe & Central Asia,High income,2012,41500.55,84.33,76834
Andorra,AND,Europe & Central Asia,High income,2013,42470.32,84.41,75194
Andorra,AND,Europe & Central Asia,High income,2014,44369.67,84.48,73737
Andorra,AND,Europe & Central Asia,High income,2015,38654.95,84.53,72174
Andorra,AND,Europe & Central Asia,High income,2016,40129.84,84.49,72181
Andorra,AND,Europe & Central Asia,High income,2017,40672.97,84.36,73763
Andorra,AND,Europe & Central Asia,High income,2018,42819.76,84.24,75162
Andorra,AND,Europe & Central Asia,High income,2019,41257.82,84.10,76474
Andorra,AND,Europe & Central Asia,High income,2020,37361.11,79.42,77380
Andorra,AND,Europe & Central Asia,High income,2021,42425.71,82.33,78364
Andorra,AND,Europe & Central Asia,High income,2022,42414.05,84.02,79705
Andorra,AND,Europe & Central Asia,High income,2023,46812.43,84.04,80856
Angola,AGO,Sub-Saharan Africa,Lower middle income,2000,563.73,46.50,16194869
Angola,AGO,Sub-Saharan Africa,Lower middle income,2001,533.59,47.03,16747208
Angola,AGO,Sub-Saharan Africa,Lower middle income,2002,999.07,47.87,17327699
Angola,AGO,Sub-Saharan Africa,Lower middle income,2003,1133.66,50.22,17943712
Angola,AGO,Sub-Saharan Africa,Lower middle income,2004,1451.47,51.12,18600423
Angola,AGO,Sub-Saharan Africa,Lower middle income,2005,2145.89,52.13,19291161
Angola,AGO,Sub-Saharan Africa,Lower middle income,2006,2930.44,52.97,20015279
Angola,AGO,Sub-Saharan Africa,Lower middle income,2007,3515.06,54.20,20778561
Angola,AGO,Sub-Saharan Africa,Lower middle income,2008,4578.16,55.28,21578655
Angola,AGO,Sub-Saharan Africa,Lower middle income,2009,3645.15,56.23,22414773
Angola,AGO,Sub-Saharan Africa,Lower middle income,2010,4101.64,57.24,23294825
Angola,AGO,Sub-Saharan Africa,Lower middle income,2011,5184.15,58.09,24218352
Angola,AGO,Sub-Saharan Africa,Lower middle income,2012,5702.45,58.92,25177394
Angola,AGO,Sub-Saharan Africa,Lower middle income,2013,5688.58,59.70,26165620
Angola,AGO,Sub-Saharan Africa,Lower middle income,2014,5649.69,60.40,27160769
Angola,AGO,Sub-Saharan Africa,Lower middle income,2015,3641.73,61.04,28157798
Angola,AGO,Sub-Saharan Africa,Lower middle income,2016,2051.81,61.62,29183070
Angola,AGO,Sub-Saharan Africa,Lower middle income,2017,2790.72,62.12,30234839
Angola,AGO,Sub-Saharan Africa,Lower middle income,2018,2860.09,62.62,31297155
Angola,AGO,Sub-Saharan Africa,Lower middle income,2019,2493.68,63.05,32375632
Angola,AGO,Sub-Saharan Africa,Lower middle income,2020,1759.36,63.12,33451132
Angola,AGO,Sub-Saharan Africa,Lower middle income,2021,2303.91,62.96,34532429
Angola,AGO,Sub-Saharan Africa,Lower middle income,2022,3682.11,64.25,35635029
Angola,AGO,Sub-Saharan Africa,Lower middle income,2023,2916.14,64.62,36749906
Antigua and Barbuda,ATG,Latin America & Caribbean,High income,2000,12027.49,74.82,74912
Antigua and Barbuda,ATG,Latin America & Caribbean,High income,2001,11539.18,75.11,76069
Antigua and Barbuda,ATG,Latin America & Caribbean,High income,2002,11658.69,75.24,77032
Antigua and Barbuda,ATG,Latin America & Caribbean,High income,2003,12173.23,75.31,77884
Antigua and Barbuda,ATG,Latin America & Caribbean,High income,2004,13037.89,75.33,78719
Antigua and Barbuda,ATG,Latin America & Caribbean,High income,2005,14368.57,75.36,79611
Antigua and Barbuda,ATG,Latin America & Caribbean,High income,2006,16173.81,75.51,80604
Antigua and Barbuda,ATG,Latin America & Caribbean,High income,2007,18204.51,75.72,81704
Antigua and Barbuda,ATG,Latin America & Caribbean,High income,2008,18786.67,76.08,82912
Antigua and Barbuda,ATG,Latin America & Caribbean,High income,2009,16472.25,76.39,84173
Antigua and Barbuda,ATG,Latin America & Caribbean,High income,2010,15217.40,76.70,85320
Antigua and Barbuda,ATG,Latin America & Caribbean,High income,2011,14911.73,77.02,86332
Antigua and Barbuda,ATG,Latin America & Caribbean,High income,2012,15639.81,77.10,87260
Antigua and Barbuda,ATG,Latin America & Caribbean,High income,2013,15051.51,77.05,88064
Antigua and Barbuda,ATG,Latin America & Caribbean,High income,2014,15532.11,76.91,88765
Antigua and Barbuda,ATG,Latin America & Caribbean,High income,2015,16077.63,76.89,89409
Antigua and Barbuda,ATG,Latin America & Caribbean,High income,2016,16556.86,76.97,89969
Antigua and Barbuda,ATG,Latin America & Caribbean,High income,2017,16965.73,77.03,90468
Antigua and Barbuda,ATG,Latin America & Caribbean,High income,2018,18273.43,77.13,90926
Antigua and Barbuda,ATG,Latin America & Caribbean,High income,2019,18896.37,77.17,91364
Antigua and Barbuda,ATG,Latin America & Caribbean,High income,2020,15369.61,77.16,91846
Antigua and Barbuda,ATG,Latin America & Caribbean,High income,2021,17348.60,77.20,92349
Antigua and Barbuda,ATG,Latin America & Caribbean,High income,2022,20105.20,77.48,92840
Antigua and Barbuda,ATG,Latin America & Caribbean,High income,2023,21494.55,77.60,93316
Argentina,ARG,Latin America & Caribbean,Upper middle income,2000,7637.01,73.91,37213984
Argentina,ARG,Latin America & Caribbean,Upper middle income,2001,7141.48,74.15,37624825
Argentina,ARG,Latin America & Caribbean,Upper middle income,2002,2569.70,74.31,38029349
Argentina,ARG,Latin America & Caribbean,Upper middle income,2003,3320.48,74.31,38424282
Argentina,ARG,Latin America & Caribbean,Upper middle income,2004,4242.02,74.87,38815916
Argentina,ARG,Latin America & Caribbean,Upper middle income,2005,5067.65,75.23,39216789
Argentina,ARG,Latin America & Caribbean,Upper middle income,2006,5869.38,75.28,39622115
Argentina,ARG,Latin America & Caribbean,Upper middle income,2007,7185.25,74.78,40016763
Argentina,ARG,Latin America & Caribbean,Upper middle income,2008,8944.11,75.43,40424148
Argentina,ARG,Latin America & Caribbean,Upper middle income,2009,8150.24,75.58,40854831
Argentina,ARG,Latin America & Caribbean,Upper middle income,2010,10260.13,75.68,41288694
Argentina,ARG,Latin America & Caribbean,Upper middle income,2011,12704.28,76.10,41730660
Argentina,ARG,Latin America & Caribbean,Upper middle income,2012,12949.72,75.80,42161721
Argentina,ARG,Latin America & Caribbean,Upper middle income,2013,12963.68,75.83,42582455
Argentina,ARG,Latin America & Caribbean,Upper middle income,2014,12233.14,76.27,43024071
Argentina,ARG,Latin America & Caribbean,Upper middle income,2015,13679.63,76.60,43477012
Argentina,ARG,Latin America & Caribbean,Upper middle income,2016,12699.96,76.11,43900313
Argentina,ARG,Latin America & Caribbean,Upper middle income,2017,14532.50,76.54,44288894
Argentina,ARG,Latin America & Caribbean,Upper middle income,2018,11752.80,76.77,44654882
Argentina,ARG,Latin America & Caribbean,Upper middle income,2019,9955.97,76.85,44973465
Argentina,ARG,Latin America & Caribbean,Upper middle income,2020,8535.60,75.88,45191965
Argentina,ARG,Latin America & Caribbean,Upper middle income,2021,10738.02,73.95,45312281
Argentina,ARG,Latin America & Caribbean,Upper middle income,2022,13962.19,75.81,45407904
Argentina,ARG,Latin America & Caribbean,Upper middle income,2023,14261.85,77.39,45538401
Armenia,ARM,Europe & Central Asia,Upper middle income,2000,593.45,72.88,3221100
Armenia,ARM,Europe & Central Asia,Upper middle income,2001,659.59,72.98,3211800
Armenia,ARM,Europe & Central Asia,Upper middle income,2002,742.65,72.83,3199800
Armenia,ARM,Europe & Central Asia,Upper middle income,2003,882.03,72.83,3182500
Armenia,ARM,Europe & Central Asia,Upper middle income,2004,1130.09,73.03,3164900
Armenia,ARM,Europe & Central Asia,Upper middle income,2005,1557.48,73.08,3146400
Armenia,ARM,Europe & Central Asia,Upper middle income,2006,2041.65,72.82,3127100
Armenia,ARM,Europe & Central Asia,Upper middle income,2007,2962.70,72.87,3107400
Armenia,ARM,Europe & Central Asia,Upper middle income,2008,3777.67,73.07,3087100
Armenia,ARM,Europe & Central Asia,Upper middle income,2009,2820.59,73.07,3066000
Armenia,ARM,Europe & Central Asia,Upper middle income,2010,3041.34,73.17,3044800
Armenia,ARM,Europe & Central Asia,Upper middle income,2011,3349.55,73.82,3027900
Armenia,ARM,Europe & Central Asia,Upper middle income,2012,3511.56,74.12,3024100
Armenia,ARM,Europe & Central Asia,Upper middle income,2013,3680.17,74.62,3022000
Armenia,ARM,Europe & Central Asia,Upper middle income,2014,3852.12,74.87,3013800
Armenia,ARM,Europe & Central Asia,Upper middle income,2015,3512.39,74.87,3004600
Armenia,ARM,Europe & Central Asia,Upper middle income,2016,3524.42,74.87,2992300
Armenia,ARM,Europe & Central Asia,Upper middle income,2017,3869.05,75.22,2979400
Armenia,ARM,Europe & Central Asia,Upper middle income,2018,4196.01,75.62,2969000
Armenia,ARM,Europe & Central Asia,Upper middle income,2019,4597.23,76.22,2962500
Armenia,ARM,Europe & Central Asia,Upper middle income,2020,4268.68,73.38,2961500
Armenia,ARM,Europe & Central Asia,Upper middle income,2021,4685.18,72.28,2962300
Armenia,ARM,Europe & Central Asia,Upper middle income,2022,6571.97,74.77,2969200
Armenia,ARM,Europe & Central Asia,Upper middle income,2023,8159.09,77.47,2964300
Aruba,ABW,Latin America & Caribbean,High income,2000,20681.02,72.94,90588
Aruba,ABW,Latin America & Caribbean,High income,2001,20740.13,73.04,91439
Aruba,ABW,Latin America & Caribbean,High income,2002,21307.25,73.14,92074
Aruba,ABW,Latin America & Caribbean,High income,2003,21949.49,73.24,93128
Aruba,ABW,Latin America & Caribbean,High income,2004,23700.63,73.22,95138
Aruba,ABW,Latin America & Caribbean,High income,2005,24171.84,73.42,97635
Aruba,ABW,Latin America & Caribbean,High income,2006,24845.66,73.50,99405
Aruba,ABW,Latin America & Caribbean,High income,2007,26736.31,73.64,100150
Aruba,ABW,Latin America & Caribbean,High income,2008,28171.91,73.78,100917
Aruba,ABW,Latin America & Caribbean,High income,2009,25134.77,73.97,101604
Aruba,ABW,Latin America & Caribbean,High income,2010,24093.14,74.30,101838
Aruba,ABW,Latin America & Caribbean,High income,2011,25712.38,74.58,102591
Aruba,ABW,Latin America & Caribbean,High income,2012,25119.67,74.84,104110
Aruba,ABW,Latin America & Caribbean,High income,2013,25813.57,75.07,105675
Aruba,ABW,Latin America & Caribbean,High income,2014,26129.84,75.26,106807
Aruba,ABW,Latin America & Caribbean,High income,2015,27458.22,75.41,107906
Aruba,ABW,Latin America & Caribbean,High income,2016,27441.55,75.54,108727
Aruba,ABW,Latin America & Caribbean,High income,2017,28440.04,75.62,108735
Aruba,ABW,Latin America & Caribbean,High income,2018,30082.16,75.88,108908
Aruba,ABW,Latin America & Caribbean,High income,2019,30645.89,76.02,109203
Aruba,ABW,Latin America & Caribbean,High income,2020,22759.81,75.41,108587
Aruba,ABW,Latin America & Caribbean,High income,2021,26749.33,73.66,107700
Aruba,ABW,Latin America & Caribbean,High income,2022,30976.00,76.23,107310
Aruba,ABW,Latin America & Caribbean,High income,2023,35718.75,76.35,107359
Australia,AUS,East Asia & Pacific,High income,2000,21909.00,79.23,19028802
Australia,AUS,East Asia & Pacific,High income,2001,19733.65,79.63,19274701
Australia,AUS,East Asia & Pacific,High income,2002,20335.10,79.94,19495210
Australia,AUS,East Asia & Pacific,High income,2003,23757.59,80.24,19720737
Australia,AUS,East Asia & Pacific,High income,2004,30886.05,80.49,19932722
Australia,AUS,East Asia & Pacific,High income,2005,34535.21,80.84,20176844
Australia,AUS,East Asia & Pacific,High income,2006,36658.82,81.04,20450966
Australia,AUS,East Asia & Pacific,High income,2007,41128.25,81.29,20827622
Australia,AUS,East Asia & Pacific,High income,2008,49811.21,81.40,21249199
Australia,AUS,East Asia & Pacific,High income,2009,42954.85,81.54,21691653
Australia,AUS,East Asia & Pacific,High income,2010,52313.89,81.70,22031750
Australia,AUS,East Asia & Pacific,High income,2011,62799.39,81.90,22340024
Australia,AUS,East Asia & Pacific,High income,2012,68301.44,82.05,22733465
Australia,AUS,East Asia & Pacific,High income,2013,68476.68,82.15,23128129
Australia,AUS,East Asia & Pacific,High income,2014,62817.21,82.30,23475686
Australia,AUS,East Asia & Pacific,High income,2015,56970.36,82.40,23815995
Australia,AUS,East Asia & Pacific,High income,2016,50084.44,82.45,24190907
Australia,AUS,East Asia & Pacific,High income,2017,54117.55,82.50,24592588
Australia,AUS,East Asia & Pacific,High income,2018,57410.17,82.75,24963258
Australia,AUS,East Asia & Pacific,High income,2019,55194.76,82.90,25334826
Australia,AUS,East Asia & Pacific,High income,2020,51983.45,83.20,25649248
Australia,AUS,East Asia & Pacific,High income,2021,60758.90,83.30,25685412
Australia,AUS,East Asia & Pacific,High income,2022,65169.52,83.20,26018721
Australia,AUS,East Asia & Pacific,High income,2023,65058.38,83.05,26659922
Austria,AUT,Europe & Central Asia,High income,2000,24487.30,78.13,8011566
Austria,AUT,Europe & Central Asia,High income,2001,24430.50,78.58,8042293
Austria,AUT,Europe & Central Asia,High income,2002,26334.86,78.68,8081957
Austria,AUT,Europe & Central Asia,High income,2003,32110.12,78.63,8121423
Austria,AUT,Europe & Central Asia,High income,2004,36614.25,79.18,8171966
Austria,AUT,Europe & Central Asia,High income,2005,38157.37,79.33,8227829
Austria,AUT,Europe & Central Asia,High income,2006,40382.21,79.88,8268641
Austria,AUT,Europe & Central Asia,High income,2007,46622.96,80.18,8295487
Austria,AUT,Europe & Central Asia,High income,2008,51581.40,80.43,8321496
Austria,AUT,Europe & Central Asia,High income,2009,47857.44,80.33,8343323
Austria,AUT,Europe & Central Asia,High income,2010,46611.14,80.58,8363404
Austria,AUT,Europe & Central Asia,High income,2011,51116.90,80.98,8391643
Austria,AUT,Europe & Central Asia,High income,2012,48250.41,80.94,8429991
Austria,AUT,Europe & Central Asia,High income,2013,50305.35,81.14,8479823
Austria,AUT,Europe & Central Asia,High income,2014,51314.97,81.49,8546356
Austria,AUT,Europe & Central Asia,High income,2015,43915.23,81.19,8642699
Austria,AUT,Europe & Central Asia,High income,2016,45061.50,81.64,8736668
Austria,AUT,Europe & Central Asia,High income,2017,47163.74,81.64,8797566
Austria,AUT,Europe & Central Asia,High income,2018,51194.07,81.69,8840521
Austria,AUT,Europe & Central Asia,High income,2019,49885.99,81.90,8879920
Austria,AUT,Europe & Central Asia,High income,2020,48716.41,81.19,8916864
Austria,AUT,Europe & Central Asia,High income,2021,53648.64,81.19,8955797
Austria,AUT,Europe & Central Asia,High income,2022,52336.77,81.30,9041851
Austria,AUT,Europe & Central Asia,High income,2023,56579.50,81.79,9131761
Azerbaijan,AZE,Europe & Central Asia,Upper middle income,2000,655.10,65.38,8048600
Azerbaijan,AZE,Europe & Central Asia,Upper middle income,2001,703.67,66.04,8111200
Azerbaijan,AZE,Europe & Central Asia,Upper middle income,2002,763.11,66.77,8171950
Azerbaijan,AZE,Europe & Central Asia,Upper middle income,2003,883.69,67.04,8234100
Azerbaijan,AZE,Europe & Central Asia,Upper middle income,2004,1045.01,67.49,8306500
Azerbaijan,AZE,Europe & Central Asia,Upper middle income,2005,1578.37,67.71,8391850
Azerbaijan,AZE,Europe & Central Asia,Upper middle income,2006,2472.96,68.49,8484550
Azerbaijan,AZE,Europe & Central Asia,Upper middle income,2007,3851.33,68.66,8581300
Azerbaijan,AZE,Europe & Central Asia,Upper middle income,2008,5574.47,69.36,8763400
Azerbaijan,AZE,Europe & Central Asia,Upper middle income,2009,4950.40,69.87,8947243
Azerbaijan,AZE,Europe & Central Asia,Upper middle income,2010,5843.53,70.31,9054332
Azerbaijan,AZE,Europe & Central Asia,Upper middle income,2011,7189.82,70.56,9173082
Azerbaijan,AZE,Europe & Central Asia,Upper middle income,2012,7495.87,71.08,9295784
Azerbaijan,AZE,Europe & Central Asia,Upper middle income,2013,7875.35,71.48,9416801
Azerbaijan,AZE,Europe & Central Asia,Upper middle income,2014,7890.84,71.93,9535079
Azerbaijan,AZE,Europe & Central Asia,Upper middle income,2015,5500.50,72.35,9649341
Azerbaijan,AZE,Europe & Central Asia,Upper middle income,2016,3880.69,72.57,9757812
Azerbaijan,AZE,Europe & Central Asia,Upper middle income,2017,4147.20,72.69,9854033
Azerbaijan,AZE,Europe & Central Asia,Upper middle income,2018,4739.79,73.02,9939771
Azerbaijan,AZE,Europe & Central Asia,Upper middle income,2019,4805.75,73.29,10024283
Azerbaijan,AZE,Europe & Central Asia,Upper middle income,2020,4229.91,70.31,10093121
Azerbaijan,AZE,Europe & Central Asia,Upper middle income,2021,5408.05,71.00,10137750
Azerbaijan,AZE,Europe & Central Asia,Upper middle income,2022,7770.59,74.12,10141756
Azerbaijan,AZE,Europe & Central Asia,Upper middle income,2023,7133.03,74.43,10153958
"Bahamas, The",BHS,Latin America & Caribbean,High income,2000,24940.08,72.48,323835
"Bahamas, The",BHS,Latin America & Caribbean,High income,2001,25371.92,72.77,327836
"Bahamas, The",BHS,Latin America & Caribbean,High income,2002,26781.62,73.02,331614
"Bahamas, The",BHS,Latin America & Caribbean,High income,2003,26429.12,73.21,335618
"Bahamas, The",BHS,Latin America & Caribbean,High income,2004,26650.29,73.23,339782
"Bahamas, The",BHS,Latin America & Caribbean,High income,2005,28602.42,73.41,343894
"Bahamas, The",BHS,Latin America & Caribbean,High income,2006,29184.79,73.46,348375
"Bahamas, The",BHS,Latin America & Caribbean,High income,2007,30051.85,73.46,353334
"Bahamas, The",BHS,Latin America & Caribbean,High income,2008,29392.38,73.44,358120
"Bahamas, The",BHS,Latin America & Caribbean,High income,2009,27512.91,73.45,362810
"Bahamas, The",BHS,Latin America & Caribbean,High income,2010,27473.10,73.45,367478
"Bahamas, The",BHS,Latin America & Caribbean,High income,2011,27090.84,73.57,371729
"Bahamas, The",BHS,Latin America & Caribbean,High income,2012,28552.02,73.71,375469
"Bahamas, The",BHS,Latin America & Caribbean,High income,2013,27642.74,73.93,378953
"Bahamas, The",BHS,Latin America & Caribbean,High income,2014,29137.22,74.03,382298
"Bahamas, The",BHS,Latin America & Caribbean,High income,2015,30719.41,73.81,385346
"Bahamas, The",BHS,Latin America & Caribbean,High income,2016,30616.54,74.04,388055
"Bahamas, The",BHS,Latin America & Caribbean,High income,2017,31875.49,74.03,390485
"Bahamas, The",BHS,Latin America & Caribbean,High income,2018,32642.34,74.06,392717
"Bahamas, The",BHS,Latin America & Caribbean,High income,2019,33640.34,71.41,394675
"Bahamas, The",BHS,Latin America & Caribbean,High income,2020,26178.75,72.99,395863
"Bahamas, The",BHS,Latin America & Caribbean,High income,2021,30367.86,70.75,396373
"Bahamas, The",BHS,Latin America & Caribbean,High income,2022,34957.16,74.49,397538
"Bahamas, The",BHS,Latin America & Caribbean,High income,2023,38231.77,74.55,399440
Bahrain,BHR,Middle East & North Africa,High income,2000,14214.48,74.67,637582
Bahrain,BHR,Middle East & North Africa,High income,2001,13573.23,74.94,661316
Bahrain,BHR,Middle East & North Africa,High income,2002,13501.47,75.21,710553
Bahrain,BHR,Middle East & North Africa,High income,2003,14486.03,75.49,764517
Bahrain,BHR,Middle East & North Africa,High income,2004,15963.95,75.79,823741
Bahrain,BHR,Middle East & North Africa,High income,2005,17966.17,76.12,888822
Bahrain,BHR,Middle East & North Africa,High income,2006,19267.28,76.51,960424
Bahrain,BHR,Middle East & North Africa,High income,2007,20908.40,76.95,1039295
Bahrain,BHR,Middle East & North Africa,High income,2008,23299.50,77.46,1103496
Bahrain,BHR,Middle East & North Africa,High income,2009,19465.31,78.02,1178415
Bahrain,BHR,Middle East & North Africa,High income,2010,21819.33,78.59,1228543
Bahrain,BHR,Middle East & North Africa,High income,2011,25032.79,79.14,1195020
Bahrain,BHR,Middle East & North Africa,High income,2012,26438.67,79.62,1208964
Bahrain,BHR,Middle East & North Africa,High income,2013,26989.76,80.00,1253191
Bahrain,BHR,Middle East & North Africa,High income,2014,26451.80,80.21,1314562
Bahrain,BHR,Middle East & North Africa,High income,2015,23734.06,80.34,1370322
Bahrain,BHR,Middle East & North Africa,High income,2016,23800.00,80.41,1423726
Bahrain,BHR,Middle East & North Africa,High income,2017,24784.77,80.41,1501116
Bahrain,BHR,Middle East & North Africa,High income,2018,26324.41,80.41,1503091
Bahrain,BHR,Middle East & North Africa,High income,2019,27259.74,80.47,1483756
Bahrain,BHR,Middle East & North Africa,High income,2020,24342.84,78.68,1472204
Bahrain,BHR,Middle East & North Africa,High income,2021,27147.81,78.08,1504365
Bahrain,BHR,Middle East & North Africa,High income,2022,30470.52,80.99,1524693
Bahrain,BHR,Middle East & North Africa,High income,2023,29290.13,81.28,1577059
Bangladesh,BGD,South Asia,Lower middle income,2000,396.67,62.05,134544304
Bangladesh,BGD,South Asia,Lower middle income,2001,394.66,62.84,136805810
Bangladesh,BGD,South Asia,Lower middle income,2002,393.89,63.59,138933658
Bangladesh,BGD,South Asia,Lower middle income,2003,426.75,64.29,140970351
Bangladesh,BGD,South Asia,Lower middle income,2004,455.61,64.91,142902856
Bangladesh,BGD,South Asia,Lower middle income,2005,480.09,65.51,144715786
Bangladesh,BGD,South Asia,Lower middle income,2006,490.39,66.05,146405973
Bangladesh,BGD,South Asia,Lower middle income,2007,537.96,66.46,147989278
Bangladesh,BGD,South Asia,Lower middle income,2008,613.06,67.05,149474264
Bangladesh,BGD,South Asia,Lower middle income,2009,679.21,67.53,150873714
Bangladesh,BGD,South Asia,Lower middle income,2010,757.39,68.01,152201981
Bangladesh,BGD,South Asia,Lower middle income,2011,837.34,68.50,153591076
Bangladesh,BGD,South Asia,Lower middle income,2012,859.68,68.99,155070101
Bangladesh,BGD,South Asia,Lower middle income,2013,958.26,69.49,156532141
Bangladesh,BGD,South Asia,Lower middle income,2014,1094.46,70.02,157964929
Bangladesh,BGD,South Asia,Lower middle income,2015,1224.39,70.54,159383179
Bangladesh,BGD,South Asia,Lower middle income,2016,1649.28,71.08,160811932
Bangladesh,BGD,South Asia,Lower middle income,2017,1811.08,71.61,162186147
Bangladesh,BGD,South Asia,Lower middle income,2018,1965.24,72.12,163523103
Bangladesh,BGD,South Asia,Lower middle income,2019,2129.80,72.62,164913055
Bangladesh,BGD,South Asia,Lower middle income,2020,2248.85,71.42,166298024
Bangladesh,BGD,South Asia,Lower middle income,2021,2482.85,71.10,167658854
Bangladesh,BGD,South Asia,Lower middle income,2022,2716.49,74.27,169384897
Bangladesh,BGD,South Asia,Lower middle income,2023,2551.02,74.67,171466990
Barbados,BRB,Latin America & Caribbean,High income,2000,11674.67,74.58,262063
Barbados,BRB,Latin America & Caribbean,High income,2001,11639.52,74.71,262425
Barbados,BRB,Latin America & Caribbean,High income,2002,11760.45,74.82,264148
Barbados,BRB,Latin America & Caribbean,High income,2003,12075.96,74.86,265776
Barbados,BRB,Latin America & Caribbean,High income,2004,12886.37,75.15,267298
Barbados,BRB,Latin America & Caribbean,High income,2005,14214.42,74.96,268706
Barbados,BRB,Latin America & Caribbean,High income,2006,15619.60,75.05,270002
Barbados,BRB,Latin America & Caribbean,High income,2007,17235.44,75.26,271288
Barbados,BRB,Latin America & Caribbean,High income,2008,17565.69,75.30,272714
Barbados,BRB,Latin America & Caribbean,High income,2009,16294.91,75.46,274123
Barbados,BRB,Latin America & Caribbean,High income,2010,20610.52,75.49,275243
Barbados,BRB,Latin America & Caribbean,High income,2011,20508.15,75.60,276139
Barbados,BRB,Latin America & Caribbean,High income,2012,20804.12,75.74,276938
Barbados,BRB,Latin America & Caribbean,High income,2013,20410.21,75.82,277665
Barbados,BRB,Latin America & Caribbean,High income,2014,20192.71,75.93,278348
Barbados,BRB,Latin America & Caribbean,High income,2015,20424.21,76.06,278990
Barbados,BRB,Latin America & Caribbean,High income,2016,20295.57,76.17,279598
Barbados,BRB,Latin America & Caribbean,High income,2017,20284.58,76.24,280171
Barbados,BRB,Latin America & Caribbean,High income,2018,21381.24,76.38,280711
Barbados,BRB,Latin America & Caribbean,High income,2019,21912.15,76.50,281207
Barbados,BRB,Latin America & Caribbean,High income,2020,19194.49,76.65,281698
Barbados,BRB,Latin America & Caribbean,High income,2021,21079.61,76.58,282147
Barbados,BRB,Latin America & Caribbean,High income,2022,24387.04,75.68,282318
Barbados,BRB,Latin America & Caribbean,High income,2023,25583.88,76.18,282336
Belarus,BLR,Europe & Central Asia,Upper middle income,2000,1276.29,68.91,9979610
Belarus,BLR,Europe & Central Asia,Upper middle income,2001,1244.37,68.51,9928549
Belarus,BLR,Europe & Central Asia,Upper middle income,2002,1479.38,68.06,9865548
Belarus,BLR,Europe & Central Asia,Upper middle income,2003,1819.53,68.55,9796749
Belarus,BLR,Europe & Central Asia,Upper middle income,2004,2378.34,68.96,9730146
Belarus,BLR,Europe & Central Asia,Upper middle income,2005,3126.07,68.85,9663915
Belarus,BLR,Europe & Central Asia,Upper middle income,2006,3848.22,69.40,9604924
Belarus,BLR,Europe & Central Asia,Upper middle income,2007,4735.48,70.21,9560953
Belarus,BLR,Europe & Central Asia,Upper middle income,2008,6376.18,70.46,9527985
Belarus,BLR,Europe & Central Asia,Upper middle income,2009,5352.49,70.41,9504583
Belarus,BLR,Europe & Central Asia,Upper middle income,2010,6034.68,70.40,9483836
Belarus,BLR,Europe & Central Asia,Upper middle income,2011,6527.66,70.55,9461643
Belarus,BLR,Europe & Central Asia,Upper middle income,2012,6953.22,71.97,9446836
Belarus,BLR,Europe & Central Asia,Upper middle income,2013,7998.08,72.47,9443211
Belarus,BLR,Europe & Central Asia,Upper middle income,2014,8341.32,72.97,9448515
Belarus,BLR,Europe & Central Asia,Upper middle income,2015,5967.06,73.62,9461076
Belarus,BLR,Europe & Central Asia,Upper middle income,2016,5039.78,73.83,9469379
Belarus,BLR,Europe & Central Asia,Upper middle income,2017,5785.54,74.13,9458989
Belarus,BLR,Europe & Central Asia,Upper middle income,2018,6360.04,74.18,9438785
Belarus,BLR,Europe & Central Asia,Upper middle income,2019,6837.77,74.23,9419758
Belarus,BLR,Europe & Central Asia,Upper middle income,2020,6542.86,72.14,9379952
Belarus,BLR,Europe & Central Asia,Upper middle income,2021,7489.72,72.07,9302585
Belarus,BLR,Europe & Central Asia,Upper middle income,2022,7994.65,74.10,9228071
Belarus,BLR,Europe & Central Asia,Upper middle income,2023,7896.75,74.18,9178298
Belgium,BEL,Europe & Central Asia,High income,2000,23098.89,77.72,10251250
Belgium,BEL,Europe & Central Asia,High income,2001,23015.07,77.97,10286570
Belgium,BEL,Europe & Central Asia,High income,2002,25006.19,78.08,10332785
Belgium,BEL,Europe & Central Asia,High income,2003,30655.21,78.13,10376133
Belgium,BEL,Europe & Central Asia,High income,2004,35429.41,78.88,10421137
Belgium,BEL,Europe & Central Asia,High income,2005,36809.70,78.98,10478617
Belgium,BEL,Europe & Central Asia,High income,2006,38705.11,79.38,10547958
Belgium,BEL,Europe & Central Asia,High income,2007,44319.17,79.78,10625700
Belgium,BEL,Europe & Central Asia,High income,2008,48303.40,79.68,10709973
Belgium,BEL,Europe & Central Asia,High income,2009,44923.34,80.03,10796493
Belgium,BEL,Europe & Central Asia,High income,2010,44197.39,80.18,10895586
Belgium,BEL,Europe & Central Asia,High income,2011,47760.83,80.59,11038264
Belgium,BEL,Europe & Central Asia,High income,2012,44874.17,80.39,11106932
Belgium,BEL,Europe & Central Asia,High income,2013,46964.59,80.59,11159407
Belgium,BEL,Europe & Central Asia,High income,2014,47995.78,81.29,11209057
Belgium,BEL,Europe & Central Asia,High income,2015,40893.80,80.99,11274196
Belgium,BEL,Europe & Central Asia,High income,2016,41854.55,81.44,11331422
Belgium,BEL,Europe & Central Asia,High income,2017,44035.32,81.49,11375158
Belgium,BEL,Europe & Central Asia,High income,2018,47487.21,81.60,11427054
Belgium,BEL,Europe & Central Asia,High income,2019,46716.62,82.00,11488980
Belgium,BEL,Europe & Central Asia,High income,2020,45906.29,80.70,11538604
Belgium,BEL,Europe & Central Asia,High income,2021,51658.24,81.79,11586195
Belgium,BEL,Europe & Central Asia,High income,2022,50605.75,81.75,11680210
Belgium,BEL,Europe & Central Asia,High income,2023,55291.48,82.40,11779946
Belize,BLZ,Latin America & Caribbean,Upper middle income,2000,4726.51,68.91,240799
Belize,BLZ,Latin America & Caribbean,Upper middle income,2001,4718.78,68.94,248379
Belize,BLZ,Latin America & Caribbean,Upper middle income,2002,4858.86,69.53,256009
Belize,BLZ,Latin America & Caribbean,Upper middle income,2003,4959.74,69.82,263780
Belize,BLZ,Latin America & Caribbean,Upper middle income,2004,5153.71,70.15,271688
Belize,BLZ,Latin America & Caribbean,Upper middle income,2005,5270.41,70.33,279731
Belize,BLZ,Latin America & Caribbean,Upper middle income,2006,5524.78,70.53,287878
Belize,BLZ,Latin America & Caribbean,Upper middle income,2007,5762.21,70.65,296100
Belize,BLZ,Latin America & Caribbean,Upper middle income,2008,5711.81,70.67,304361
Belize,BLZ,Latin America & Caribbean,Upper middle income,2009,5399.67,70.81,312614
Belize,BLZ,Latin America & Caribbean,Upper middle income,2010,5461.41,70.88,320245
Belize,BLZ,Latin America & Caribbean,Upper middle income,2011,5596.05,70.97,327298
Belize,BLZ,Latin America & Caribbean,Upper middle income,2012,5732.67,71.13,334414
Belize,BLZ,Latin America & Caribbean,Upper middle income,2013,5957.35,71.28,341627
Belize,BLZ,Latin America & Caribbean,Upper middle income,2014,6128.12,71.44,348923
Belize,BLZ,Latin America & Caribbean,Upper middle income,2015,6154.62,71.65,356333
Belize,BLZ,Latin America & Caribbean,Upper middle income,2016,6140.87,71.84,364705
Belize,BLZ,Latin America & Caribbean,Upper middle income,2017,6071.85,72.06,373202
Belize,BLZ,Latin America & Caribbean,Upper middle income,2018,6011.99,72.32,380226
Belize,BLZ,Latin America & Caribbean,Upper middle income,2019,6171.61,72.58,385829
Belize,BLZ,Latin America & Caribbean,Upper middle income,2020,5238.54,71.58,390812
Belize,BLZ,Latin America & Caribbean,Upper middle income,2021,6142.99,70.92,395346
Belize,BLZ,Latin America & Caribbean,Upper middle income,2022,7068.22,72.19,402733
Belize,BLZ,Latin America & Caribbean,Upper middle income,2023,7424.76,73.57,411106
Benin,BEN,Sub-Saharan Africa,Lower middle income,2000,487.42,56.59,7221619
Benin,BEN,Sub-Saharan Africa,Lower middle income,2001,492.40,56.65,7445596
Benin,BEN,Sub-Saharan Africa,Lower middle income,2002,546.46,56.85,7675426
Benin,BEN,Sub-Saharan Africa,Lower middle income,2003,676.00,57.09,7913070
Benin,BEN,Sub-Saharan Africa,Lower middle income,2004,758.70,57.35,8159094
Benin,BEN,Sub-Saharan Africa,Lower middle income,2005,779.44,57.74,8426144
Benin,BEN,Sub-Saharan Africa,Lower middle income,2006,809.15,57.97,8693242
Benin,BEN,Sub-Saharan Africa,Lower middle income,2007,912.34,58.25,8953969
Benin,BEN,Sub-Saharan Africa,Lower middle income,2008,1060.60,58.10,9228466
Benin,BEN,Sub-Saharan Africa,Lower middle income,2009,1024.10,58.26,9509423
Benin,BEN,Sub-Saharan Africa,Lower middle income,2010,973.24,58.39,9797484
Benin,BEN,Sub-Saharan Africa,Lower middle income,2011,1059.41,58.46,10093623
Benin,BEN,Sub-Saharan Africa,Lower middle income,2012,1071.53,58.56,10397657
Benin,BEN,Sub-Saharan Africa,Lower middle income,2013,1168.93,58.86,10708834
Benin,BEN,Sub-Saharan Africa,Lower middle income,2014,1204.40,59.01,11030004
Benin,BEN,Sub-Saharan Africa,Lower middle income,2015,1002.42,59.12,11360681
Benin,BEN,Sub-Saharan Africa,Lower middle income,2016,1010.53,59.28,11697842
Benin,BEN,Sub-Saharan Africa,Lower middle income,2017,1054.97,59.53,12039780
Benin,BEN,Sub-Saharan Africa,Lower middle income,2018,1151.74,59.71,12383347
Benin,BEN,Sub-Saharan Africa,Lower middle income,2019,1130.82,59.89,12726755
Benin,BEN,Sub-Saharan Africa,Lower middle income,2020,1200.19,60.15,13070169
Benin,BEN,Sub-Saharan Africa,Lower middle income,2021,1318.65,59.61,13413417
Benin,BEN,Sub-Saharan Africa,Lower middle income,2022,1266.43,60.48,13759501
Benin,BEN,Sub-Saharan Africa,Lower middle income,2023,1394.18,60.77,14111034
Bermuda,BMU,North America,High income,2000,56542.96,78.25,61550
Bermuda,BMU,North America,High income,2001,59490.25,78.64,61867
Bermuda,BMU,North America,High income,2002,63358.57,78.84,62142
Bermuda,BMU,North America,High income,2003,67106.80,78.72,62386
Bermuda,BMU,North America,High income,2004,71692.16,78.90,62555
Bermuda,BMU,North America,High income,2005,77628.10,78.87,62711
Bermuda,BMU,North America,High income,2006,97781.46,78.87,62834
Bermuda,BMU,North America,High income,2007,107395.65,79.01,63010
Bermuda,BMU,North America,High income,2008,110268.56,79.10,63300
Bermuda,BMU,North America,High income,2009,104711.71,79.23,63565
Bermuda,BMU,North America,High income,2010,104111.82,79.41,63725
Bermuda,BMU,North America,High income,2011,99049.02,79.65,63733
Bermuda,BMU,North America,High income,2012,100213.49,79.85,63646
Bermuda,BMU,North America,High income,2013,101704.41,80.02,63574
Bermuda,BMU,North America,High income,2014,100961.58,80.20,63529
Bermuda,BMU,North America,High income,2015,104855.37,80.34,63464
Bermuda,BMU,North America,High income,2016,108747.36,80.48,63449
Bermuda,BMU,North America,High income,2017,112339.43,80.69,63578
Bermuda,BMU,North America,High income,2018,113204.82,80.99,63831
Bermuda,BMU,North America,High income,2019,115798.04,81.25,64107
Bermuda,BMU,North America,High income,2020,106976.55,81.46,64382
Bermuda,BMU,North America,High income,2021,112765.08,81.75,64648
Bermuda,BMU,North America,High income,2022,121613.94,82.06,64749
Bermuda,BMU,North America,High income,2023,132604.44,82.31,64698
Bhutan,BTN,South Asia,Lower middle income,2000,771.92,61.84,596863
Bhutan,BTN,South Asia,Lower middle income,2001,812.24,63.32,610794
Bhutan,BTN,South Asia,Lower middle income,2002,895.80,63.98,624409
Bhutan,BTN,South Asia,Lower middle income,2003,1022.38,64.66,637663
Bhutan,BTN,South Asia,Lower middle income,2004,1130.36,65.29,650544
Bhutan,BTN,South Asia,Lower middle income,2005,1299.95,65.88,661865
Bhutan,BTN,South Asia,Lower middle income,2006,1405.61,66.50,670799
Bhutan,BTN,South Asia,Lower middle income,2007,1850.42,67.15,678641
Bhutan,BTN,South Asia,Lower middle income,2008,1919.60,67.73,686351
Bhutan,BTN,South Asia,Lower middle income,2009,1918.40,68.16,693988
Bhutan,BTN,South Asia,Lower middle income,2010,2435.58,68.77,701632
Bhutan,BTN,South Asia,Lower middle income,2011,2787.98,69.28,709377
Bhutan,BTN,South Asia,Lower middle income,2012,2751.21,69.76,717279
Bhutan,BTN,South Asia,Lower middle income,2013,2679.95,70.16,725273
Bhutan,BTN,South Asia,Lower middle income,2014,2849.50,70.50,733139
Bhutan,BTN,South Asia,Lower middle income,2015,2954.04,70.80,740618
Bhutan,BTN,South Asia,Lower middle income,2016,3152.31,71.12,747866
Bhutan,BTN,South Asia,Lower middle income,2017,3435.29,71.41,754335
Bhutan,BTN,South Asia,Lower middle income,2018,3400.20,71.71,759759
Bhutan,BTN,South Asia,Lower middle income,2019,3576.88,72.00,764824
Bhutan,BTN,South Asia,Lower middle income,2020,3191.67,72.25,770006
Bhutan,BTN,South Asia,Lower middle income,2021,3570.61,72.45,775442
Bhutan,BTN,South Asia,Lower middle income,2022,3711.33,72.75,780914
Bhutan,BTN,South Asia,Lower middle income,2023,3831.33,72.97,786385
"Bolivia, Plurinational State of",BOL,Latin America & Caribbean,Lower middle income,2000,975.78,62.06,8606326
"Bolivia, Plurinational State of",BOL,Latin America & Caribbean,Lower middle income,2001,930.17,62.54,8752736
"Bolivia, Plurinational State of",BOL,Latin America & Caribbean,Lower middle income,2002,888.22,63.07,8900355
"Bolivia, Plurinational State of",BOL,Latin America & Caribbean,Lower middle income,2003,893.01,63.45,9050700
"Bolivia, Plurinational State of",BOL,Latin America & Caribbean,Lower middle income,2004,953.19,63.82,9204287
"Bolivia, Plurinational State of",BOL,Latin America & Caribbean,Lower middle income,2005,1020.12,64.18,9360754
"Bolivia, Plurinational State of",BOL,Latin America & Caribbean,Lower middle income,2006,1202.71,64.53,9521689
"Bolivia, Plurinational State of",BOL,Latin America & Caribbean,Lower middle income,2007,1354.55,64.94,9685960
"Bolivia, Plurinational State of",BOL,Latin America & Caribbean,Lower middle income,2008,1692.67,65.30,9850858
"Bolivia, Plurinational State of",BOL,Latin America & Caribbean,Lower middle income,2009,1731.18,65.66,10016275
"Bolivia, Plurinational State of",BOL,Latin America & Caribbean,Lower middle income,2010,1929.78,66.00,10182345
"Bolivia, Plurinational State of",BOL,Latin America & Caribbean,Lower middle income,2011,2315.52,66.28,10348929
"Bolivia, Plurinational State of",BOL,Latin America & Caribbean,Lower middle income,2012,2575.60,66.59,10515807
"Bolivia, Plurinational State of",BOL,Latin America & Caribbean,Lower middle income,2013,2870.02,66.78,10682608
"Bolivia, Plurinational State of",BOL,Latin America & Caribbean,Lower middle income,2014,3041.44,66.97,10848888
"Bolivia, Plurinational State of",BOL,Latin America & Caribbean,Lower middle income,2015,2996.01,67.20,11014705
"Bolivia, Plurinational State of",BOL,Latin America & Caribbean,Lower middle income,2016,3035.87,67.39,11180020
"Bolivia, Plurinational State of",BOL,Latin America & Caribbean,Lower middle income,2017,4048.40,67.54,11344587
"Bolivia, Plurinational State of",BOL,Latin America & Caribbean,Lower middle income,2018,4206.86,67.70,11508368
"Bolivia, Plurinational State of",BOL,Latin America & Caribbean,Lower middle income,2019,4203.15,67.82,11671386
"Bolivia, Plurinational State of",BOL,Latin America & Caribbean,Lower middle income,2020,3580.97,62.91,11816299
"Bolivia, Plurinational State of",BOL,Latin America & Caribbean,Lower middle income,2021,4010.76,61.43,11937360
"Bolivia, Plurinational State of",BOL,Latin America & Caribbean,Lower middle income,2022,4219.46,67.43,12077154
"Bolivia, Plurinational State of",BOL,Latin America & Caribbean,Lower middle income,2023,4274.71,68.58,12244159
Bosnia and Herzegovina,BIH,Europe & Central Asia,Upper middle income,2000,1338.48,75.29,4159771
Bosnia and Herzegovina,BIH,Europe & Central Asia,Upper middle income,2001,1387.89,75.57,4179438
Bosnia and Herzegovina,BIH,Europe & Central Asia,Upper middle income,2002,1606.55,75.99,4188002
Bosnia and Herzegovina,BIH,Europe & Central Asia,Upper middle income,2003,2033.95,76.45,4178523
Bosnia and Herzegovina,BIH,Europe & Central Asia,Upper middle income,2004,2452.69,76.49,4140987
Bosnia and Herzegovina,BIH,Europe & Central Asia,Upper middle income,2005,2739.61,76.42,4096493
Bosnia and Herzegovina,BIH,Europe & Central Asia,Upper middle income,2006,3166.13,76.03,4063272
Bosnia and Herzegovina,BIH,Europe & Central Asia,Upper middle income,2007,3931.49,76.16,4013424
Bosnia and Herzegovina,BIH,Europe & Central Asia,Upper middle income,2008,4841.69,76.30,3947544
Bosnia and Herzegovina,BIH,Europe & Central Asia,Upper middle income,2009,4539.92,76.70,3879794
Bosnia and Herzegovina,BIH,Europe & Central Asia,Upper middle income,2010,4506.48,76.83,3811472
Bosnia and Herzegovina,BIH,Europe & Central Asia,Upper middle income,2011,4982.69,76.96,3741798
Bosnia and Herzegovina,BIH,Europe & Central Asia,Upper middle income,2012,4693.79,77.04,3670113
Bosnia and Herzegovina,BIH,Europe & Central Asia,Upper middle income,2013,5034.57,77.13,3610859
Bosnia and Herzegovina,BIH,Europe & Central Asia,Upper middle income,2014,5206.07,77.09,3564829
Bosnia and Herzegovina,BIH,Europe & Central Asia,Upper middle income,2015,4662.26,77.07,3518541
Bosnia and Herzegovina,BIH,Europe & Central Asia,Upper middle income,2016,4928.57,77.12,3473003
Bosnia and Herzegovina,BIH,Europe & Central Asia,Upper middle income,2017,5345.02,77.39,3428682
Bosnia and Herzegovina,BIH,Europe & Central Asia,Upper middle income,2018,6047.85,77.94,3387000
Bosnia and Herzegovina,BIH,Europe & Central Asia,Upper middle income,2019,6122.38,77.39,3345533
Bosnia and Herzegovina,BIH,Europe & Central Asia,Upper middle income,2020,6130.31,76.04,3299349
Bosnia and Herzegovina,BIH,Europe & Central Asia,Upper middle income,2021,7295.34,74.57,3244907
Bosnia and Herzegovina,BIH,Europe & Central Asia,Upper middle income,2022,7655.59,76.78,3204802
Bosnia and Herzegovina,BIH,Europe & Central Asia,Upper middle income,2023,8663.02,77.85,3185073
Botswana,BWA,Sub-Saharan Africa,Upper middle income,2000,3450.81,52.26,1677382
Botswana,BWA,Sub-Saharan Africa,Upper middle income,2001,3206.07,52.21,1712254
Botswana,BWA,Sub-Saharan Africa,Upper middle income,2002,3117.25,52.37,1744763
Botswana,BWA,Sub-Saharan Africa,Upper middle income,2003,4230.12,52.85,1775736
Botswana,BWA,Sub-Saharan Africa,Upper middle income,2004,4956.69,53.57,1807146
Botswana,BWA,Sub-Saharan Africa,Upper middle income,2005,5391.07,54.39,1839877
Botswana,BWA,Sub-Saharan Africa,Upper middle income,2006,5291.58,55.11,1874516
Botswana,BWA,Sub-Saharan Africa,Upper middle income,2007,5529.13,56.73,1911201
Botswana,BWA,Sub-Saharan Africa,Upper middle income,2008,5503.07,57.66,1949970
Botswana,BWA,Sub-Saharan Africa,Upper middle income,2009,5082.93,58.30,1990673
Botswana,BWA,Sub-Saharan Africa,Upper middle income,2010,6215.73,59.14,2033111
Botswana,BWA,Sub-Saharan Africa,Upper middle income,2011,7287.38,59.72,2073535
Botswana,BWA,Sub-Saharan Africa,Upper middle income,2012,6595.54,60.38,2108617
Botswana,BWA,Sub-Saharan Africa,Upper middle income,2013,6666.91,61.22,2140682
Botswana,BWA,Sub-Saharan Africa,Upper middle income,2014,7122.36,62.17,2172044
Botswana,BWA,Sub-Saharan Africa,Upper middle income,2015,6141.20,63.22,2203273
Botswana,BWA,Sub-Saharan Africa,Upper middle income,2016,6749.06,64.32,2234776
Botswana,BWA,Sub-Saharan Africa,Upper middle income,2017,7104.96,65.42,2266747
Botswana,BWA,Sub-Saharan Africa,Upper middle income,2018,7407.96,66.37,2299141
Botswana,BWA,Sub-Saharan Africa,Upper middle income,2019,7172.09,67.17,2332083
Botswana,BWA,Sub-Saharan Africa,Upper middle income,2020,6323.30,67.64,2365894
Botswana,BWA,Sub-Saharan Africa,Upper middle income,2021,7807.89,63.30,2401441
Botswana,BWA,Sub-Saharan Africa,Upper middle income,2022,8328.71,68.75,2439892
Botswana,BWA,Sub-Saharan Africa,Upper middle income,2023,7826.35,69.16,2480244
Brazil,BRA,Latin America & Caribbean,Upper middle income,2000,3766.55,69.58,174018282
Brazil,BRA,Latin America & Caribbean,Upper middle income,2001,3176.29,69.98,176301203
Brazil,BRA,Latin America & Caribbean,Upper middle income,2002,2855.94,70.40,178503484
Brazil,BRA,Latin America & Caribbean,Upper middle income,2003,3090.61,70.88,180622688
Brazil,BRA,Latin America & Caribbean,Upper middle income,2004,3663.82,71.36,182675143
Brazil,BRA,Latin America & Caribbean,Upper middle income,2005,4827.78,71.83,184688101
Brazil,BRA,Latin America & Caribbean,Upper middle income,2006,5934.15,72.30,186653106
Brazil,BRA,Latin America & Caribbean,Upper middle income,2007,7409.69,72.73,188552320
Brazil,BRA,Latin America & Caribbean,Upper middle income,2008,8908.33,73.11,190367302
Brazil,BRA,Latin America & Caribbean,Upper middle income,2009,8678.66,73.46,192079951
Brazil,BRA,Latin America & Caribbean,Upper middle income,2010,11403.28,73.78,193701929
Brazil,BRA,Latin America & Caribbean,Upper middle income,2011,13396.63,74.05,195284734
Brazil,BRA,Latin America & Caribbean,Upper middle income,2012,12521.72,74.33,196876111
Brazil,BRA,Latin America & Caribbean,Upper middle income,2013,12458.89,74.61,198478299
Brazil,BRA,Latin America & Caribbean,Upper middle income,2014,12274.99,74.82,200085127
Brazil,BRA,Latin America & Caribbean,Upper middle income,2015,8936.20,75.11,201675532
Brazil,BRA,Latin America & Caribbean,Upper middle income,2016,8836.29,75.08,203218114
Brazil,BRA,Latin America & Caribbean,Upper middle income,2017,10080.51,75.38,204703445
Brazil,BRA,Latin America & Caribbean,Upper middle income,2018,9300.66,75.63,206107261
Brazil,BRA,Latin America & Caribbean,Upper middle income,2019,9029.83,75.81,207455459
Brazil,BRA,Latin America & Caribbean,Upper middle income,2020,7074.19,74.51,208660842
Brazil,BRA,Latin America & Caribbean,Upper middle income,2021,7972.54,73.04,209550294
Brazil,BRA,Latin America & Caribbean,Upper middle income,2022,9281.33,74.87,210306415
Brazil,BRA,Latin America & Caribbean,Upper middle income,2023,10377.59,75.85,211140729
Brunei Darussalam,BRN,East Asia & Pacific,High income,2000,20130.26,74.02,326424
Brunei Darussalam,BRN,East Asia & Pacific,High income,2001,18287.83,74.21,333345
Brunei Darussalam,BRN,East Asia & Pacific,High income,2002,18621.29,74.36,340099
Brunei Darussalam,BRN,East Asia & Pacific,High income,2003,20677.90,74.51,346637
Brunei Darussalam,BRN,East Asia & Pacific,High income,2004,24423.09,74.60,352911
Brunei Darussalam,BRN,East Asia & Pacific,High income,2005,29386.27,74.68,358916
Brunei Darussalam,BRN,East Asia & Pacific,High income,2006,34674.80,74.75,364663
Brunei Darussalam,BRN,East Asia & Pacific,High income,2007,36217.33,74.79,370873
Brunei Darussalam,BRN,East Asia & Pacific,High income,2008,42156.57,74.81,377793
Brunei Darussalam,BRN,East Asia & Pacific,High income,2009,30946.47,74.81,384952
Brunei Darussalam,BRN,East Asia & Pacific,High income,2010,34937.56,74.82,392332
Brunei Darussalam,BRN,East Asia & Pacific,High income,2011,46382.83,74.83,399389
Brunei Darussalam,BRN,East Asia & Pacific,High income,2012,46968.60,74.84,405557
Brunei Darussalam,BRN,East Asia & Pacific,High income,2013,44003.06,74.85,411202
Brunei Darussalam,BRN,East Asia & Pacific,High income,2014,41026.51,74.86,416750
Brunei Darussalam,BRN,East Asia & Pacific,High income,2015,30625.13,74.88,422212
Brunei Darussalam,BRN,East Asia & Pacific,High income,2016,26663.30,74.91,427564
Brunei Darussalam,BRN,East Asia & Pacific,High income,2017,28024.38,74.94,432772
Brunei Darussalam,BRN,East Asia & Pacific,High income,2018,30988.12,74.99,437810
Brunei Darussalam,BRN,East Asia & Pacific,High income,2019,30426.57,75.05,442680
Brunei Darussalam,BRN,East Asia & Pacific,High income,2020,26834.36,75.11,447404
Brunei Darussalam,BRN,East Asia & Pacific,High income,2021,31006.96,74.87,451721
Brunei Darussalam,BRN,East Asia & Pacific,High income,2022,36632.93,72.92,455370
Brunei Darussalam,BRN,East Asia & Pacific,High income,2023,32890.55,75.33,458949
Bulgaria,BGR,Europe & Central Asia,High income,2000,1621.26,71.66,8170172
Bulgaria,BGR,Europe & Central Asia,High income,2001,1770.91,71.77,8009142
Bulgaria,BGR,Europe & Central Asia,High income,2002,2092.98,71.87,7837161
Bulgaria,BGR,Europe & Central Asia,High income,2003,2719.49,72.07,7775327
Bulgaria,BGR,Europe & Central Asia,High income,2004,3389.69,72.56,7716860
Bulgaria,BGR,Europe & Central Asia,High income,2005,3899.83,72.56,7658972
Bulgaria,BGR,Europe & Central Asia,High income,2006,4523.15,72.61,7601022
Bulgaria,BGR,Europe & Central Asia,High income,2007,5888.57,72.66,7545338
Bulgaria,BGR,Europe & Central Asia,High income,2008,7271.30,72.96,7492561
Bulgaria,BGR,Europe & Central Asia,High income,2009,6988.27,73.41,7444443
Bulgaria,BGR,Europe & Central Asia,High income,2010,6853.95,73.51,7395599
Bulgaria,BGR,Europe & Central Asia,High income,2011,7849.58,74.16,7348328
Bulgaria,BGR,Europe & Central Asia,High income,2012,7431.96,74.31,7305888
Bulgaria,BGR,Europe & Central Asia,High income,2013,7795.98,74.86,7160005
Bulgaria,BGR,Europe & Central Asia,High income,2014,8069.60,74.47,7073572
Bulgaria,BGR,Europe & Central Asia,High income,2015,7268.65,74.61,6984225
Bulgaria,BGR,Europe & Central Asia,High income,2016,7822.50,74.81,6894139
Bulgaria,BGR,Europe & Central Asia,High income,2017,8696.69,74.81,6803468
Bulgaria,BGR,Europe & Central Asia,High income,2018,9849.38,74.96,6710798
Bulgaria,BGR,Europe & Central Asia,High income,2019,10353.72,75.11,6616726
Bulgaria,BGR,Europe & Central Asia,High income,2020,10760.21,73.36,6550696
Bulgaria,BGR,Europe & Central Asia,High income,2021,12966.15,71.21,6507301
Bulgaria,BGR,Europe & Central Asia,High income,2022,13999.19,74.16,6465097
Bulgaria,BGR,Europe & Central Asia,High income,2023,15853.21,75.76,6446596
Burkina Faso,BFA,Sub-Saharan Africa,Low income,2000,248.91,50.81,11925546
Burkina Faso,BFA,Sub-Saharan Africa,Low income,2001,259.49,51.19,12295001
Burkina Faso,BFA,Sub-Saharan Africa,Low income,2002,285.65,51.45,12680897
Burkina Faso,BFA,Sub-Saharan Africa,Low income,2003,362.37,51.96,13082532
Burkina Faso,BFA,Sub-Saharan Africa,Low income,2004,403.81,52.60,13500533
Burkina Faso,BFA,Sub-Saharan Africa,Low income,2005,441.16,53.27,13932123
Burkina Faso,BFA,Sub-Saharan Africa,Low income,2006,455.51,53.78,14373707
Burkina Faso,BFA,Sub-Saharan Africa,Low income,2007,514.68,54.38,14816307
Burkina Faso,BFA,Sub-Saharan Africa,Low income,2008,619.44,55.20,15258093
Burkina Faso,BFA,Sub-Saharan Africa,Low income,2009,601.57,55.79,15710066
Burkina Faso,BFA,Sub-Saharan Africa,Low income,2010,624.96,56.34,16176498
Burkina Faso,BFA,Sub-Saharan Africa,Low income,2011,725.02,57.00,16661908
Burkina Faso,BFA,Sub-Saharan Africa,Low income,2012,731.47,57.46,17172287
Burkina Faso,BFA,Sub-Saharan Africa,Low income,2013,759.76,57.90,17695409
Burkina Faso,BFA,Sub-Saharan Africa,Low income,2014,764.86,58.33,18229461
Burkina Faso,BFA,Sub-Saharan Africa,Low income,2015,630.12,58.78,18777487
Burkina Faso,BFA,Sub-Saharan Africa,Low income,2016,663.74,59.17,19334856
Burkina Faso,BFA,Sub-Saharan Africa,Low income,2017,709.09,59.58,19894407
Burkina Faso,BFA,Sub-Saharan Africa,Low income,2018,777.47,59.97,20438288
Burkina Faso,BFA,Sub-Saharan Africa,Low income,2019,764.85,60.18,20961952
Burkina Faso,BFA,Sub-Saharan Africa,Low income,2020,825.24,60.45,21478690
Burkina Faso,BFA,Sub-Saharan Africa,Low income,2021,895.54,60.05,21995243
Burkina Faso,BFA,Sub-Saharan Africa,Low income,2022,827.33,60.70,22509038
Burkina Faso,BFA,Sub-Saharan Africa,Low income,2023,873.48,61.09,23025776
Burundi,BDI,Sub-Saharan Africa,Low income,2000,134.54,47.62,6470194
Burundi,BDI,Sub-Saharan Africa,Low income,2001,132.16,48.51,6634365
Burundi,BDI,Sub-Saharan Africa,Low income,2002,120.95,49.92,6824132
Burundi,BDI,Sub-Saharan Africa,Low income,2003,111.41,51.00,7043154
Burundi,BDI,Sub-Saharan Africa,Low income,2004,125.19,52.22,7310656
Burundi,BDI,Sub-Saharan Africa,Low income,2005,147.23,53.05,7587299
Burundi,BDI,Sub-Saharan Africa,Low income,2006,161.89,53.96,7865547
Burundi,BDI,Sub-Saharan Africa,Low income,2007,166.16,54.83,8161874
Burundi,BDI,Sub-Saharan Africa,Low income,2008,189.50,55.58,8505637
Burundi,BDI,Sub-Saharan Africa,Low income,2009,198.43,56.42,8947646
Burundi,BDI,Sub-Saharan Africa,Low income,2010,216.73,57.09,9376444
Burundi,BDI,Sub-Saharan Africa,Low income,2011,230.07,57.80,9717978
Burundi,BDI,Sub-Saharan Africa,Low income,2012,231.10,58.50,10071028
Burundi,BDI,Sub-Saharan Africa,Low income,2013,234.84,59.18,10439341
Burundi,BDI,Sub-Saharan Africa,Low income,2014,250.54,59.76,10799785
Burundi,BDI,Sub-Saharan Africa,Low income,2015,254.40,60.11,11047580
Burundi,BDI,Sub-Saharan Africa,Low income,2016,232.94,60.79,11239451
Burundi,BDI,Sub-Saharan Africa,Low income,2017,246.06,61.34,11506762
Burundi,BDI,Sub-Saharan Africa,Low income,2018,245.66,61.81,11859446
Burundi,BDI,Sub-Saharan Africa,Low income,2019,234.31,62.18,12255336
Burundi,BDI,Sub-Saharan Africa,Low income,2020,255.83,62.57,12617036
Burundi,BDI,Sub-Saharan Africa,Low income,2021,264.98,62.10,12965481
Burundi,BDI,Sub-Saharan Africa,Low income,2022,302.99,62.88,13321097
Burundi,BDI,Sub-Saharan Africa,Low income,2023,250.63,63.65,13689450
Cabo Verde,CPV,Sub-Saharan Africa,Upper middle income,2000,1189.51,68.12,453317
Cabo Verde,CPV,Sub-Saharan Africa,Upper middle income,2001,1223.33,68.71,460293
Cabo Verde,CPV,Sub-Saharan Africa,Upper middle income,2002,1328.58,69.45,467046
Cabo Verde,CPV,Sub-Saharan Africa,Upper middle income,2003,1717.98,70.01,473383
Cabo Verde,CPV,Sub-Saharan Africa,Upper middle income,2004,1929.49,70.50,479370
Cabo Verde,CPV,Sub-Saharan Africa,Upper middle income,2005,2004.15,70.94,485115
Cabo Verde,CPV,Sub-Saharan Africa,Upper middle income,2006,2257.00,71.34,490728
Cabo Verde,CPV,Sub-Saharan Africa,Upper middle income,2007,3324.58,71.49,496190
Cabo Verde,CPV,Sub-Saharan Africa,Upper middle income,2008,3908.65,71.89,501355
Cabo Verde,CPV,Sub-Saharan Africa,Upper middle income,2009,3659.72,72.14,506141
Cabo Verde,CPV,Sub-Saharan Africa,Upper middle income,2010,3579.46,72.51,509784
Cabo Verde,CPV,Sub-Saharan Africa,Upper middle income,2011,4002.01,72.91,511447
Cabo Verde,CPV,Sub-Saharan Africa,Upper middle income,2012,3736.82,73.31,511955
Cabo Verde,CPV,Sub-Saharan Africa,Upper middle income,2013,3960.98,73.48,512225
Cabo Verde,CPV,Sub-Saharan Africa,Upper middle income,2014,3985.61,73.79,512326
Cabo Verde,CPV,Sub-Saharan Africa,Upper middle income,2015,3415.06,74.10,512394
Cabo Verde,CPV,Sub-Saharan Africa,Upper middle income,2016,3608.97,74.35,512554
Cabo Verde,CPV,Sub-Saharan Africa,Upper middle income,2017,3893.10,74.71,512893
Cabo Verde,CPV,Sub-Saharan Africa,Upper middle income,2018,4294.97,74.84,513415
Cabo Verde,CPV,Sub-Saharan Africa,Upper middle income,2019,4380.78,75.45,514104
Cabo Verde,CPV,Sub-Saharan Africa,Upper middle income,2020,3539.23,73.82,514679
Cabo Verde,CPV,Sub-Saharan Africa,Upper middle income,2021,3971.44,74.42,516649
Cabo Verde,CPV,Sub-Saharan Africa,Upper middle income,2022,4323.31,75.91,519741
Cabo Verde,CPV,Sub-Saharan Africa,Upper middle income,2023,4794.90,76.06,522331
Cambodia,KHM,East Asia & Pacific,Lower middle income,2000,296.43,59.49,12462336
Cambodia,KHM,East Asia & Pacific,Lower middle income,2001,327.50,60.46,12658484
Cambodia,KHM,East Asia & Pacific,Lower middle income,2002,350.15,61.40,12855241
Cambodia,KHM,East Asia & Pacific,Lower middle income,2003,386.69,62.34,13050968
Cambodia,KHM,East Asia & Pacific,Lower middle income,2004,444.20,63.26,13244731
Cambodia,KHM,East Asia & Pacific,Lower middle income,2005,525.80,64.11,13439202
Cambodia,KHM,East Asia & Pacific,Lower middle income,2006,612.25,64.89,13639028
Cambodia,KHM,East Asia & Pacific,Lower middle income,2007,731.69,65.55,13841770
Cambodia,KHM,East Asia & Pacific,Lower middle income,2008,866.28,66.15,14053479
Cambodia,KHM,East Asia & Pacific,Lower middle income,2009,875.75,66.75,14276810
Cambodia,KHM,East Asia & Pacific,Lower middle income,2010,952.27,67.31,14500726
Cambodia,KHM,East Asia & Pacific,Lower middle income,2011,1088.98,67.87,14722584
Cambodia,KHM,East Asia & Pacific,Lower middle income,2012,1192.80,68.37,14945085
Cambodia,KHM,East Asia & Pacific,Lower middle income,2013,1305.66,68.75,15170208
Cambodia,KHM,East Asia & Pacific,Lower middle income,2014,1431.56,69.12,15396772
Cambodia,KHM,East Asia & Pacific,Lower middle income,2015,1547.32,69.40,15623251
Cambodia,KHM,East Asia & Pacific,Lower middle income,2016,1675.20,69.64,15852803
Cambodia,KHM,East Asia & Pacific,Lower middle income,2017,1826.35,69.84,16073372
Cambodia,KHM,East Asia & Pacific,Lower middle income,2018,2036.67,69.99,16274522
Cambodia,KHM,East Asia & Pacific,Lower middle income,2019,2225.88,70.13,16481304
Cambodia,KHM,East Asia & Pacific,Lower middle income,2020,2081.74,70.06,16725474
Cambodia,KHM,East Asia & Pacific,Lower middle income,2021,2167.40,69.30,16974305
Cambodia,KHM,East Asia & Pacific,Lower middle income,2022,2325.03,70.53,17201724
Cambodia,KHM,East Asia & Pacific,Lower middle income,2023,2429.75,70.67,17423880
Cameroon,CMR,Sub-Saharan Africa,Lower middle income,2000,708.57,53.34,14912631
Cameroon,CMR,Sub-Saharan Africa,Lower middle income,2001,715.47,53.60,15309490
Cameroon,CMR,Sub-Saharan Africa,Lower middle income,2002,789.62,53.92,15725528
Cameroon,CMR,Sub-Saharan Africa,Lower middle income,2003,988.24,54.25,16160340
Cameroon,CMR,Sub-Saharan Africa,Lower middle income,2004,1133.39,54.58,16610487
Cameroon,CMR,Sub-Saharan Africa,Lower middle income,2005,1142.62,54.90,17074594
Cameroon,CMR,Sub-Saharan Africa,Lower middle income,2006,1191.45,55.30,17550407
Cameroon,CMR,Sub-Saharan Africa,Lower middle income,2007,1325.67,55.71,18049896
Cameroon,CMR,Sub-Saharan Africa,Lower middle income,2008,1492.14,56.12,18574056
Cameroon,CMR,Sub-Saharan Africa,Lower middle income,2009,1461.39,56.49,19113974
Cameroon,CMR,Sub-Saharan Africa,Lower middle income,2010,1398.59,56.97,19668066
Cameroon,CMR,Sub-Saharan Africa,Lower middle income,2011,1513.96,57.48,20232304
Cameroon,CMR,Sub-Saharan Africa,Lower middle income,2012,1449.10,58.17,20809529
Cameroon,CMR,Sub-Saharan Africa,Lower middle income,2013,1575.93,58.73,21402376
Cameroon,CMR,Sub-Saharan Africa,Lower middle income,2014,1649.44,59.13,22059893
Cameroon,CMR,Sub-Saharan Africa,Lower middle income,2015,1415.00,59.69,22763414
Cameroon,CMR,Sub-Saharan Africa,Lower middle income,2016,1441.72,60.29,23454161
Cameroon,CMR,Sub-Saharan Africa,Lower middle income,2017,1496.09,60.82,24128601
Cameroon,CMR,Sub-Saharan Africa,Lower middle income,2018,1610.70,61.19,24806383
Cameroon,CMR,Sub-Saharan Africa,Lower middle income,2019,1555.23,61.70,25506095
Cameroon,CMR,Sub-Saharan Africa,Lower middle income,2020,1555.60,61.67,26210558
Cameroon,CMR,Sub-Saharan Africa,Lower middle income,2021,1672.33,61.15,26915758
Cameroon,CMR,Sub-Saharan Africa,Lower middle income,2022,1604.88,62.44,27632771
Cameroon,CMR,Sub-Saharan Africa,Lower middle income,2023,1720.48,63.70,28372687
Canada,CAN,North America,High income,2000,24271.00,79.17,30685730
Canada,CAN,North America,High income,2001,23822.10,79.40,31020855
Canada,CAN,North America,High income,2002,24256.02,79.53,31359199
Canada,CAN,North America,High income,2003,28301.86,79.72,31642461
Canada,CAN,North America,High income,2004,32145.54,79.99,31938807
Canada,CAN,North America,High income,2005,36383.66,80.11,32242732
Canada,CAN,North America,High income,2006,40504.04,80.54,32571193
Canada,CAN,North America,High income,2007,44660.08,80.54,32888886
Canada,CAN,North America,High income,2008,46710.25,80.72,33247298
Canada,CAN,North America,High income,2009,40874.88,81.07,33630069
Canada,CAN,North America,High income,2010,47560.67,81.32,34005902
Canada,CAN,North America,High income,2011,52223.86,81.48,34339221
Canada,CAN,North America,High income,2012,52670.34,81.66,34713395
Canada,CAN,North America,High income,2013,52638.12,81.74,35080992
Canada,CAN,North America,High income,2014,50960.84,81.78,35434066
Canada,CAN,North America,High income,2015,43594.19,81.83,35704498
Canada,CAN,North America,High income,2016,42314.06,81.94,36110803
Canada,CAN,North America,High income,2017,45129.63,81.81,36545075
Canada,CAN,North America,High income,2018,46539.18,81.80,37072620
Canada,CAN,North America,High income,2019,46352.87,82.16,37618495
Canada,CAN,North America,High income,2020,43537.84,81.53,38028638
Canada,CAN,North America,High income,2021,52886.66,81.45,38239864
Canada,CAN,North America,High income,2022,56256.80,81.09,38935934
Canada,CAN,North America,High income,2023,54220.33,81.63,40083484
Cayman Islands,CYM,Latin America & Caribbean,High income,2006,87085.09,75.00,48232
Cayman Islands,CYM,Latin America & Caribbean,High income,2007,89888.26,75.15,49687
Cayman Islands,CYM,Latin America & Caribbean,High income,2008,89655.12,75.39,51151
Cayman Islands,CYM,Latin America & Caribbean,High income,2009,81373.57,75.67,52618
Cayman Islands,CYM,Latin America & Caribbean,High income,2010,76837.67,76.07,54099
Cayman Islands,CYM,Latin America & Caribbean,High income,2011,75280.96,76.56,55606
Cayman Islands,CYM,Latin America & Caribbean,High income,2012,75101.59,77.12,57136
Cayman Islands,CYM,Latin America & Caribbean,High income,2013,75113.73,77.65,58655
Cayman Islands,CYM,Latin America & Caribbean,High income,2014,75845.31,77.86,60160
Cayman Islands,CYM,Latin America & Caribbean,High income,2015,76379.21,78.12,61642
Cayman Islands,CYM,Latin America & Caribbean,High income,2016,77802.25,78.37,63100
Cayman Islands,CYM,Latin America & Caribbean,High income,2017,80053.94,78.61,64535
Cayman Islands,CYM,Latin America & Caribbean,High income,2018,83865.55,78.83,65941
Cayman Islands,CYM,Latin America & Caribbean,High income,2019,88254.29,79.05,67327
Cayman Islands,CYM,Latin America & Caribbean,High income,2020,82338.80,79.23,68684
Cayman Islands,CYM,Latin America & Caribbean,High income,2021,86449.67,79.30,70108
Cayman Islands,CYM,Latin America & Caribbean,High income,2022,93030.71,79.98,71591
Cayman Islands,CYM,Latin America & Caribbean,High income,2023,99143.52,80.36,73038
Central African Republic,CAF,Sub-Saharan Africa,Low income,2000,239.15,46.61,3833416
Central African Republic,CAF,Sub-Saharan Africa,Low income,2001,237.95,46.73,3919487
Central African Republic,CAF,Sub-Saharan Africa,Low income,2002,248.64,46.84,4006077
Central African Republic,CAF,Sub-Saharan Africa,Low income,2003,278.40,47.31,4103086
Central African Republic,CAF,Sub-Saharan Africa,Low income,2004,303.46,47.70,4192826
Central African Republic,CAF,Sub-Saharan Africa,Low income,2005,311.95,48.21,4288810
Central African Republic,CAF,Sub-Saharan Africa,Low income,2006,333.94,48.69,4377579
Central African Republic,CAF,Sub-Saharan Africa,Low income,2007,380.89,49.33,4462770
Central African Republic,CAF,Sub-Saharan Africa,Low income,2008,437.25,49.87,4558984
Central African Republic,CAF,Sub-Saharan Africa,Low income,2009,456.47,14.66,4529047
Central African Republic,CAF,Sub-Saharan Africa,Low income,2010,476.87,46.87,4492995
Central African Republic,CAF,Sub-Saharan Africa,Low income,2011,534.06,50.11,4565021
Central African Republic,CAF,Sub-Saharan Africa,Low income,2012,544.40,51.34,4610848
Central African Republic,CAF,Sub-Saharan Africa,Low income,2013,364.37,49.49,4642419
Central African Republic,CAF,Sub-Saharan Africa,Low income,2014,409.85,40.27,4623182
Central African Republic,CAF,Sub-Saharan Africa,Low income,2015,366.32,51.93,4629320
Central African Republic,CAF,Sub-Saharan Africa,Low income,2016,387.18,51.00,4713663
Central African Republic,CAF,Sub-Saharan Africa,Low income,2017,432.32,45.23,4793511
Central African Republic,CAF,Sub-Saharan Africa,Low income,2018,455.24,52.30,4878657
Central African Republic,CAF,Sub-Saharan Africa,Low income,2019,449.23,31.53,4944703
Central African Republic,CAF,Sub-Saharan Africa,Low income,2020,462.88,50.60,5026628
Central African Republic,CAF,Sub-Saharan Africa,Low income,2021,492.26,40.28,5112100
Central African Republic,CAF,Sub-Saharan Africa,Low income,2022,467.36,18.82,5098039
Central African Republic,CAF,Sub-Saharan Africa,Low income,2023,495.98,57.41,5152421
Chad,TCD,Sub-Saharan Africa,Low income,2000,163.12,47.94,8512093
Chad,TCD,Sub-Saharan Africa,Low income,2001,194.32,48.31,8804124
Chad,TCD,Sub-Saharan Africa,Low income,2002,219.06,48.36,9116192
Chad,TCD,Sub-Saharan Africa,Low income,2003,289.09,48.61,9487833
Chad,TCD,Sub-Saharan Africa,Low income,2004,445.85,48.69,9920036
Chad,TCD,Sub-Saharan Africa,Low income,2005,838.09,48.86,10328092
Chad,TCD,Sub-Saharan Africa,Low income,2006,906.90,48.75,10706424
Chad,TCD,Sub-Saharan Africa,Low income,2007,980.48,49.21,11081660
Chad,TCD,Sub-Saharan Africa,Low income,2008,1166.37,49.50,11476296
Chad,TCD,Sub-Saharan Africa,Low income,2009,1035.64,49.83,11893754
Chad,TCD,Sub-Saharan Africa,Low income,2010,1141.80,50.11,12312575
Chad,TCD,Sub-Saharan Africa,Low income,2011,1308.14,50.43,12754997
Chad,TCD,Sub-Saharan Africa,Low income,2012,1354.34,50.77,13210998
Chad,TCD,Sub-Saharan Africa,Low income,2013,1304.89,51.05,13691079
Chad,TCD,Sub-Saharan Africa,Low income,2014,1278.79,51.14,14188678
Chad,TCD,Sub-Saharan Africa,Low income,2015,993.99,51.32,14647621
Chad,TCD,Sub-Saharan Africa,Low income,2016,861.83,51.60,15114655
Chad,TCD,Sub-Saharan Africa,Low income,2017,854.46,51.88,15622759
Chad,TCD,Sub-Saharan Africa,Low income,2018,948.66,52.45,16156531
Chad,TCD,Sub-Saharan Africa,Low income,2019,893.34,52.99,16685223
Chad,TCD,Sub-Saharan Africa,Low income,2020,866.95,53.08,17224679
Chad,TCD,Sub-Saharan Africa,Low income,2021,946.36,53.14,17828273
Chad,TCD,Sub-Saharan Africa,Low income,2022,966.04,54.53,18455316
Chad,TCD,Sub-Saharan Africa,Low income,2023,949.33,55.07,19319064
Channel Islands,CHI,Europe & Central Asia,High income,2000,43479.19,78.80,148110
Channel Islands,CHI,Europe & Central Asia,High income,2001,41873.74,79.00,148850
Channel Islands,CHI,Europe & Central Asia,High income,2002,44459.73,79.10,149881
Channel Islands,CHI,Europe & Central Asia,High income,2003,48570.78,79.40,150960
Channel Islands,CHI,Europe & Central Asia,High income,2004,56259.53,79.80,152039
Channel Islands,CHI,Europe & Central Asia,High income,2005,57647.12,80.10,153126
Channel Islands,CHI,Europe & Central Asia,High income,2006,62745.10,80.40,154214
Channel Islands,CHI,Europe & Central Asia,High income,2007,74139.98,80.60,155309
Channel Islands,CHI,Europe & Central Asia,High income,2009,57778.54,81.00,157511
Channel Islands,CHI,Europe & Central Asia,High income,2010,56123.46,81.20,158621
Channel Islands,CHI,Europe & Central Asia,High income,2011,60415.26,81.40,159706
Channel Islands,CHI,Europe & Central Asia,High income,2012,58809.57,81.30,160767
Channel Islands,CHI,Europe & Central Asia,High income,2013,59308.47,81.50,161777
Channel Islands,CHI,Europe & Central Asia,High income,2014,64697.55,81.60,162726
Channel Islands,CHI,Europe & Central Asia,High income,2015,61847.82,81.40,163454
Channel Islands,CHI,Europe & Central Asia,High income,2016,55947.58,81.20,163883
Channel Islands,CHI,Europe & Central Asia,High income,2017,55806.36,81.00,164319
Channel Islands,CHI,Europe & Central Asia,High income,2018,60784.81,81.10,164949
Channel Islands,CHI,Europe & Central Asia,High income,2019,60564.63,81.20,165639
Channel Islands,CHI,Europe & Central Asia,High income,2020,56785.94,80.90,166235
Channel Islands,CHI,Europe & Central Asia,High income,2021,66915.40,80.30,166741
Channel Islands,CHI,Europe & Central Asia,High income,2022,67627.14,81.00,167215
Channel Islands,CHI,Europe & Central Asia,High income,2023,74585.52,81.10,167691
Chile,CHL,Latin America & Caribbean,High income,2000,5052.99,77.13,15503635
Chile,CHL,Latin America & Caribbean,High income,2001,4563.60,77.58,15683849
Chile,CHL,Latin America & Caribbean,High income,2002,4430.85,77.84,15857925
Chile,CHL,Latin America & Caribbean,High income,2003,4773.40,77.88,16024752
Chile,CHL,Latin America & Caribbean,High income,2004,6120.59,78.28,16187322
Chile,CHL,Latin America & Caribbean,High income,2005,7480.32,78.46,16348778
Chile,CHL,Latin America & Caribbean,High income,2006,9318.66,78.53,16509195
Chile,CHL,Latin America & Caribbean,High income,2007,10346.41,78.65,16671581
Chile,CHL,Latin America & Caribbean,High income,2008,10683.22,78.75,16838988
Chile,CHL,Latin America & Caribbean,High income,2009,10098.80,78.89,17009731
Chile,CHL,Latin America & Caribbean,High income,2010,12632.87,79.09,17181464
Chile,CHL,Latin America & Caribbean,High income,2011,14487.39,79.24,17351816
Chile,CHL,Latin America & Caribbean,High income,2012,15241.91,79.22,17519119
Chile,CHL,Latin America & Caribbean,High income,2013,15683.55,79.55,17687006
Chile,CHL,Latin America & Caribbean,High income,2014,14529.68,79.71,17864195
Chile,CHL,Latin America & Caribbean,High income,2015,13433.92,80.01,18047625
Chile,CHL,Latin America & Caribbean,High income,2016,13649.85,80.30,18267221
Chile,CHL,Latin America & Caribbean,High income,2017,14879.91,80.61,18558868
Chile,CHL,Latin America & Caribbean,High income,2018,15659.48,80.56,18893191
Chile,CHL,Latin America & Caribbean,High income,2019,14495.72,80.32,19197744
Chile,CHL,Latin America & Caribbean,High income,2020,13114.82,79.35,19370624
Chile,CHL,Latin America & Caribbean,High income,2021,16206.83,78.88,19456334
Chile,CHL,Latin America & Caribbean,High income,2022,15405.62,79.18,19553036
Chile,CHL,Latin America & Caribbean,High income,2023,17067.04,81.17,19658835
China,CHN,East Asia & Pacific,Upper middle income,2000,969.20,72.29,1262645000
China,CHN,East Asia & Pacific,Upper middle income,2001,1065.41,72.67,1271850000
China,CHN,East Asia & Pacific,Upper middle income,2002,1163.56,73.03,1280400000
China,CHN,East Asia & Pacific,Upper middle income,2003,1306.97,73.39,1288400000
China,CHN,East Asia & Pacific,Upper middle income,2004,1530.93,73.73,1296075000
China,CHN,East Asia & Pacific,Upper middle income,2005,1777.64,74.08,1303720000
China,CHN,East Asia & Pacific,Upper middle income,2006,2129.26,74.40,1311020000
China,CHN,East Asia & Pacific,Upper middle income,2007,2734.73,74.79,1317885000
China,CHN,East Asia & Pacific,Upper middle income,2008,3523.44,74.83,1324655000
China,CHN,East Asia & Pacific,Upper middle income,2009,3898.24,75.32,1331260000
China,CHN,East Asia & Pacific,Upper middle income,2010,4629.25,75.67,1337705000
China,CHN,East Asia & Pacific,Upper middle income,2011,5703.76,75.89,1345035000
China,CHN,East Asia & Pacific,Upper middle income,2012,6405.06,76.20,1354190000
China,CHN,East Asia & Pacific,Upper middle income,2013,7147.04,76.45,1363240000
China,CHN,East Asia & Pacific,Upper middle income,2014,7781.07,76.71,1371860000
China,CHN,East Asia & Pacific,Upper middle income,2015,8175.33,76.97,1379860000
China,CHN,East Asia & Pacific,Upper middle income,2016,8254.87,77.21,1387790000
China,CHN,East Asia & Pacific,Upper middle income,2017,8979.68,77.23,1396215000
China,CHN,East Asia & Pacific,Upper middle income,2018,10085.66,77.71,1402760000
China,CHN,East Asia & Pacific,Upper middle income,2019,10342.90,77.94,1407745000
China,CHN,East Asia & Pacific,Upper middle income,2020,10627.46,78.02,1411100000
China,CHN,East Asia & Pacific,Upper middle income,2021,12887.44,78.12,1412360000
China,CHN,East Asia & Pacific,Upper middle income,2022,12970.61,78.20,1412175000
China,CHN,East Asia & Pacific,Upper middle income,2023,12951.18,77.95,1410710000
Colombia,COL,Latin America & Caribbean,Upper middle income,2000,2555.01,70.91,39089934
Colombia,COL,Latin America & Caribbean,Upper middle income,2001,2472.99,71.19,39709262
Colombia,COL,Latin America & Caribbean,Upper middle income,2002,2428.93,71.54,40324680
Colombia,COL,Latin America & Caribbean,Upper middle income,2003,2311.94,72.31,40937429
Colombia,COL,Latin America & Caribbean,Upper middle income,2004,2818.57,72.76,41543171
Colombia,COL,Latin America & Caribbean,Upper middle income,2005,3456.07,73.16,42128977
Colombia,COL,Latin America & Caribbean,Upper middle income,2006,3789.85,73.50,42691084
Colombia,COL,Latin America & Caribbean,Upper middle income,2007,4769.93,73.75,43235374
Colombia,COL,Latin America & Caribbean,Upper middle income,2008,5541.84,74.21,43758808
Colombia,COL,Latin America & Caribbean,Upper middle income,2009,5250.97,74.53,44271541
Colombia,COL,Latin America & Caribbean,Upper middle income,2010,6398.30,74.88,44777319
Colombia,COL,Latin America & Caribbean,Upper middle income,2011,7400.99,75.18,45259614
Colombia,COL,Latin America & Caribbean,Upper middle income,2012,8108.60,75.61,45715810
Colombia,COL,Latin America & Caribbean,Upper middle income,2013,8279.10,75.83,46151584
Colombia,COL,Latin America & Caribbean,Upper middle income,2014,8187.21,75.95,46565429
Colombia,COL,Latin America & Caribbean,Upper middle income,2015,6248.51,76.07,46969940
Colombia,COL,Latin America & Caribbean,Upper middle income,2016,5959.84,76.23,47437512
Colombia,COL,Latin America & Caribbean,Upper middle income,2017,6479.53,76.42,48131078
Colombia,COL,Latin America & Caribbean,Upper middle income,2018,6816.97,76.58,49024465
Colombia,COL,Latin America & Caribbean,Upper middle income,2019,6472.55,76.79,49907985
Colombia,COL,Latin America & Caribbean,Upper middle income,2020,5339.69,74.76,50629997
Colombia,COL,Latin America & Caribbean,Upper middle income,2021,6222.62,72.70,51188173
Colombia,COL,Latin America & Caribbean,Upper middle income,2022,6680.45,76.51,51737944
Colombia,COL,Latin America & Caribbean,Upper middle income,2023,7000.84,77.72,52321152
Comoros,COM,Sub-Saharan Africa,Lower middle income,2000,633.31,58.94,536080
Comoros,COM,Sub-Saharan Africa,Lower middle income,2001,681.16,59.59,547220
Comoros,COM,Sub-Saharan Africa,Lower middle income,2002,764.61,59.72,558923
Comoros,COM,Sub-Saharan Africa,Lower middle income,2003,959.69,60.24,569798
Comoros,COM,Sub-Saharan Africa,Lower middle income,2004,1072.28,60.56,580704
Comoros,COM,Sub-Saharan Africa,Lower middle income,2005,1105.79,60.88,592677
Comoros,COM,Sub-Saharan Africa,Lower middle income,2006,1138.48,61.23,604753
Comoros,COM,Sub-Saharan Africa,Lower middle income,2007,1289.74,61.48,616927
Comoros,COM,Sub-Saharan Africa,Lower middle income,2008,1455.03,61.95,629307
Comoros,COM,Sub-Saharan Africa,Lower middle income,2009,1410.31,62.30,641947
Comoros,COM,Sub-Saharan Africa,Lower middle income,2010,1386.57,62.75,654836
Comoros,COM,Sub-Saharan Africa,Lower middle income,2011,1531.44,63.10,668056
Comoros,COM,Sub-Saharan Africa,Lower middle income,2012,1490.32,63.46,681630
Comoros,COM,Sub-Saharan Africa,Lower middle income,2013,1603.33,63.84,696192
Comoros,COM,Sub-Saharan Africa,Lower middle income,2014,1615.72,64.14,711503
Comoros,COM,Sub-Saharan Africa,Lower middle income,2015,1329.37,64.47,726682
Comoros,COM,Sub-Saharan Africa,Lower middle income,2016,1365.48,64.79,741741
Comoros,COM,Sub-Saharan Africa,Lower middle income,2017,1423.92,65.13,756669
Comoros,COM,Sub-Saharan Africa,Lower middle income,2018,1527.41,65.40,771590
Comoros,COM,Sub-Saharan Africa,Lower middle income,2019,1510.23,65.66,786578
Comoros,COM,Sub-Saharan Africa,Lower middle income,2020,1519.35,65.76,802163
Comoros,COM,Sub-Saharan Africa,Lower middle income,2021,1554.97,65.20,818174
Comoros,COM,Sub-Saharan Africa,Lower middle income,2022,1465.48,66.48,834188
Comoros,COM,Sub-Saharan Africa,Lower middle income,2023,1560.27,66.78,850387
"Congo, Democratic Republic of",COD,Sub-Saharan Africa,Low income,2000,377.93,51.89,50507442
"Congo, Democratic Republic of",COD,Sub-Saharan Africa,Low income,2001,142.68,52.20,52132646
"Congo, Democratic Republic of",COD,Sub-Saharan Africa,Low income,2002,162.38,52.37,53750524
"Congo, Democratic Republic of",COD,Sub-Saharan Africa,Low income,2003,161.49,52.95,55343867
"Congo, Democratic Republic of",COD,Sub-Saharan Africa,Low income,2004,180.66,53.53,56997741
"Congo, Democratic Republic of",COD,Sub-Saharan Africa,Low income,2005,214.54,54.00,58775724
"Congo, Democratic Republic of",COD,Sub-Saharan Africa,Low income,2006,255.45,54.50,60615908
"Congo, Democratic Republic of",COD,Sub-Saharan Africa,Low income,2007,294.10,54.95,62477752
"Congo, Democratic Republic of",COD,Sub-Saharan Africa,Low income,2008,352.90,55.39,64390664
"Congo, Democratic Republic of",COD,Sub-Saharan Africa,Low income,2009,280.18,55.80,66412044
"Congo, Democratic Republic of",COD,Sub-Saharan Africa,Low income,2010,352.40,56.41,68563038
"Congo, Democratic Republic of",COD,Sub-Saharan Africa,Low income,2011,372.51,56.91,70849311
"Congo, Democratic Republic of",COD,Sub-Saharan Africa,Low income,2012,409.93,57.35,73254618
"Congo, Democratic Republic of",COD,Sub-Saharan Africa,Low income,2013,460.37,57.80,75789395
"Congo, Democratic Republic of",COD,Sub-Saharan Africa,Low income,2014,489.18,58.24,78403242
"Congo, Democratic Republic of",COD,Sub-Saharan Africa,Low income,2015,495.83,58.66,81035531
"Congo, Democratic Republic of",COD,Sub-Saharan Africa,Low income,2016,459.77,59.08,83956415
"Congo, Democratic Republic of",COD,Sub-Saharan Africa,Low income,2017,431.05,59.49,87083398
"Congo, Democratic Republic of",COD,Sub-Saharan Africa,Low income,2018,518.17,59.93,90047644
"Congo, Democratic Republic of",COD,Sub-Saharan Africa,Low income,2019,504.00,60.24,92947442
"Congo, Democratic Republic of",COD,Sub-Saharan Africa,Low income,2020,486.43,60.43,95989998
"Congo, Democratic Republic of",COD,Sub-Saharan Africa,Low income,2021,595.74,60.04,99148932
"Congo, Democratic Republic of",COD,Sub-Saharan Africa,Low income,2022,687.74,60.98,102396968
"Congo, Democratic Republic of",COD,Sub-Saharan Africa,Low income,2023,660.21,61.90,105789731
"Congo, Republic of",COG,Sub-Saharan Africa,Lower middle income,2000,1024.30,55.37,3151345
"Congo, Republic of",COG,Sub-Saharan Africa,Lower middle income,2001,854.60,55.88,3272537
"Congo, Republic of",COG,Sub-Saharan Africa,Lower middle income,2002,905.54,56.41,3350771
"Congo, Republic of",COG,Sub-Saharan Africa,Lower middle income,2003,1016.82,57.13,3445753
"Congo, Republic of",COG,Sub-Saharan Africa,Lower middle income,2004,1306.10,57.96,3565554
"Congo, Republic of",COG,Sub-Saharan Africa,Lower middle income,2005,1799.05,58.73,3696393
"Congo, Republic of",COG,Sub-Saharan Africa,Lower middle income,2006,2103.58,59.47,3837409
"Congo, Republic of",COG,Sub-Saharan Africa,Lower middle income,2007,2206.47,60.05,3980430
"Congo, Republic of",COG,Sub-Saharan Africa,Lower middle income,2008,2832.09,60.79,4113517
"Congo, Republic of",COG,Sub-Saharan Africa,Lower middle income,2009,2271.15,61.22,4281219
"Congo, Republic of",COG,Sub-Saharan Africa,Lower middle income,2010,2946.56,61.73,4462290
"Congo, Republic of",COG,Sub-Saharan Africa,Lower middle income,2011,3396.17,62.29,4609724
"Congo, Republic of",COG,Sub-Saharan Africa,Lower middle income,2012,3732.33,62.66,4740450
"Congo, Republic of",COG,Sub-Saharan Africa,Lower middle income,2013,3697.42,62.97,4857099
"Congo, Republic of",COG,Sub-Saharan Africa,Lower middle income,2014,3601.24,63.35,4975880
"Congo, Republic of",COG,Sub-Saharan Africa,Lower middle income,2015,2439.35,63.66,5097581
"Congo, Republic of",COG,Sub-Saharan Africa,Lower middle income,2016,2093.11,63.91,5222536
"Congo, Republic of",COG,Sub-Saharan Africa,Lower middle income,2017,2211.63,64.20,5351011
"Congo, Republic of",COG,Sub-Saharan Africa,Lower middle income,2018,2694.43,64.47,5483118
"Congo, Republic of",COG,Sub-Saharan Africa,Lower middle income,2019,2488.42,63.15,5616661
"Congo, Republic of",COG,Sub-Saharan Africa,Lower middle income,2020,1993.59,64.39,5752791
"Congo, Republic of",COG,Sub-Saharan Africa,Lower middle income,2021,2516.16,64.19,5892183
"Congo, Republic of",COG,Sub-Saharan Africa,Lower middle income,2022,2620.84,65.00,6035104
"Congo, Republic of",COG,Sub-Saharan Africa,Lower middle income,2023,2477.98,65.77,6182885
Costa Rica,CRI,Latin America & Caribbean,High income,2000,3812.75,77.32,3937739
Costa Rica,CRI,Latin America & Caribbean,High income,2001,3985.13,77.61,4008947
Costa Rica,CRI,Latin America & Caribbean,High income,2002,4067.72,77.94,4075705
Costa Rica,CRI,Latin America & Caribbean,High income,2003,4173.15,78.21,4138784
Costa Rica,CRI,Latin America & Caribbean,High income,2004,4431.01,78.51,4200078
Costa Rica,CRI,Latin America & Caribbean,High income,2005,4703.01,78.88,4261240
Costa Rica,CRI,Latin America & Caribbean,High income,2006,5256.60,79.05,4321340
Costa Rica,CRI,Latin America & Caribbean,High income,2007,6137.71,79.10,4380248
Costa Rica,CRI,Latin America & Caribbean,High income,2008,6937.24,79.18,4440056
Costa Rica,CRI,Latin America & Caribbean,High income,2009,6832.70,79.37,4499791
Costa Rica,CRI,Latin America & Caribbean,High income,2010,8265.79,79.35,4555962
Costa Rica,CRI,Latin America & Caribbean,High income,2011,9276.39,79.62,4609833
Costa Rica,CRI,Latin America & Caribbean,High income,2012,10127.00,79.92,4663934
Costa Rica,CRI,Latin America & Caribbean,High income,2013,10803.24,80.19,4716147
Costa Rica,CRI,Latin America & Caribbean,High income,2014,10911.50,80.23,4767119
Costa Rica,CRI,Latin America & Caribbean,High income,2015,11714.71,80.41,4818038
Costa Rica,CRI,Latin America & Caribbean,High income,2016,12091.03,79.99,4866998
Costa Rica,CRI,Latin America & Caribbean,High income,2017,12317.09,79.99,4913177
Costa Rica,CRI,Latin America & Caribbean,High income,2018,12590.25,80.09,4957818
Costa Rica,CRI,Latin America & Caribbean,High income,2019,12884.69,80.30,4999553
Costa Rica,CRI,Latin America & Caribbean,High income,2020,12394.05,79.72,5034320
Costa Rica,CRI,Latin America & Caribbean,High income,2021,12838.12,78.05,5059988
Costa Rica,CRI,Latin America & Caribbean,High income,2022,13625.90,79.32,5081765
Costa Rica,CRI,Latin America & Caribbean,High income,2023,16942.03,80.80,5105525
Croatia,HRV,Europe & Central Asia,High income,2000,4953.65,72.81,4468302
Croatia,HRV,Europe & Central Asia,High income,2001,5364.84,74.51,4299642
Croatia,HRV,Europe & Central Asia,High income,2002,6219.58,74.72,4302174
Croatia,HRV,Europe & Central Asia,High income,2003,8190.11,74.61,4303399
Croatia,HRV,Europe & Central Asia,High income,2004,9718.97,75.52,4304600
Croatia,HRV,Europe & Central Asia,High income,2005,10443.53,75.24,4310145
Croatia,HRV,Europe & Central Asia,High income,2006,11501.21,75.84,4311159
Croatia,HRV,Europe & Central Asia,High income,2007,13755.83,75.71,4310217
Croatia,HRV,Europe & Central Asia,High income,2008,15888.06,75.91,4309705
Croatia,HRV,Europe & Central Asia,High income,2009,14474.65,76.17,4305181
Croatia,HRV,Europe & Central Asia,High income,2010,13729.77,76.48,4295427
Croatia,HRV,Europe & Central Asia,High income,2011,14691.56,76.78,4280622
Croatia,HRV,Europe & Central Asia,High income,2012,13507.78,77.17,4260368
Croatia,HRV,Europe & Central Asia,High income,2013,14134.95,77.57,4233922
Croatia,HRV,Europe & Central Asia,High income,2014,14186.73,77.72,4201598
Croatia,HRV,Europe & Central Asia,High income,2015,12283.78,77.28,4151725
Croatia,HRV,Europe & Central Asia,High income,2016,12820.17,77.92,4106867
Croatia,HRV,Europe & Central Asia,High income,2017,13901.79,77.73,4041407
Croatia,HRV,Europe & Central Asia,High income,2018,15460.37,77.92,3988775
Croatia,HRV,Europe & Central Asia,High income,2019,15563.60,78.22,3949390
Croatia,HRV,Europe & Central Asia,High income,2020,14807.56,77.52,3914206
Croatia,HRV,Europe & Central Asia,High income,2021,17788.79,76.42,3878981
Croatia,HRV,Europe & Central Asia,High income,2022,18465.54,77.58,3855641
Croatia,HRV,Europe & Central Asia,High income,2023,22184.23,78.47,3859686
Cuba,CUB,Latin America & Caribbean,Upper middle income,2000,2751.38,75.92,11109109
Cuba,CUB,Latin America & Caribbean,Upper middle income,2001,2842.97,76.43,11144132
Cuba,CUB,Latin America & Caribbean,Upper middle income,2002,3005.21,76.77,11177418
Cuba,CUB,Latin America & Caribbean,Upper middle income,2003,3202.78,77.41,11209383
Cuba,CUB,Latin America & Caribbean,Upper middle income,2004,3399.22,77.33,11238756
Cuba,CUB,Latin America & Caribbean,Upper middle income,2005,3786.34,77.54,11262554
Cuba,CUB,Latin America & Caribbean,Upper middle income,2006,4329.98,77.41,11278550
Cuba,CUB,Latin America & Caribbean,Upper middle income,2007,4807.44,77.55,11287272
Cuba,CUB,Latin America & Caribbean,Upper middle income,2008,4986.12,77.59,11291762
Cuba,CUB,Latin America & Caribbean,Upper middle income,2009,5089.24,77.58,11294719
Cuba,CUB,Latin America & Caribbean,Upper middle income,2010,5272.27,77.88,11297409
Cuba,CUB,Latin America & Caribbean,Upper middle income,2011,6104.46,78.05,11301571
Cuba,CUB,Latin America & Caribbean,Upper middle income,2012,6470.84,78.16,11303175
Cuba,CUB,Latin America & Caribbean,Upper middle income,2013,6828.36,78.03,11298167
Cuba,CUB,Latin America & Caribbean,Upper middle income,2014,7146.70,77.83,11285775
Cuba,CUB,Latin America & Caribbean,Upper middle income,2015,7727.92,77.75,11275065
Cuba,CUB,Latin America & Caribbean,Upper middle income,2016,8110.56,77.57,11265612
Cuba,CUB,Latin America & Caribbean,Upper middle income,2017,8610.61,77.30,11247829
Cuba,CUB,Latin America & Caribbean,Upper middle income,2018,8911.46,77.43,11227118
Cuba,CUB,Latin America & Caribbean,Upper middle income,2019,9232.26,77.41,11202846
Cuba,CUB,Latin America & Caribbean,Upper middle income,2020,9605.28,77.41,11176354
Curaçao,CUW,Latin America & Caribbean,High income,2000,15841.26,73.28,133860
Curaçao,CUW,Latin America & Caribbean,High income,2001,16609.85,73.36,129047
Curaçao,CUW,Latin America & Caribbean,High income,2002,16723.69,73.47,129205
Curaçao,CUW,Latin America & Caribbean,High income,2003,16695.74,73.60,131897
Curaçao,CUW,Latin America & Caribbean,High income,2004,16671.34,73.73,134192
Curaçao,CUW,Latin America & Caribbean,High income,2005,17032.34,73.87,137658
Curaçao,CUW,Latin America & Caribbean,High income,2006,17400.16,73.98,141239
Curaçao,CUW,Latin America & Caribbean,High income,2007,18005.72,74.14,144056
Curaçao,CUW,Latin America & Caribbean,High income,2008,19423.34,74.31,145880
Curaçao,CUW,Latin America & Caribbean,High income,2009,19540.25,74.48,146833
Curaçao,CUW,Latin America & Caribbean,High income,2010,19847.23,75.12,148703
Curaçao,CUW,Latin America & Caribbean,High income,2011,19426.33,75.58,150831
Curaçao,CUW,Latin America & Caribbean,High income,2012,19809.82,75.96,152088
Curaçao,CUW,Latin America & Caribbean,High income,2013,19721.29,76.24,153822
Curaçao,CUW,Latin America & Caribbean,High income,2014,19623.03,76.38,155909
Curaçao,CUW,Latin America & Caribbean,High income,2015,19361.81,76.48,157980
Curaçao,CUW,Latin America & Caribbean,High income,2016,18944.10,76.32,159664
Curaçao,CUW,Latin America & Caribbean,High income,2017,18938.24,76.42,160175
Curaçao,CUW,Latin America & Caribbean,High income,2018,19119.12,76.49,159336
Curaçao,CUW,Latin America & Caribbean,High income,2019,19220.69,76.49,157441
Curaçao,CUW,Latin America & Caribbean,High income,2020,16299.81,76.50,155482
Curaçao,CUW,Latin America & Caribbean,High income,2021,17795.58,75.69,153948
Curaçao,CUW,Latin America & Caribbean,High income,2022,20057.14,76.73,153321
Curaçao,CUW,Latin America & Caribbean,High income,2023,21217.81,76.80,154654
Cyprus,CYP,Europe & Central Asia,High income,2000,14388.35,77.90,947667
Cyprus,CYP,Europe & Central Asia,High income,2001,14821.45,78.19,964127
Cyprus,CYP,Europe & Central Asia,High income,2002,16093.22,78.76,981440
Cyprus,CYP,Europe & Central Asia,High income,2003,20252.25,78.91,999590
Cyprus,CYP,Europe & Central Asia,High income,2004,23792.62,79.01,1017875
Cyprus,CYP,Europe & Central Asia,High income,2005,24959.26,79.20,1036151
Cyprus,CYP,Europe & Central Asia,High income,2006,26729.28,79.46,1054418
Cyprus,CYP,Europe & Central Asia,High income,2007,31244.88,79.80,1072714
Cyprus,CYP,Europe & Central Asia,High income,2008,35397.30,79.91,1091026
Cyprus,CYP,Europe & Central Asia,High income,2009,32236.45,80.38,1109371
Cyprus,CYP,Europe & Central Asia,High income,2010,31105.03,80.63,1127816
Cyprus,CYP,Europe & Central Asia,High income,2011,32485.80,80.86,1146493
Cyprus,CYP,Europe & Central Asia,High income,2012,28991.94,81.13,1165397
Cyprus,CYP,Europe & Central Asia,High income,2013,27764.73,81.32,1183895
Cyprus,CYP,Europe & Central Asia,High income,2014,26993.10,81.34,1201801
Cyprus,CYP,Europe & Central Asia,High income,2015,23088.44,81.46,1219502
Cyprus,CYP,Europe & Central Asia,High income,2016,24280.06,81.53,1237112
Cyprus,CYP,Europe & Central Asia,High income,2017,26247.45,81.54,1254275
Cyprus,CYP,Europe & Central Asia,High income,2018,29120.38,81.56,1270737
Cyprus,CYP,Europe & Central Asia,High income,2019,29227.17,81.45,1286671
Cyprus,CYP,Europe & Central Asia,High income,2020,28130.34,81.23,1302247
Cyprus,CYP,Europe & Central Asia,High income,2021,32937.84,80.57,1317309
Cyprus,CYP,Europe & Central Asia,High income,2022,33231.04,80.43,1331370
Cyprus,CYP,Europe & Central Asia,High income,2023,36623.69,81.65,1344976
Czechia,CZE,Europe & Central Asia,High income,2000,6062.92,74.97,10255063
Czechia,CZE,Europe & Central Asia,High income,2001,6669.07,75.17,10216605
Czechia,CZE,Europe & Central Asia,High income,2002,8101.26,75.22,10196916
Czechia,CZE,Europe & Central Asia,High income,2003,9852.46,75.17,10193998
Czechia,CZE,Europe & Central Asia,High income,2004,11782.55,75.72,10197101
Czechia,CZE,Europe & Central Asia,High income,2005,13442.49,75.92,10211216
Czechia,CZE,Europe & Central Asia,High income,2006,15259.08,76.52,10238905
Czechia,CZE,Europe & Central Asia,High income,2007,18452.65,76.72,10298828
Czechia,CZE,Europe & Central Asia,High income,2008,22774.70,76.98,10384603
Czechia,CZE,Europe & Central Asia,High income,2009,19817.42,77.08,10443936
Czechia,CZE,Europe & Central Asia,High income,2010,20160.44,77.42,10474410
Czechia,CZE,Europe & Central Asia,High income,2011,22049.11,77.87,10496088
Czechia,CZE,Europe & Central Asia,High income,2012,20014.04,78.08,10510785
Czechia,CZE,Europe & Central Asia,High income,2013,20260.50,78.18,10514272
Czechia,CZE,Europe & Central Asia,High income,2014,20038.42,78.82,10525347
Czechia,CZE,Europe & Central Asia,High income,2015,17931.60,78.58,10546059
Czechia,CZE,Europe & Central Asia,High income,2016,18753.97,79.03,10566332
Czechia,CZE,Europe & Central Asia,High income,2017,20913.20,78.98,10594438
Czechia,CZE,Europe & Central Asia,High income,2018,23705.93,79.03,10629928
Czechia,CZE,Europe & Central Asia,High income,2019,24062.72,79.23,10671870
Czechia,CZE,Europe & Central Asia,High income,2020,23472.89,78.23,10697858
Czechia,CZE,Europe & Central Asia,High income,2021,27696.46,77.22,10505772
Czechia,CZE,Europe & Central Asia,High income,2022,28282.22,78.93,10672118
Czechia,CZE,Europe & Central Asia,High income,2023,31761.59,79.83,10864042
Côte d'Ivoire,CIV,Sub-Saharan Africa,Lower middle income,2000,936.64,51.39,17699004
Côte d'Ivoire,CIV,Sub-Saharan Africa,Lower middle income,2001,924.73,51.43,18178913
Côte d'Ivoire,CIV,Sub-Saharan Africa,Lower middle income,2002,967.82,51.54,18654771
Côte d'Ivoire,CIV,Sub-Saharan Africa,Lower middle income,2003,1111.17,51.44,19125542
Côte d'Ivoire,CIV,Sub-Saharan Africa,Lower middle income,2004,1199.83,51.94,19595000
Côte d'Ivoire,CIV,Sub-Saharan Africa,Lower middle income,2005,1197.75,52.43,20068458
Côte d'Ivoire,CIV,Sub-Saharan Africa,Lower middle income,2006,1230.43,52.88,20546802
Côte d'Ivoire,CIV,Sub-Saharan Africa,Lower middle income,2007,1367.54,53.45,21030558
Côte d'Ivoire,CIV,Sub-Saharan Africa,Lower middle income,2008,1583.97,54.18,21514439
Côte d'Ivoire,CIV,Sub-Saharan Africa,Lower middle income,2009,1540.45,54.74,21997940
Côte d'Ivoire,CIV,Sub-Saharan Africa,Lower middle income,2010,1553.55,55.28,22488065
Côte d'Ivoire,CIV,Sub-Saharan Africa,Lower middle income,2011,1596.63,55.97,22982000
Côte d'Ivoire,CIV,Sub-Saharan Africa,Lower middle income,2012,1546.95,56.57,23467078
Côte d'Ivoire,CIV,Sub-Saharan Africa,Lower middle income,2013,1786.16,57.06,23939775
Côte d'Ivoire,CIV,Sub-Saharan Africa,Lower middle income,2014,1991.37,57.77,24527395
Côte d'Ivoire,CIV,Sub-Saharan Africa,Lower middle income,2015,1814.72,58.28,25246342
Côte d'Ivoire,CIV,Sub-Saharan Africa,Lower middle income,2016,1862.60,58.81,25989405
Côte d'Ivoire,CIV,Sub-Saharan Africa,Lower middle income,2017,1964.30,59.31,26733372
Côte d'Ivoire,CIV,Sub-Saharan Africa,Lower middle income,2018,2130.87,59.80,27464173
Côte d'Ivoire,CIV,Sub-Saharan Africa,Lower middle income,2019,2141.77,60.27,28193009
Côte d'Ivoire,CIV,Sub-Saharan Africa,Lower middle income,2020,2179.73,60.14,28915449
Côte d'Ivoire,CIV,Sub-Saharan Africa,Lower middle income,2021,2455.98,60.29,29639736
Côte d'Ivoire,CIV,Sub-Saharan Africa,Lower middle income,2022,2333.37,61.56,30395002
Côte d'Ivoire,CIV,Sub-Saharan Africa,Lower middle income,2023,2591.97,61.94,31165654
Denmark,DNK,Europe & Central Asia,High income,2000,30722.03,76.59,5339616
Denmark,DNK,Europe & Central Asia,High income,2001,30768.48,76.79,5358783
Denmark,DNK,Europe & Central Asia,High income,2002,33257.16,76.90,5375931
Denmark,DNK,Europe & Central Asia,High income,2003,40519.10,77.14,5390574
Denmark,DNK,Europe & Central Asia,High income,2004,46625.05,77.49,5404523
Denmark,DNK,Europe & Central Asia,High income,2005,48925.81,77.84,5419432
Denmark,DNK,Europe & Central Asia,High income,2006,52119.18,78.10,5437272
Denmark,DNK,Europe & Central Asia,High income,2007,58631.66,78.20,5461438
Denmark,DNK,Europe & Central Asia,High income,2008,64616.67,78.45,5493621
Denmark,DNK,Europe & Central Asia,High income,2009,58412.75,78.60,5523095
Denmark,DNK,Europe & Central Asia,High income,2010,58104.54,79.10,5547683
Denmark,DNK,Europe & Central Asia,High income,2011,61809.74,79.80,5570572
Denmark,DNK,Europe & Central Asia,High income,2012,58443.77,80.05,5591572
Denmark,DNK,Europe & Central Asia,High income,2013,61377.59,80.30,5614932
Denmark,DNK,Europe & Central Asia,High income,2014,62520.45,80.70,5643475
Denmark,DNK,Europe & Central Asia,High income,2015,53094.01,80.70,5683483
Denmark,DNK,Europe & Central Asia,High income,2016,54500.93,80.85,5728010
Denmark,DNK,Europe & Central Asia,High income,2017,57521.55,81.10,5764980
Denmark,DNK,Europe & Central Asia,High income,2018,61324.77,80.95,5793636
Denmark,DNK,Europe & Central Asia,High income,2019,59404.27,81.45,5814422
Denmark,DNK,Europe & Central Asia,High income,2020,60985.49,81.60,5831404
Denmark,DNK,Europe & Central Asia,High income,2021,69340.73,81.40,5856733
Denmark,DNK,Europe & Central Asia,High income,2022,67781.09,81.30,5903037
Denmark,DNK,Europe & Central Asia,High income,2023,68043.55,81.75,5946952
Djibouti,DJI,Middle East & North Africa,Lower middle income,2000,737.61,56.73,747318
Djibouti,DJI,Middle East & North Africa,Lower middle income,2001,742.13,57.51,771313
Djibouti,DJI,Middle East & North Africa,Lower middle income,2002,743.01,57.82,795574
Djibouti,DJI,Middle East & North Africa,Lower middle income,2003,764.63,58.04,813519
Djibouti,DJI,Middle East & North Africa,Lower middle income,2004,806.26,58.10,826124
Djibouti,DJI,Middle East & North Africa,Lower middle income,2005,844.45,58.55,839167
Djibouti,DJI,Middle East & North Africa,Lower middle income,2006,898.46,58.96,855764
Djibouti,DJI,Middle East & North Africa,Lower middle income,2007,969.57,59.36,874528
Djibouti,DJI,Middle East & North Africa,Lower middle income,2008,1119.15,59.81,892734
Djibouti,DJI,Middle East & North Africa,Lower middle income,2009,1150.94,60.35,911527
Djibouti,DJI,Middle East & North Africa,Lower middle income,2010,1213.23,60.74,930251
Djibouti,DJI,Middle East & North Africa,Lower middle income,2011,1306.35,61.34,948558
Djibouti,DJI,Middle East & North Africa,Lower middle income,2012,1400.19,61.72,966747
Djibouti,DJI,Middle East & North Africa,Lower middle income,2013,2075.94,62.12,984824
Djibouti,DJI,Middle East & North Africa,Lower middle income,2014,2214.62,62.43,1002717
Djibouti,DJI,Middle East & North Africa,Lower middle income,2015,2376.13,62.83,1020313
Djibouti,DJI,Middle East & North Africa,Lower middle income,2016,2510.43,63.34,1037653
Djibouti,DJI,Middle East & North Africa,Lower middle income,2017,2618.96,63.71,1054841
Djibouti,DJI,Middle East & North Africa,Lower middle income,2018,2718.08,64.11,1071882
Djibouti,DJI,Middle East & North Africa,Lower middle income,2019,2837.17,64.38,1088709
Djibouti,DJI,Middle East & North Africa,Lower middle income,2020,2844.89,64.20,1105188
Djibouti,DJI,Middle East & North Africa,Lower middle income,2021,3025.91,63.83,1121248
Djibouti,DJI,Middle East & North Africa,Lower middle income,2022,3133.26,65.54,1137096
Djibouti,DJI,Middle East & North Africa,Lower middle income,2023,3381.30,65.99,1152944
Dominica,DMA,Latin America & Caribbean,Upper middle income,2000,4867.40,71.72,68511
Dominica,DMA,Latin America & Caribbean,Upper middle income,2001,5527.52,71.86,68288
Dominica,DMA,Latin America & Caribbean,Upper middle income,2002,5488.03,71.93,68367
Dominica,DMA,Latin America & Caribbean,Upper middle income,2003,5447.44,71.94,68531
Dominica,DMA,Latin America & Caribbean,Upper middle income,2004,5778.83,71.99,68649
Dominica,DMA,Latin America & Caribbean,Upper middle income,2005,5695.22,72.02,68734
Dominica,DMA,Latin America & Caribbean,Upper middle income,2006,6055.78,72.01,68806
Dominica,DMA,Latin America & Caribbean,Upper middle income,2007,6459.04,71.90,68847
Dominica,DMA,Latin America & Caribbean,Upper middle income,2008,6971.33,71.94,68854
Dominica,DMA,Latin America & Caribbean,Upper middle income,2009,7487.49,71.83,68864
Dominica,DMA,Latin America & Caribbean,Upper middle income,2010,7549.62,71.68,68859
Dominica,DMA,Latin America & Caribbean,Upper middle income,2011,7705.41,71.52,69053
Dominica,DMA,Latin America & Caribbean,Upper middle income,2012,7528.51,71.39,69118
Dominica,DMA,Latin America & Caribbean,Upper middle income,2013,7822.22,71.23,69715
Dominica,DMA,Latin America & Caribbean,Upper middle income,2014,8131.75,71.19,70373
Dominica,DMA,Latin America & Caribbean,Upper middle income,2015,8282.60,69.97,70410
Dominica,DMA,Latin America & Caribbean,Upper middle income,2016,8802.56,71.19,69606
Dominica,DMA,Latin America & Caribbean,Upper middle income,2017,8224.65,68.62,68496
Dominica,DMA,Latin America & Caribbean,Upper middle income,2018,9215.31,71.38,68174
Dominica,DMA,Latin America & Caribbean,Upper middle income,2019,9491.15,71.31,67880
Dominica,DMA,Latin America & Caribbean,Upper middle income,2020,7827.75,71.27,67573
Dominica,DMA,Latin America & Caribbean,Upper middle income,2021,8376.40,69.83,67202
Dominica,DMA,Latin America & Caribbean,Upper middle income,2022,9323.66,71.08,66826
Dominica,DMA,Latin America & Caribbean,Upper middle income,2023,9912.96,71.13,66510
Dominican Republic,DOM,Latin America & Caribbean,Upper middle income,2000,2831.46,70.36,8584190
Dominican Republic,DOM,Latin America & Caribbean,Upper middle income,2001,2935.89,70.55,8720283
Dominican Republic,DOM,Latin America & Caribbean,Upper middle income,2002,3065.60,70.72,8852235
Dominican Republic,DOM,Latin America & Caribbean,Upper middle income,2003,2383.26,70.86,8980620
Dominican Republic,DOM,Latin America & Caribbean,Upper middle income,2004,2451.69,70.73,9104892
Dominican Republic,DOM,Latin America & Caribbean,Upper middle income,2005,3878.31,71.04,9225034
Dominican Republic,DOM,Latin America & Caribbean,Upper middle income,2006,4055.14,71.05,9341183
Dominican Republic,DOM,Latin America & Caribbean,Upper middle income,2007,4649.65,71.10,9455658
Dominican Republic,DOM,Latin America & Caribbean,Upper middle income,2008,5023.59,71.33,9573130
Dominican Republic,DOM,Latin America & Caribbean,Upper middle income,2009,4973.95,71.59,9695265
Dominican Republic,DOM,Latin America & Caribbean,Upper middle income,2010,5478.62,72.04,9820175
Dominican Republic,DOM,Latin America & Caribbean,Upper middle income,2011,5826.51,72.50,9945621
Dominican Republic,DOM,Latin America & Caribbean,Upper middle income,2012,6013.82,72.82,10070411
Dominican Republic,DOM,Latin America & Caribbean,Upper middle income,2013,6136.59,73.04,10193833
Dominican Republic,DOM,Latin America & Caribbean,Upper middle income,2014,6496.45,73.14,10315528
Dominican Republic,DOM,Latin America & Caribbean,Upper middle income,2015,6800.95,72.98,10434829
Dominican Republic,DOM,Latin America & Caribbean,Upper middle income,2016,7160.44,72.89,10551430
Dominican Republic,DOM,Latin America & Caribbean,Upper middle income,2017,7412.72,73.37,10666843
Dominican Republic,DOM,Latin America & Caribbean,Upper middle income,2018,7882.98,73.56,10782053
Dominican Republic,DOM,Latin America & Caribbean,Upper middle income,2019,8183.02,73.11,10894043
Dominican Republic,DOM,Latin America & Caribbean,Upper middle income,2020,7135.22,72.64,11008300
Dominican Republic,DOM,Latin America & Caribbean,Upper middle income,2021,8527.08,71.76,11123476
Dominican Republic,DOM,Latin America & Caribbean,Upper middle income,2022,10104.24,74.21,11230734
Dominican Republic,DOM,Latin America & Caribbean,Upper middle income,2023,10630.43,73.72,11331265
Ecuador,ECU,Latin America & Caribbean,Upper middle income,2000,1382.23,72.09,12689206
Ecuador,ECU,Latin America & Caribbean,Upper middle income,2001,1791.30,72.57,12910740
Ecuador,ECU,Latin America & Caribbean,Upper middle income,2002,2059.16,73.16,13138472
Ecuador,ECU,Latin America & Caribbean,Upper middle income,2003,2315.62,73.63,13372306
Ecuador,ECU,Latin America & Caribbean,Upper middle income,2004,2586.21,73.87,13608701
Ecuador,ECU,Latin America & Caribbean,Upper middle income,2005,2909.03,73.91,13846163
Ecuador,ECU,Latin America & Caribbean,Upper middle income,2006,3243.67,74.01,14086131
Ecuador,ECU,Latin America & Caribbean,Upper middle income,2007,3478.92,74.23,14328773
Ecuador,ECU,Latin America & Caribbean,Upper middle income,2008,4194.76,74.71,14575202
Ecuador,ECU,Latin America & Caribbean,Upper middle income,2009,4053.36,74.90,14825954
Ecuador,ECU,Latin America & Caribbean,Upper middle income,2010,4520.31,75.19,15076695
Ecuador,ECU,Latin America & Caribbean,Upper middle income,2011,5153.69,75.18,15326227
Ecuador,ECU,Latin America & Caribbean,Upper middle income,2012,5634.08,75.49,15572194
Ecuador,ECU,Latin America & Caribbean,Upper middle income,2013,6109.29,75.83,15807128
Ecuador,ECU,Latin America & Caribbean,Upper middle income,2014,6405.80,76.14,16035124
Ecuador,ECU,Latin America & Caribbean,Upper middle income,2015,5976.16,76.22,16266225
Ecuador,ECU,Latin America & Caribbean,Upper middle income,2016,5917.64,76.09,16505139
Ecuador,ECU,Latin America & Caribbean,Upper middle income,2017,6233.32,76.22,16759519
Ecuador,ECU,Latin America & Caribbean,Upper middle income,2018,6303.92,77.25,17049547
Ecuador,ECU,Latin America & Caribbean,Upper middle income,2019,6205.06,77.29,17340021
Ecuador,ECU,Latin America & Caribbean,Upper middle income,2020,5463.65,72.00,17546065
Ecuador,ECU,Latin America & Caribbean,Upper middle income,2021,6061.32,72.75,17682454
Ecuador,ECU,Latin America & Caribbean,Upper middle income,2022,6515.59,76.58,17823897
Ecuador,ECU,Latin America & Caribbean,Upper middle income,2023,6737.85,77.39,17980083
"Egypt, Arab Republic of",EGY,Middle East & North Africa,Lower middle income,2000,1366.09,67.33,73083284
"Egypt, Arab Republic of",EGY,Middle East & North Africa,Lower middle income,2001,1295.14,67.61,74652029
"Egypt, Arab Republic of",EGY,Middle East & North Africa,Lower middle income,2002,1116.83,67.85,76239137
"Egypt, Arab Republic of",EGY,Middle East & North Africa,Lower middle income,2003,1031.28,68.05,77853548
"Egypt, Arab Republic of",EGY,Middle East & North Africa,Lower middle income,2004,991.26,68.21,79477443
"Egypt, Arab Republic of",EGY,Middle East & North Africa,Lower middle income,2005,1105.54,68.36,81101004
"Egypt, Arab Republic of",EGY,Middle East & North Africa,Lower middle income,2006,1298.98,68.49,82700403
"Egypt, Arab Republic of",EGY,Middle East & North Africa,Lower middle income,2007,1547.74,68.63,84276225
"Egypt, Arab Republic of",EGY,Middle East & North Africa,Lower middle income,2008,1896.22,68.76,85864789
"Egypt, Arab Republic of",EGY,Middle East & North Africa,Lower middle income,2009,2161.64,68.92,87501636
"Egypt, Arab Republic of",EGY,Middle East & North Africa,Lower middle income,2010,2455.08,69.08,89196072
"Egypt, Arab Republic of",EGY,Middle East & North Africa,Lower middle income,2011,2590.64,69.23,91093059
"Egypt, Arab Republic of",EGY,Middle East & North Africa,Lower middle income,2012,2996.07,69.46,93161001
"Egypt, Arab Republic of",EGY,Middle East & North Africa,Lower middle income,2013,3025.53,69.63,95333553
"Egypt, Arab Republic of",EGY,Middle East & North Africa,Lower middle income,2014,3133.39,69.91,97528654
"Egypt, Arab Republic of",EGY,Middle East & North Africa,Lower middle income,2015,3306.98,70.14,99597342
"Egypt, Arab Republic of",EGY,Middle East & North Africa,Lower middle income,2016,3270.63,70.44,101644589
"Egypt, Arab Republic of",EGY,Middle East & North Africa,Lower middle income,2017,2395.10,70.71,103696057
"Egypt, Arab Republic of",EGY,Middle East & North Africa,Lower middle income,2018,2484.70,70.97,105682094
"Egypt, Arab Republic of",EGY,Middle East & North Africa,Lower middle income,2019,2962.99,71.21,107553158
"Egypt, Arab Republic of",EGY,Middle East & North Africa,Lower middle income,2020,3511.11,69.79,109315124
"Egypt, Arab Republic of",EGY,Middle East & North Africa,Lower middle income,2021,3827.35,68.98,110957008
"Egypt, Arab Republic of",EGY,Middle East & North Africa,Lower middle income,2022,4233.31,71.01,112618250
"Egypt, Arab Republic of",EGY,Middle East & North Africa,Lower middle income,2023,3456.79,71.63,114535772
El Salvador,SLV,Latin America & Caribbean,Upper middle income,2000,1982.87,67.71,5943366
El Salvador,SLV,Latin America & Caribbean,Upper middle income,2001,2058.04,67.97,5968060
El Salvador,SLV,Latin America & Caribbean,Upper middle income,2002,2115.41,68.53,5986631
El Salvador,SLV,Latin America & Caribbean,Upper middle income,2003,2207.83,68.79,5998599
El Salvador,SLV,Latin America & Caribbean,Upper middle income,2004,2285.69,69.30,6004671
El Salvador,SLV,Latin America & Caribbean,Upper middle income,2005,2447.39,69.34,6005578
El Salvador,SLV,Latin America & Caribbean,Upper middle income,2006,2665.62,69.61,6002319
El Salvador,SLV,Latin America & Caribbean,Upper middle income,2007,2830.66,69.82,6009824
El Salvador,SLV,Latin America & Caribbean,Upper middle income,2008,2983.25,70.14,6029297
El Salvador,SLV,Latin America & Caribbean,Upper middle income,2009,2910.19,70.36,6048279
El Salvador,SLV,Latin America & Caribbean,Upper middle income,2010,3040.07,70.91,6068249
El Salvador,SLV,Latin America & Caribbean,Upper middle income,2011,3330.60,71.19,6090127
El Salvador,SLV,Latin America & Caribbean,Upper middle income,2012,3497.91,71.42,6113975
El Salvador,SLV,Latin America & Caribbean,Upper middle income,2013,3582.27,71.22,6138839
El Salvador,SLV,Latin America & Caribbean,Upper middle income,2014,3666.01,71.14,6162955
El Salvador,SLV,Latin America & Caribbean,Upper middle income,2015,3790.34,70.95,6183676
El Salvador,SLV,Latin America & Caribbean,Upper middle income,2016,3901.34,70.91,6200800
El Salvador,SLV,Latin America & Caribbean,Upper middle income,2017,4020.13,71.01,6213533
El Salvador,SLV,Latin America & Caribbean,Upper middle income,2018,4183.55,71.38,6219807
El Salvador,SLV,Latin America & Caribbean,Upper middle income,2019,4320.12,71.72,6222318
El Salvador,SLV,Latin America & Caribbean,Upper middle income,2020,3997.19,70.24,6234673
El Salvador,SLV,Latin America & Caribbean,Upper middle income,2021,4642.61,69.94,6255782
El Salvador,SLV,Latin America & Caribbean,Upper middle income,2022,5074.60,71.97,6280319
El Salvador,SLV,Latin America & Caribbean,Upper middle income,2023,5365.44,72.10,6309624
Equatorial Guinea,GNQ,Sub-Saharan Africa,Upper middle income,2000,1487.32,53.40,703279
Equatorial Guinea,GNQ,Sub-Saharan Africa,Upper middle income,2001,1948.61,53.83,749836
Equatorial Guinea,GNQ,Sub-Saharan Africa,Upper middle income,2002,2264.21,54.32,797957
Equatorial Guinea,GNQ,Sub-Saharan Africa,Upper middle income,2003,2930.60,54.79,847862
Equatorial Guinea,GNQ,Sub-Saharan Africa,Upper middle income,2004,4901.30,55.31,899917
Equatorial Guinea,GNQ,Sub-Saharan Africa,Upper middle income,2005,8673.90,55.77,947367
Equatorial Guinea,GNQ,Sub-Saharan Africa,Upper middle income,2006,10184.88,56.35,990343
Equatorial Guinea,GNQ,Sub-Saharan Africa,Upper middle income,2007,12616.95,56.86,1036044
Equatorial Guinea,GNQ,Sub-Saharan Africa,Upper middle income,2008,18210.56,57.38,1084530
Equatorial Guinea,GNQ,Sub-Saharan Africa,Upper middle income,2009,13232.50,57.88,1135673
Equatorial Guinea,GNQ,Sub-Saharan Africa,Upper middle income,2010,13720.17,58.34,1189085
Equatorial Guinea,GNQ,Sub-Saharan Africa,Upper middle income,2011,17198.21,58.83,1241835
Equatorial Guinea,GNQ,Sub-Saharan Africa,Upper middle income,2012,17308.57,59.30,1293483
Equatorial Guinea,GNQ,Sub-Saharan Africa,Upper middle income,2013,16304.07,59.78,1346218
Equatorial Guinea,GNQ,Sub-Saharan Africa,Upper middle income,2014,15548.66,60.23,1399828
Equatorial Guinea,GNQ,Sub-Saharan Africa,Upper middle income,2015,9068.91,60.63,1453923
Equatorial Guinea,GNQ,Sub-Saharan Africa,Upper middle income,2016,7453.20,61.08,1508186
Equatorial Guinea,GNQ,Sub-Saharan Africa,Upper middle income,2017,7809.10,61.48,1562396
Equatorial Guinea,GNQ,Sub-Saharan Africa,Upper middle income,2018,8102.47,61.91,1616422
Equatorial Guinea,GNQ,Sub-Saharan Africa,Upper middle income,2019,6804.15,62.30,1670177
Equatorial Guinea,GNQ,Sub-Saharan Africa,Upper middle income,2020,5764.06,62.14,1716468
Equatorial Guinea,GNQ,Sub-Saharan Africa,Upper middle income,2021,6945.63,62.45,1758786
Equatorial Guinea,GNQ,Sub-Saharan Africa,Upper middle income,2022,7589.30,63.35,1803545
Equatorial Guinea,GNQ,Sub-Saharan Africa,Upper middle income,2023,6677.79,63.71,1847549
Eritrea,ERI,Sub-Saharan Africa,Low income,2000,314.36,56.28,2247031
Eritrea,ERI,Sub-Saharan Africa,Low income,2001,325.41,58.36,2312079
Eritrea,ERI,Sub-Saharan Africa,Low income,2002,304.78,58.94,2392978
Eritrea,ERI,Sub-Saharan Africa,Low income,2003,348.95,59.45,2493903
Eritrea,ERI,Sub-Saharan Africa,Low income,2004,426.84,60.06,2598284
Eritrea,ERI,Sub-Saharan Africa,Low income,2005,412.75,60.63,2661215
Eritrea,ERI,Sub-Saharan Africa,Low income,2006,448.00,61.46,2703502
Eritrea,ERI,Sub-Saharan Africa,Low income,2007,480.45,62.00,2743222
Eritrea,ERI,Sub-Saharan Africa,Low income,2008,490.07,62.42,2816327
Eritrea,ERI,Sub-Saharan Africa,Low income,2009,642.93,63.20,2887885
Eritrea,ERI,Sub-Saharan Africa,Low income,2010,539.70,63.66,2945186
Eritrea,ERI,Sub-Saharan Africa,Low income,2011,688.68,64.23,2998485
Estonia,EST,Europe & Central Asia,High income,2000,4070.61,70.42,1396985
Estonia,EST,Europe & Central Asia,High income,2001,4502.67,70.26,1388115
Estonia,EST,Europe & Central Asia,High income,2002,5343.18,70.90,1379350
Estonia,EST,Europe & Central Asia,High income,2003,7205.41,71.32,1370720
Estonia,EST,Europe & Central Asia,High income,2004,8916.07,71.91,1362550
Estonia,EST,Europe & Central Asia,High income,2005,10414.64,72.57,1354775
Estonia,EST,Europe & Central Asia,High income,2006,12641.48,72.69,1346810
Estonia,EST,Europe & Central Asia,High income,2007,16745.43,72.81,1340680
Estonia,EST,Europe & Central Asia,High income,2008,18205.91,73.77,1337090
Estonia,EST,Europe & Central Asia,High income,2009,14712.45,74.82,1334515
Estonia,EST,Europe & Central Asia,High income,2010,14663.70,75.43,1331475
Estonia,EST,Europe & Central Asia,High income,2011,17555.55,76.23,1327439
Estonia,EST,Europe & Central Asia,High income,2012,17568.21,76.33,1322696
Estonia,EST,Europe & Central Asia,High income,2013,19310.39,77.14,1317997
Estonia,EST,Europe & Central Asia,High income,2014,20581.79,77.03,1314545
Estonia,EST,Europe & Central Asia,High income,2015,17722.16,77.59,1315407
Estonia,EST,Europe & Central Asia,High income,2016,18666.37,77.64,1315790
Estonia,EST,Europe & Central Asia,High income,2017,20851.52,78.09,1317384
Estonia,EST,Europe & Central Asia,High income,2018,23618.14,78.24,1321977
Estonia,EST,Europe & Central Asia,High income,2019,24021.25,78.65,1326898
Estonia,EST,Europe & Central Asia,High income,2020,23933.99,78.60,1329522
Estonia,EST,Europe & Central Asia,High income,2021,27951.17,76.94,1330932
Estonia,EST,Europe & Central Asia,High income,2022,28340.38,77.84,1348840
Estonia,EST,Europe & Central Asia,High income,2023,30264.01,78.79,1370286
Eswatini,SWZ,Sub-Saharan Africa,Lower middle income,2000,1629.67,47.63,1041414
Eswatini,SWZ,Sub-Saharan Africa,Lower middle income,2001,1429.86,46.34,1051064
Eswatini,SWZ,Sub-Saharan Africa,Lower middle income,2002,1315.74,45.38,1059441
Eswatini,SWZ,Sub-Saharan Africa,Lower middle income,2003,2015.22,44.63,1066700
Eswatini,SWZ,Sub-Saharan Africa,Lower middle income,2004,2525.56,43.91,1073159
Eswatini,SWZ,Sub-Saharan Africa,Lower middle income,2005,2871.07,43.96,1079022
Eswatini,SWZ,Sub-Saharan Africa,Lower middle income,2006,2964.96,44.56,1084436
Eswatini,SWZ,Sub-Saharan Africa,Lower middle income,2007,3109.11,45.16,1090705
Eswatini,SWZ,Sub-Saharan Africa,Lower middle income,2008,2946.86,45.85,1098091
Eswatini,SWZ,Sub-Saharan Africa,Lower middle income,2009,3189.80,46.91,1105153
Eswatini,SWZ,Sub-Saharan Africa,Lower middle income,2010,3922.74,48.33,1111650
Eswatini,SWZ,Sub-Saharan Africa,Lower middle income,2011,4225.06,49.06,1117833
Eswatini,SWZ,Sub-Saharan Africa,Lower middle income,2012,4224.55,50.71,1123863
Eswatini,SWZ,Sub-Saharan Africa,Lower middle income,2013,3949.94,52.11,1129990
Eswatini,SWZ,Sub-Saharan Africa,Lower middle income,2014,3771.07,53.49,1136299
Eswatini,SWZ,Sub-Saharan Africa,Lower middle income,2015,3419.82,54.94,1142813
Eswatini,SWZ,Sub-Saharan Africa,Lower middle income,2016,3238.18,56.23,1149507
Eswatini,SWZ,Sub-Saharan Africa,Lower middle income,2017,3853.10,57.57,1158195
Eswatini,SWZ,Sub-Saharan Africa,Lower middle income,2018,3972.65,58.71,1168929
Eswatini,SWZ,Sub-Saharan Africa,Lower middle income,2019,3913.15,59.85,1179874
Eswatini,SWZ,Sub-Saharan Africa,Lower middle income,2020,3466.57,59.86,1192729
Eswatini,SWZ,Sub-Saharan Africa,Lower middle income,2021,3984.00,58.23,1206593
Eswatini,SWZ,Sub-Saharan Africa,Lower middle income,2022,3894.16,63.03,1218917
Eswatini,SWZ,Sub-Saharan Africa,Lower middle income,2023,3755.52,64.12,1230506
Ethiopia,ETH,Sub-Saharan Africa,,2000,122.27,50.88,67411494
Ethiopia,ETH,Sub-Saharan Africa,,2001,118.46,51.43,69487762
Ethiopia,ETH,Sub-Saharan Africa,,2002,109.59,52.09,71635517
Ethiopia,ETH,Sub-Saharan Africa,,2003,116.80,52.88,73832663
Ethiopia,ETH,Sub-Saharan Africa,,2004,133.17,53.73,76077206
Ethiopia,ETH,Sub-Saharan Africa,,2005,158.24,54.36,78367470
Ethiopia,ETH,Sub-Saharan Africa,,2006,189.35,55.40,80703490
Ethiopia,ETH,Sub-Saharan Africa,,2007,237.15,56.57,83103217
Ethiopia,ETH,Sub-Saharan Africa,,2008,316.41,57.73,85543668
Ethiopia,ETH,Sub-Saharan Africa,,2009,368.57,58.72,88007636
Ethiopia,ETH,Sub-Saharan Africa,,2010,330.62,59.71,90538514
Ethiopia,ETH,Sub-Saharan Africa,,2011,343.02,60.59,93149970
Ethiopia,ETH,Sub-Saharan Africa,,2012,452.10,61.44,95798767
Ethiopia,ETH,Sub-Saharan Africa,,2013,484.04,62.16,98438751
Ethiopia,ETH,Sub-Saharan Africa,,2014,549.99,62.93,101115610
Ethiopia,ETH,Sub-Saharan Africa,,2015,597.91,63.59,103867135
Ethiopia,ETH,Sub-Saharan Africa,,2016,641.65,64.16,106718162
Ethiopia,ETH,Sub-Saharan Africa,,2017,696.35,64.77,109666481
Ethiopia,ETH,Sub-Saharan Africa,,2018,739.70,65.26,112664152
Ethiopia,ETH,Sub-Saharan Africa,,2019,793.47,65.74,115737383
Ethiopia,ETH,Sub-Saharan Africa,,2020,829.79,65.97,118917671
Ethiopia,ETH,Sub-Saharan Africa,,2021,893.01,65.33,122138588
Ethiopia,ETH,Sub-Saharan Africa,,2022,982.10,66.90,125384287
Ethiopia,ETH,Sub-Saharan Africa,,2023,1055.81,67.31,128691692
Faroe Islands,FRO,Europe & Central Asia,High income,2000,23322.76,78.41,45754
Faroe Islands,FRO,Europe & Central Asia,High income,2001,24879.77,78.60,46635
Faroe Islands,FRO,Europe & Central Asia,High income,2002,26937.65,78.79,47335
Faroe Islands,FRO,Europe & Central Asia,High income,2003,31269.60,78.98,48032
Faroe Islands,FRO,Europe & Central Asia,High income,2004,35647.54,79.20,48384
Faroe Islands,FRO,Europe & Central Asia,High income,2005,36389.08,79.45,48359
Faroe Islands,FRO,Europe & Central Asia,High income,2006,41743.68,79.69,48335
Faroe Islands,FRO,Europe & Central Asia,High income,2007,48348.74,79.92,48378
Faroe Islands,FRO,Europe & Central Asia,High income,2008,51287.89,80.15,48547
Faroe Islands,FRO,Europe & Central Asia,High income,2009,47059.19,80.37,48791
Faroe Islands,FRO,Europe & Central Asia,High income,2010,47923.15,80.60,48657
Faroe Islands,FRO,Europe & Central Asia,High income,2011,51618.99,80.85,48543
Faroe Islands,FRO,Europe & Central Asia,High income,2012,50261.96,81.11,48291
Faroe Islands,FRO,Europe & Central Asia,High income,2013,55758.21,81.36,48246
Faroe Islands,FRO,Europe & Central Asia,High income,2014,60172.06,81.59,48428
Faroe Islands,FRO,Europe & Central Asia,High income,2015,52637.19,81.80,48899
Faroe Islands,FRO,Europe & Central Asia,High income,2016,56875.28,81.96,49464
Faroe Islands,FRO,Europe & Central Asia,High income,2017,59387.35,82.11,50180
Faroe Islands,FRO,Europe & Central Asia,High income,2018,62526.49,82.25,50996
Faroe Islands,FRO,Europe & Central Asia,High income,2019,63068.29,82.39,51792
Faroe Islands,FRO,Europe & Central Asia,High income,2020,62243.19,82.53,52565
Faroe Islands,FRO,Europe & Central Asia,High income,2021,69415.19,82.68,53296
Faroe Islands,FRO,Europe & Central Asia,High income,2022,67058.20,82.82,53912
Faroe Islands,FRO,Europe & Central Asia,High income,2023,72465.38,82.95,54414
Fiji,FJI,East Asia & Pacific,Upper middle income,2000,1995.72,66.19,840909
Fiji,FJI,East Asia & Pacific,Upper middle income,2001,1945.00,66.20,849596
Fiji,FJI,East Asia & Pacific,Upper middle income,2002,2136.57,65.49,858049
Fiji,FJI,East Asia & Pacific,Upper middle income,2003,2655.58,65.65,866286
Fiji,FJI,East Asia & Pacific,Upper middle income,2004,3097.19,65.84,874366
Fiji,FJI,East Asia & Pacific,Upper middle income,2005,3377.69,65.98,882379
Fiji,FJI,East Asia & Pacific,Upper middle income,2006,3455.11,66.13,890365
Fiji,FJI,East Asia & Pacific,Upper middle income,2007,3762.75,66.16,897832
Fiji,FJI,East Asia & Pacific,Upper middle income,2008,3899.92,66.32,903399
Fiji,FJI,East Asia & Pacific,Upper middle income,2009,3164.13,66.35,907239
Fiji,FJI,East Asia & Pacific,Upper middle income,2010,3449.14,66.78,910419
Fiji,FJI,East Asia & Pacific,Upper middle income,2011,4139.60,66.88,912989
Fiji,FJI,East Asia & Pacific,Upper middle income,2012,4341.40,65.81,914918
Fiji,FJI,East Asia & Pacific,Upper middle income,2013,4572.44,66.55,916352
Fiji,FJI,East Asia & Pacific,Upper middle income,2014,5293.36,66.58,917585
Fiji,FJI,East Asia & Pacific,Upper middle income,2015,5097.53,66.48,918578
Fiji,FJI,East Asia & Pacific,Upper middle income,2016,5363.79,66.66,919166
Fiji,FJI,East Asia & Pacific,Upper middle income,2017,5826.85,67.06,918759
Fiji,FJI,East Asia & Pacific,Upper middle income,2018,6085.42,66.97,917180
Fiji,FJI,East Asia & Pacific,Upper middle income,2019,5842.07,67.01,914899
Fiji,FJI,East Asia & Pacific,Upper middle income,2020,4620.65,66.92,914963
Fiji,FJI,East Asia & Pacific,Upper middle income,2021,4536.73,64.90,916711
Fiji,FJI,East Asia & Pacific,Upper middle income,2022,5414.12,67.15,919422
Fiji,FJI,East Asia & Pacific,Upper middle income,2023,5926.21,67.32,924145
Finland,FIN,Europe & Central Asia,High income,2000,24335.92,77.47,5176209
Finland,FIN,Europe & Central Asia,High income,2001,24965.20,77.97,5188008
Finland,FIN,Europe & Central Asia,High income,2002,26989.39,78.12,5200598
Finland,FIN,Europe & Central Asia,High income,2003,32920.09,78.37,5213014
Finland,FIN,Europe & Central Asia,High income,2004,37768.13,78.71,5228172
Finland,FIN,Europe & Central Asia,High income,2005,39049.87,78.82,5246096
Finland,FIN,Europe & Central Asia,High income,2006,41214.02,79.21,5266268
Finland,FIN,Europe & Central Asia,High income,2007,48473.02,79.26,5288720
Finland,FIN,Europe & Central Asia,High income,2008,53769.47,79.57,5313399
Finland,FIN,Europe & Central Asia,High income,2009,47478.35,79.72,5338871
Finland,FIN,Europe & Central Asia,High income,2010,46506.29,79.87,5363352
Finland,FIN,Europe & Central Asia,High income,2011,51060.32,80.47,5388272
Finland,FIN,Europe & Central Asia,High income,2012,47551.67,80.63,5413971
Finland,FIN,Europe & Central Asia,High income,2013,49691.01,80.98,5438972
Finland,FIN,Europe & Central Asia,High income,2014,50073.78,81.18,5461512
Finland,FIN,Europe & Central Asia,High income,2015,42560.35,81.48,5479531
Finland,FIN,Europe & Central Asia,High income,2016,43451.26,81.43,5495303
Finland,FIN,Europe & Central Asia,High income,2017,46085.02,81.63,5508214
Finland,FIN,Europe & Central Asia,High income,2018,49654.25,81.73,5515525
Finland,FIN,Europe & Central Asia,High income,2019,48358.18,81.98,5521606
Finland,FIN,Europe & Central Asia,High income,2020,48828.68,81.93,5529543
Finland,FIN,Europe & Central Asia,High income,2021,53099.14,81.89,5541017
Finland,FIN,Europe & Central Asia,High income,2022,50440.56,81.19,5556106
Finland,FIN,Europe & Central Asia,High income,2023,52834.29,81.59,5583911
France,FRA,Europe & Central Asia,High income,2000,22340.59,79.06,60918661
France,FRA,Europe & Central Asia,High income,2001,22331.79,79.16,61364377
France,FRA,Europe & Central Asia,High income,2002,24144.57,79.26,61812142
France,FRA,Europe & Central Asia,High income,2003,29479.52,79.11,62249855
France,FRA,Europe & Central Asia,High income,2004,33644.93,80.16,62707588
France,FRA,Europe & Central Asia,High income,2005,34696.37,80.16,63180854
France,FRA,Europe & Central Asia,High income,2006,36431.57,80.81,63622342
France,FRA,Europe & Central Asia,High income,2007,41486.19,81.11,64016890
France,FRA,Europe & Central Asia,High income,2008,45464.82,81.21,64375116
France,FRA,Europe & Central Asia,High income,2009,41728.09,81.41,64706436
France,FRA,Europe & Central Asia,High income,2010,40694.82,81.66,65026211
France,FRA,Europe & Central Asia,High income,2011,43929.78,82.11,65340830
France,FRA,Europe & Central Asia,High income,2012,40863.58,81.97,65657659
France,FRA,Europe & Central Asia,High income,2013,42669.18,82.22,65997932
France,FRA,Europe & Central Asia,High income,2014,43148.05,82.72,66312067
France,FRA,Europe & Central Asia,High income,2015,36702.43,82.32,66548272
France,FRA,Europe & Central Asia,High income,2016,37024.22,82.57,66724104
France,FRA,Europe & Central Asia,High income,2017,38687.16,82.58,66918020
France,FRA,Europe & Central Asia,High income,2018,41418.18,82.68,67158348
France,FRA,Europe & Central Asia,High income,2019,40408.28,82.83,67382061
France,FRA,Europe & Central Asia,High income,2020,39169.86,82.18,67601110
France,FRA,Europe & Central Asia,High income,2021,43725.10,82.32,67842811
France,FRA,Europe & Central Asia,High income,2022,40988.64,82.13,68184457
France,FRA,Europe & Central Asia,High income,2023,44700.14,82.83,68372286
French Polynesia,PYF,East Asia & Pacific,High income,2000,14978.32,79.00,240337
French Polynesia,PYF,East Asia & Pacific,High income,2001,14640.94,79.32,244097
French Polynesia,PYF,East Asia & Pacific,High income,2002,16004.06,79.54,247775
French Polynesia,PYF,East Asia & Pacific,High income,2003,19582.89,79.71,251637
French Polynesia,PYF,East Asia & Pacific,High income,2004,21764.22,79.83,255654
French Polynesia,PYF,East Asia & Pacific,High income,2005,21984.19,79.95,259507
French Polynesia,PYF,East Asia & Pacific,High income,2006,22330.87,80.10,263223
French Polynesia,PYF,East Asia & Pacific,High income,2007,24888.18,80.33,266438
French Polynesia,PYF,East Asia & Pacific,High income,2008,26592.03,80.59,268379
French Polynesia,PYF,East Asia & Pacific,High income,2009,24434.22,80.87,269481
French Polynesia,PYF,East Asia & Pacific,High income,2010,22494.81,81.14,270580
French Polynesia,PYF,East Asia & Pacific,High income,2011,22831.52,81.43,271727
French Polynesia,PYF,East Asia & Pacific,High income,2012,20846.55,81.69,273084
French Polynesia,PYF,East Asia & Pacific,High income,2013,21955.63,81.94,274728
French Polynesia,PYF,East Asia & Pacific,High income,2014,22258.63,82.15,276387
French Polynesia,PYF,East Asia & Pacific,High income,2015,19166.96,82.34,277866
French Polynesia,PYF,East Asia & Pacific,High income,2016,19690.08,82.56,279178
French Polynesia,PYF,East Asia & Pacific,High income,2017,20826.93,82.77,280087
French Polynesia,PYF,East Asia & Pacific,High income,2018,21925.62,82.98,279815
French Polynesia,PYF,East Asia & Pacific,High income,2019,21582.59,83.19,279034
French Polynesia,PYF,East Asia & Pacific,High income,2020,19966.48,82.46,279209
French Polynesia,PYF,East Asia & Pacific,High income,2021,21426.39,79.57,279792
French Polynesia,PYF,East Asia & Pacific,High income,2022,20053.96,83.86,280378
French Polynesia,PYF,East Asia & Pacific,High income,2023,21832.28,84.07,281118
Gabon,GAB,Sub-Saharan Africa,Upper middle income,2000,3982.91,61.81,1275572
Gabon,GAB,Sub-Saharan Africa,Upper middle income,2001,3835.76,61.98,1309589
Gabon,GAB,Sub-Saharan Africa,Upper middle income,2002,3966.48,62.17,1345135
Gabon,GAB,Sub-Saharan Africa,Upper middle income,2003,4710.75,62.46,1382350
Gabon,GAB,Sub-Saharan Africa,Upper middle income,2004,5465.79,62.69,1421609
Gabon,GAB,Sub-Saharan Africa,Upper middle income,2005,6547.88,62.98,1463495
Gabon,GAB,Sub-Saharan Africa,Upper middle income,2006,6847.01,63.26,1508337
Gabon,GAB,Sub-Saharan Africa,Upper middle income,2007,8003.54,63.62,1556237
Gabon,GAB,Sub-Saharan Africa,Upper middle income,2008,9688.65,64.01,1607175
Gabon,GAB,Sub-Saharan Africa,Upper middle income,2009,7290.58,64.36,1661556
Gabon,GAB,Sub-Saharan Africa,Upper middle income,2010,8356.75,64.72,1719879
Gabon,GAB,Sub-Saharan Africa,Upper middle income,2011,10219.11,65.10,1781985
Gabon,GAB,Sub-Saharan Africa,Upper middle income,2012,9296.97,65.44,1846889
Gabon,GAB,Sub-Saharan Africa,Upper middle income,2013,9197.70,65.75,1913059
Gabon,GAB,Sub-Saharan Africa,Upper middle income,2014,9201.36,66.07,1978399
Gabon,GAB,Sub-Saharan Africa,Upper middle income,2015,7047.13,66.34,2040989
Gabon,GAB,Sub-Saharan Africa,Upper middle income,2016,6677.07,66.58,2100306
Gabon,GAB,Sub-Saharan Africa,Upper middle income,2017,6921.73,66.82,2156900
Gabon,GAB,Sub-Saharan Africa,Upper middle income,2018,7624.28,67.04,2212318
Gabon,GAB,Sub-Saharan Africa,Upper middle income,2019,7441.18,67.34,2267706
Gabon,GAB,Sub-Saharan Africa,Upper middle income,2020,6605.80,67.07,2322539
Gabon,GAB,Sub-Saharan Africa,Upper middle income,2021,8181.41,67.07,2376722
Gabon,GAB,Sub-Saharan Africa,Upper middle income,2022,8409.21,67.71,2430747
Gabon,GAB,Sub-Saharan Africa,Upper middle income,2023,7802.82,68.34,2484789
"Gambia, The",GMB,Sub-Saharan Africa,Low income,2000,538.05,56.90,1455084
"Gambia, The",GMB,Sub-Saharan Africa,Low income,2001,459.80,57.28,1495011
"Gambia, The",GMB,Sub-Saharan Africa,Low income,2002,376.53,57.74,1535691
"Gambia, The",GMB,Sub-Saharan Africa,Low income,2003,308.72,58.22,1577611
"Gambia, The",GMB,Sub-Saharan Africa,Low income,2004,593.29,58.75,1621312
"Gambia, The",GMB,Sub-Saharan Africa,Low income,2005,616.48,59.11,1667037
"Gambia, The",GMB,Sub-Saharan Africa,Low income,2006,614.54,59.67,1715275
"Gambia, The",GMB,Sub-Saharan Africa,Low income,2007,724.73,60.00,1765774
"Gambia, The",GMB,Sub-Saharan Africa,Low income,2008,859.13,60.47,1817852
"Gambia, The",GMB,Sub-Saharan Africa,Low income,2009,774.89,60.73,1871422
"Gambia, The",GMB,Sub-Saharan Africa,Low income,2010,801.03,61.17,1926630
"Gambia, The",GMB,Sub-Saharan Africa,Low income,2011,710.61,61.56,1983784
"Gambia, The",GMB,Sub-Saharan Africa,Low income,2012,692.58,61.90,2043094
"Gambia, The",GMB,Sub-Saharan Africa,Low income,2013,653.86,62.25,2103820
"Gambia, The",GMB,Sub-Saharan Africa,Low income,2014,568.00,62.58,2164528
"Gambia, The",GMB,Sub-Saharan Africa,Low income,2015,619.54,62.97,2224529
"Gambia, The",GMB,Sub-Saharan Africa,Low income,2016,650.06,63.39,2283769
"Gambia, The",GMB,Sub-Saharan Africa,Low income,2017,642.52,63.71,2342189
"Gambia, The",GMB,Sub-Saharan Africa,Low income,2018,696.22,64.03,2399632
"Gambia, The",GMB,Sub-Saharan Africa,Low income,2019,738.19,64.43,2456844
"Gambia, The",GMB,Sub-Saharan Africa,Low income,2020,720.34,64.42,2515733
"Gambia, The",GMB,Sub-Saharan Africa,Low income,2021,781.89,63.85,2576010
"Gambia, The",GMB,Sub-Saharan Africa,Low income,2022,836.24,64.86,2636470
"Gambia, The",GMB,Sub-Saharan Africa,Low income,2023,883.02,65.86,2697845
Georgia,GEO,Europe & Central Asia,Upper middle income,2000,749.91,70.09,4077131
Georgia,GEO,Europe & Central Asia,Upper middle income,2001,801.98,70.37,4014373
Georgia,GEO,Europe & Central Asia,Upper middle income,2002,853.53,70.44,3978515
Georgia,GEO,Europe & Central Asia,Upper middle income,2003,1010.03,71.38,3951736
Georgia,GEO,Europe & Central Asia,Upper middle income,2004,1305.05,71.01,3927340
Georgia,GEO,Europe & Central Asia,Upper middle income,2005,1642.78,70.69,3902469
Georgia,GEO,Europe & Central Asia,Upper middle income,2006,1996.02,70.98,3880347
Georgia,GEO,Europe & Central Asia,Upper middle income,2007,2635.37,70.98,3860158
Georgia,GEO,Europe & Central Asia,Upper middle income,2008,3324.75,70.95,3848449
Georgia,GEO,Europe & Central Asia,Upper middle income,2009,2822.69,71.06,3814419
Georgia,GEO,Europe & Central Asia,Upper middle income,2010,3281.73,71.73,3786695
Georgia,GEO,Europe & Central Asia,Upper middle income,2011,4119.67,72.48,3756441
Georgia,GEO,Europe & Central Asia,Upper middle income,2012,4530.70,72.67,3728874
Georgia,GEO,Europe & Central Asia,Upper middle income,2013,4712.00,73.03,3717668
Georgia,GEO,Europe & Central Asia,Upper middle income,2014,4830.33,73.11,3719414
Georgia,GEO,Europe & Central Asia,Upper middle income,2015,4086.62,73.24,3725276
Georgia,GEO,Europe & Central Asia,Upper middle income,2016,4143.40,73.14,3727505
Georgia,GEO,Europe & Central Asia,Upper middle income,2017,4418.75,73.44,3728004
Georgia,GEO,Europe & Central Asia,Upper middle income,2018,4804.05,73.98,3726549
Georgia,GEO,Europe & Central Asia,Upper middle income,2019,4741.28,74.17,3720161
Georgia,GEO,Europe & Central Asia,Upper middle income,2020,4300.86,73.51,3722716
Georgia,GEO,Europe & Central Asia,Upper middle income,2021,5083.61,71.64,3708610
Georgia,GEO,Europe & Central Asia,Upper middle income,2022,6729.85,74.14,3712502
Georgia,GEO,Europe & Central Asia,Upper middle income,2023,8283.67,74.50,3715483
Germany,DEU,Europe & Central Asia,High income,2000,23925.86,77.93,82211508
Germany,DEU,Europe & Central Asia,High income,2001,23878.36,78.33,82349925
Germany,DEU,Europe & Central Asia,High income,2002,25486.59,78.23,82488495
Germany,DEU,Europe & Central Asia,High income,2003,30711.10,78.38,82534176
Germany,DEU,Europe & Central Asia,High income,2004,34566.74,78.68,82516260
Germany,DEU,Europe & Central Asia,High income,2005,35084.44,78.93,82469422
Germany,DEU,Europe & Central Asia,High income,2006,36980.33,79.13,82376451
Germany,DEU,Europe & Central Asia,High income,2007,42350.92,79.53,82266372
Germany,DEU,Europe & Central Asia,High income,2008,46379.16,79.74,82110097
Germany,DEU,Europe & Central Asia,High income,2009,42471.89,79.84,81902307
Germany,DEU,Europe & Central Asia,High income,2010,42396.97,79.99,81776930
Germany,DEU,Europe & Central Asia,High income,2011,47630.98,80.44,80274983
Germany,DEU,Europe & Central Asia,High income,2012,44718.02,80.54,80425823
Germany,DEU,Europe & Central Asia,High income,2013,47206.84,80.49,80645605
Germany,DEU,Europe & Central Asia,High income,2014,48959.60,81.09,80982500
Germany,DEU,Europe & Central Asia,High income,2015,41929.75,80.64,81686611
Germany,DEU,Europe & Central Asia,High income,2016,42948.94,80.99,82348669
Germany,DEU,Europe & Central Asia,High income,2017,45553.93,80.99,82657002
Germany,DEU,Europe & Central Asia,High income,2018,48916.17,80.89,82905782
Germany,DEU,Europe & Central Asia,High income,2019,47656.20,81.29,83092962
Germany,DEU,Europe & Central Asia,High income,2020,47394.87,81.04,83160871
Germany,DEU,Europe & Central Asia,High income,2021,52349.25,80.79,83196078
Germany,DEU,Europe & Central Asia,High income,2022,50506.52,80.61,83177813
Germany,DEU,Europe & Central Asia,High income,2023,54776.77,81.04,83287273
Ghana,GHA,Sub-Saharan Africa,Lower middle income,2000,253.75,58.14,19637087
Ghana,GHA,Sub-Saharan Africa,Lower middle income,2001,263.54,58.40,20167069
Ghana,GHA,Sub-Saharan Africa,Lower middle income,2002,297.46,58.71,20729388
Ghana,GHA,Sub-Saharan Africa,Lower middle income,2003,358.40,59.01,21296705
Ghana,GHA,Sub-Saharan Africa,Lower middle income,2004,406.13,59.32,21868298
Ghana,GHA,Sub-Saharan Africa,Lower middle income,2005,478.61,59.64,22449438
Ghana,GHA,Sub-Saharan Africa,Lower middle income,2006,906.44,59.98,23040702
Ghana,GHA,Sub-Saharan Africa,Lower middle income,2007,1050.12,60.28,23642279
Ghana,GHA,Sub-Saharan Africa,Lower middle income,2008,1182.66,60.58,24249946
Ghana,GHA,Sub-Saharan Africa,Lower middle income,2009,1047.70,60.93,24862664
Ghana,GHA,Sub-Saharan Africa,Lower middle income,2010,1263.89,61.30,25474995
Ghana,GHA,Sub-Saharan Africa,Lower middle income,2011,1507.44,61.62,26095088
Ghana,GHA,Sub-Saharan Africa,Lower middle income,2012,1543.78,61.99,26734268
Ghana,GHA,Sub-Saharan Africa,Lower middle income,2013,2294.80,62.40,27386193
Ghana,GHA,Sub-Saharan Africa,Lower middle income,2014,1949.91,62.83,28041592
Ghana,GHA,Sub-Saharan Africa,Lower middle income,2015,1722.77,63.17,28696068
Ghana,GHA,Sub-Saharan Africa,Lower middle income,2016,1912.48,63.52,29356742
Ghana,GHA,Sub-Saharan Africa,Lower middle income,2017,2012.29,63.83,30008354
Ghana,GHA,Sub-Saharan Africa,Lower middle income,2018,2195.32,64.14,30637585
Ghana,GHA,Sub-Saharan Africa,Lower middle income,2019,2186.66,64.45,31258945
Ghana,GHA,Sub-Saharan Africa,Lower middle income,2020,2195.45,64.31,31887809
Ghana,GHA,Sub-Saharan Africa,Lower middle income,2021,2445.19,64.29,32518665
Ghana,GHA,Sub-Saharan Africa,Lower middle income,2022,2229.89,65.25,33149152
Ghana,GHA,Sub-Saharan Africa,Lower middle income,2023,2383.90,65.50,33787914
Greece,GRC,Europe & Central Asia,High income,2000,11638.20,77.89,10805808
Greece,GRC,Europe & Central Asia,High income,2001,12156.96,78.39,10862132
Greece,GRC,Europe & Central Asia,High income,2002,13782.20,78.64,10902022
Greece,GRC,Europe & Central Asia,High income,2003,18020.61,78.84,10928070
Greece,GRC,Europe & Central Asia,High income,2004,21449.26,79.04,10955141
Greece,GRC,Europe & Central Asia,High income,2005,22054.13,79.24,10987314
Greece,GRC,Europe & Central Asia,High income,2006,24416.02,79.44,11020362
Greece,GRC,Europe & Central Asia,High income,2007,28440.76,79.44,11048473
Greece,GRC,Europe & Central Asia,High income,2008,31695.83,79.94,11077841
Greece,GRC,Europe & Central Asia,High income,2009,29425.46,80.19,11107017
Greece,GRC,Europe & Central Asia,High income,2010,26653.05,80.39,11121341
Greece,GRC,Europe & Central Asia,High income,2011,25504.79,80.73,11104899
Greece,GRC,Europe & Central Asia,High income,2012,21624.35,80.63,11045011
Greece,GRC,Europe & Central Asia,High income,2013,21573.34,81.29,10965211
Greece,GRC,Europe & Central Asia,High income,2014,21474.73,81.39,10892413
Greece,GRC,Europe & Central Asia,High income,2015,17980.73,81.04,10820883
Greece,GRC,Europe & Central Asia,High income,2016,17919.24,81.39,10775971
Greece,GRC,Europe & Central Asia,High income,2017,18631.99,81.29,10754679
Greece,GRC,Europe & Central Asia,High income,2018,19873.40,81.79,10732882
Greece,GRC,Europe & Central Asia,High income,2019,19335.36,81.64,10721582
Greece,GRC,Europe & Central Asia,High income,2020,17886.73,81.29,10698599
Greece,GRC,Europe & Central Asia,High income,2021,20654.70,80.08,10569207
Greece,GRC,Europe & Central Asia,High income,2022,20886.52,80.79,10436882
Greece,GRC,Europe & Central Asia,High income,2023,23343.71,81.74,10407351
Greenland,GRL,Europe & Central Asia,High income,2000,19009.08,64.80,56185
Greenland,GRL,Europe & Central Asia,High income,2001,19265.52,65.01,56379
Greenland,GRL,Europe & Central Asia,High income,2002,20657.95,65.42,56595
Greenland,GRL,Europe & Central Asia,High income,2003,27466.65,66.12,56751
Greenland,GRL,Europe & Central Asia,High income,2004,32031.00,66.81,56898
Greenland,GRL,Europe & Central Asia,High income,2005,32489.73,67.31,56935
Greenland,GRL,Europe & Central Asia,High income,2006,35457.63,67.82,56775
Greenland,GRL,Europe & Central Asia,High income,2007,39780.94,68.27,56555
Greenland,GRL,Europe & Central Asia,High income,2008,44366.79,68.57,56328
Greenland,GRL,Europe & Central Asia,High income,2009,44918.84,69.03,56323
Greenland,GRL,Europe & Central Asia,High income,2010,44277.20,69.35,56534
Greenland,GRL,Europe & Central Asia,High income,2011,47186.88,69.61,56890
Greenland,GRL,Europe & Central Asia,High income,2012,45936.96,69.96,56810
Greenland,GRL,Europe & Central Asia,High income,2013,47535.49,70.29,56483
Greenland,GRL,Europe & Central Asia,High income,2014,50485.22,70.51,56295
Greenland,GRL,Europe & Central Asia,High income,2015,44536.35,70.91,56114
Greenland,GRL,Europe & Central Asia,High income,2016,48181.75,71.20,56186
Greenland,GRL,Europe & Central Asia,High income,2017,50765.75,71.26,56172
Greenland,GRL,Europe & Central Asia,High income,2018,54545.14,71.36,56023
Greenland,GRL,Europe & Central Asia,High income,2019,53309.20,71.41,56225
Greenland,GRL,Europe & Central Asia,High income,2020,54812.67,71.29,56367
Greenland,GRL,Europe & Central Asia,High income,2021,58135.99,71.26,56653
Greenland,GRL,Europe & Central Asia,High income,2022,55635.00,71.23,56661
Greenland,GRL,Europe & Central Asia,High income,2023,58498.97,70.97,56865
Grenada,GRD,Latin America & Caribbean,Upper middle income,2000,4839.83,72.95,107451
Grenada,GRD,Latin America & Caribbean,Upper middle income,2001,4819.51,73.03,107987
Grenada,GRD,Latin America & Caribbean,Upper middle income,2002,4984.47,73.14,108404
Grenada,GRD,Latin America & Caribbean,Upper middle income,2003,5427.96,73.29,108884
Grenada,GRD,Latin America & Caribbean,Upper middle income,2004,5480.26,72.45,109323
Grenada,GRD,Latin America & Caribbean,Upper middle income,2005,6338.56,73.70,109734
Grenada,GRD,Latin America & Caribbean,Upper middle income,2006,6344.04,73.93,110135
Grenada,GRD,Latin America & Caribbean,Upper middle income,2007,6864.55,74.16,110522
Grenada,GRD,Latin America & Caribbean,Upper middle income,2008,7448.20,74.37,110896
Grenada,GRD,Latin America & Caribbean,Upper middle income,2009,6932.56,74.57,111254
Grenada,GRD,Latin America & Caribbean,Upper middle income,2010,6909.60,74.73,111586
Grenada,GRD,Latin America & Caribbean,Upper middle income,2011,6947.38,74.86,112079
Grenada,GRD,Latin America & Caribbean,Upper middle income,2012,7092.72,74.96,112775
Grenada,GRD,Latin America & Caribbean,Upper middle income,2013,7424.80,75.02,113487
Grenada,GRD,Latin America & Caribbean,Upper middle income,2014,7986.33,75.05,114132
Grenada,GRD,Latin America & Caribbean,Upper middle income,2015,8694.12,75.04,114676
Grenada,GRD,Latin America & Caribbean,Upper middle income,2016,9221.23,75.01,115130
Grenada,GRD,Latin America & Caribbean,Upper middle income,2017,9751.43,74.98,115438
Grenada,GRD,Latin America & Caribbean,Upper middle income,2018,10083.02,74.96,115691
Grenada,GRD,Latin America & Caribbean,Upper middle income,2019,10462.79,74.97,115981
Grenada,GRD,Latin America & Caribbean,Upper middle income,2020,8968.56,75.02,116341
Grenada,GRD,Latin America & Caribbean,Upper middle income,2021,9617.29,74.52,116688
Grenada,GRD,Latin America & Caribbean,Upper middle income,2022,10469.39,75.15,116913
Grenada,GRD,Latin America & Caribbean,Upper middle income,2023,11414.48,75.20,117081
Guam,GUM,East Asia & Pacific,High income,2002,20909.96,75.51,162315
Guam,GUM,East Asia & Pacific,High income,2003,21877.32,75.89,163137
Guam,GUM,East Asia & Pacific,High income,2004,23618.83,76.11,163810
Guam,GUM,East Asia & Pacific,High income,2005,25631.98,76.43,164365
Guam,GUM,East Asia & Pacific,High income,2006,25709.94,76.48,164839
Guam,GUM,East Asia & Pacific,High income,2007,26605.43,76.40,165267
Guam,GUM,East Asia & Pacific,High income,2008,28112.23,76.23,165693
Guam,GUM,East Asia & Pacific,High income,2009,29054.06,76.14,166173
Guam,GUM,East Asia & Pacific,High income,2010,29719.80,76.09,166522
Guam,GUM,East Asia & Pacific,High income,2011,29926.21,76.15,166543
Guam,GUM,East Asia & Pacific,High income,2012,31653.75,76.24,166331
Guam,GUM,East Asia & Pacific,High income,2013,32530.76,76.36,165966
Guam,GUM,East Asia & Pacific,High income,2014,33900.15,76.42,165486
Guam,GUM,East Asia & Pacific,High income,2015,35165.70,76.44,164905
Guam,GUM,East Asia & Pacific,High income,2016,35930.66,76.45,164233
Guam,GUM,East Asia & Pacific,High income,2017,36779.01,76.46,163490
Guam,GUM,East Asia & Pacific,High income,2018,37195.95,76.56,162679
Guam,GUM,East Asia & Pacific,High income,2019,39274.94,76.64,161808
Guam,GUM,East Asia & Pacific,High income,2020,36482.94,75.53,162158
Guam,GUM,East Asia & Pacific,High income,2021,38074.88,75.43,163730
Guam,GUM,East Asia & Pacific,High income,2022,41833.15,77.10,165180
Guatemala,GTM,Latin America & Caribbean,Upper middle income,2000,1648.97,67.10,11697592
Guatemala,GTM,Latin America & Caribbean,Upper middle income,2001,1537.69,67.44,11969422
Guatemala,GTM,Latin America & Caribbean,Upper middle income,2002,1669.34,67.83,12246915
Guatemala,GTM,Latin America & Caribbean,Upper middle income,2003,1722.55,68.20,12525842
Guatemala,GTM,Latin America & Caribbean,Upper middle income,2004,1840.91,68.25,12807402
Guatemala,GTM,Latin America & Caribbean,Upper middle income,2005,2046.47,68.17,13087629
Guatemala,GTM,Latin America & Caribbean,Upper middle income,2006,2225.12,68.79,13367459
Guatemala,GTM,Latin America & Caribbean,Upper middle income,2007,2458.82,69.30,13652040
Guatemala,GTM,Latin America & Caribbean,Upper middle income,2008,2763.06,69.49,13935174
Guatemala,GTM,Latin America & Caribbean,Upper middle income,2009,2611.65,69.68,14215611
Guatemala,GTM,Latin America & Caribbean,Upper middle income,2010,2805.26,69.89,14500112
Guatemala,GTM,Latin America & Caribbean,Upper middle income,2011,3168.98,70.32,14792126
Guatemala,GTM,Latin America & Caribbean,Upper middle income,2012,3286.62,70.72,15089647
Guatemala,GTM,Latin America & Caribbean,Upper middle income,2013,3444.16,70.88,15387337
Guatemala,GTM,Latin America & Caribbean,Upper middle income,2014,3689.15,70.94,15681725
Guatemala,GTM,Latin America & Caribbean,Upper middle income,2015,3893.51,70.92,15971743
Guatemala,GTM,Latin America & Caribbean,Upper middle income,2016,4060.14,71.22,16268760
Guatemala,GTM,Latin America & Caribbean,Upper middle income,2017,4325.00,71.58,16567357
Guatemala,GTM,Latin America & Caribbean,Upper middle income,2018,4352.95,71.50,16845685
Guatemala,GTM,Latin America & Caribbean,Upper middle income,2019,4512.00,71.64,17103803
Guatemala,GTM,Latin America & Caribbean,Upper middle income,2020,4477.62,69.97,17357325
Guatemala,GTM,Latin America & Caribbean,Upper middle income,2021,4912.62,67.86,17598650
Guatemala,GTM,Latin America & Caribbean,Upper middle income,2022,5358.70,71.21,17847877
Guatemala,GTM,Latin America & Caribbean,Upper middle income,2023,5758.33,72.60,18124838
Guinea,GIN,Sub-Saharan Africa,Lower middle income,2000,518.16,52.42,8428832
Guinea,GIN,Sub-Saharan Africa,Lower middle income,2001,483.09,52.67,8539960
Guinea,GIN,Sub-Saharan Africa,Lower middle income,2002,495.92,53.20,8674066
Guinea,GIN,Sub-Saharan Africa,Lower middle income,2003,566.49,53.59,8870781
Guinea,GIN,Sub-Saharan Africa,Lower middle income,2004,584.90,53.98,9062726
Guinea,GIN,Sub-Saharan Africa,Lower middle income,2005,463.18,54.42,9245844
Guinea,GIN,Sub-Saharan Africa,Lower middle income,2006,446.98,54.88,9441171
Guinea,GIN,Sub-Saharan Africa,Lower middle income,2007,650.15,55.23,9662281
Guinea,GIN,Sub-Saharan Africa,Lower middle income,2008,703.53,55.70,9898870
Guinea,GIN,Sub-Saharan Africa,Lower middle income,2009,662.19,56.05,10143534
Guinea,GIN,Sub-Saharan Africa,Lower middle income,2010,659.24,56.43,10396086
Guinea,GIN,Sub-Saharan Africa,Lower middle income,2011,636.69,56.78,10656810
Guinea,GIN,Sub-Saharan Africa,Lower middle income,2012,699.35,57.12,10921581
Guinea,GIN,Sub-Saharan Africa,Lower middle income,2013,748.46,57.46,11191873
Guinea,GIN,Sub-Saharan Africa,Lower middle income,2014,765.15,57.58,11472924
Guinea,GIN,Sub-Saharan Africa,Lower middle income,2015,747.36,57.90,11767070
Guinea,GIN,Sub-Saharan Africa,Lower middle income,2016,712.00,58.49,12073030
Guinea,GIN,Sub-Saharan Africa,Lower middle income,2017,833.60,58.72,12385659
Guinea,GIN,Sub-Saharan Africa,Lower middle income,2018,933.27,59.04,12704774
Guinea,GIN,Sub-Saharan Africa,Lower middle income,2019,1031.34,59.38,13034346
Guinea,GIN,Sub-Saharan Africa,Lower middle income,2020,1053.66,59.35,13371183
Guinea,GIN,Sub-Saharan Africa,Lower middle income,2021,1244.97,59.37,13710513
Guinea,GIN,Sub-Saharan Africa,Lower middle income,2022,1416.60,60.43,14055137
Guinea,GIN,Sub-Saharan Africa,Lower middle income,2023,1555.49,60.74,14405468
Guinea-Bissau,GNB,Sub-Saharan Africa,Low income,2000,316.95,50.56,1234741
Guinea-Bissau,GNB,Sub-Saharan Africa,Low income,2001,327.14,51.05,1261273
Guinea-Bissau,GNB,Sub-Saharan Africa,Low income,2002,362.03,51.61,1289307
Guinea-Bissau,GNB,Sub-Saharan Africa,Low income,2003,419.78,52.19,1318806
Guinea-Bissau,GNB,Sub-Saharan Africa,Low income,2004,431.38,52.80,1349563
Guinea-Bissau,GNB,Sub-Saharan Africa,Low income,2005,463.07,52.95,1381585
Guinea-Bissau,GNB,Sub-Saharan Africa,Low income,2006,448.51,54.09,1415303
Guinea-Bissau,GNB,Sub-Saharan Africa,Low income,2007,519.07,54.87,1450986
Guinea-Bissau,GNB,Sub-Saharan Africa,Low income,2008,640.21,55.30,1488054
Guinea-Bissau,GNB,Sub-Saharan Africa,Low income,2009,583.19,56.30,1526377
Guinea-Bissau,GNB,Sub-Saharan Africa,Low income,2010,600.19,57.00,1566347
Guinea-Bissau,GNB,Sub-Saharan Africa,Low income,2011,719.54,57.66,1608076
Guinea-Bissau,GNB,Sub-Saharan Africa,Low income,2012,635.46,58.27,1651417
Guinea-Bissau,GNB,Sub-Saharan Africa,Low income,2013,654.30,58.88,1695973
Guinea-Bissau,GNB,Sub-Saharan Africa,Low income,2014,652.02,59.48,1741122
Guinea-Bissau,GNB,Sub-Saharan Africa,Low income,2015,645.07,60.07,1786457
Guinea-Bissau,GNB,Sub-Saharan Africa,Low income,2016,679.67,60.62,1831893
Guinea-Bissau,GNB,Sub-Saharan Africa,Low income,2017,783.12,61.15,1877072
Guinea-Bissau,GNB,Sub-Saharan Africa,Low income,2018,808.53,61.65,1922168
Guinea-Bissau,GNB,Sub-Saharan Africa,Low income,2019,811.22,62.16,1967696
Guinea-Bissau,GNB,Sub-Saharan Africa,Low income,2020,846.92,61.34,2013255
Guinea-Bissau,GNB,Sub-Saharan Africa,Low income,2021,926.78,61.65,2058841
Guinea-Bissau,GNB,Sub-Saharan Africa,Low income,2022,883.20,63.60,2105529
Guinea-Bissau,GNB,Sub-Saharan Africa,Low income,2023,988.09,64.08,2153339
Guyana,GUY,Latin America & Caribbean,High income,2000,931.80,64.08,764832
Guyana,GUY,Latin America & Caribbean,High income,2001,931.57,64.38,764477
Guyana,GUY,Latin America & Caribbean,High income,2002,950.87,64.18,763652
Guyana,GUY,Latin America & Caribbean,High income,2003,973.74,64.12,763101
Guyana,GUY,Latin America & Caribbean,High income,2004,1033.31,64.21,762418
Guyana,GUY,Latin America & Caribbean,High income,2005,1084.07,64.39,760914
Guyana,GUY,Latin America & Caribbean,High income,2006,3135.61,64.85,758966
Guyana,GUY,Latin America & Caribbean,High income,2007,3608.29,65.46,756861
Guyana,GUY,Latin America & Caribbean,High income,2008,4008.96,65.72,754606
Guyana,GUY,Latin America & Caribbean,High income,2009,4209.13,66.03,752094
Guyana,GUY,Latin America & Caribbean,High income,2010,4581.76,66.20,749256
Guyana,GUY,Latin America & Caribbean,High income,2011,4947.22,66.47,746153
Guyana,GUY,Latin America & Caribbean,High income,2012,5444.40,66.44,746288
Guyana,GUY,Latin America & Caribbean,High income,2013,5556.91,66.71,750021
Guyana,GUY,Latin America & Caribbean,High income,2014,5472.69,67.33,754229
Guyana,GUY,Latin America & Caribbean,High income,2015,5640.42,67.72,758781
Guyana,GUY,Latin America & Caribbean,High income,2016,5870.88,68.07,763548
Guyana,GUY,Latin America & Caribbean,High income,2017,6178.67,68.54,768479
Guyana,GUY,Latin America & Caribbean,High income,2018,6048.39,68.83,791556
Guyana,GUY,Latin America & Caribbean,High income,2019,6405.82,69.07,807665
Guyana,GUY,Latin America & Caribbean,High income,2020,6775.71,67.75,807481
Guyana,GUY,Latin America & Caribbean,High income,2021,9860.87,64.32,815482
Guyana,GUY,Latin America & Caribbean,High income,2022,17913.49,69.89,821637
Guyana,GUY,Latin America & Caribbean,High income,2023,20473.70,70.18,826353
Haiti,HTI,Latin America & Caribbean,Lower middle income,2000,820.60,58.17,8303151
Haiti,HTI,Latin America & Caribbean,Lower middle income,2001,748.82,58.59,8455918
Haiti,HTI,Latin America & Caribbean,Lower middle income,2002,720.97,59.04,8607641
Haiti,HTI,Latin America & Caribbean,Lower middle income,2003,579.00,59.44,8759912
Haiti,HTI,Latin America & Caribbean,Lower middle income,2004,683.19,58.52,8910263
Haiti,HTI,Latin America & Caribbean,Lower middle income,2005,775.85,60.32,9061273
Haiti,HTI,Latin America & Caribbean,Lower middle income,2006,828.81,60.74,9216562
Haiti,HTI,Latin America & Caribbean,Lower middle income,2007,984.57,61.09,9373296
Haiti,HTI,Latin America & Caribbean,Lower middle income,2008,1094.66,61.28,9530774
Haiti,HTI,Latin America & Caribbean,Lower middle income,2009,1196.85,61.69,9689581
Haiti,HTI,Latin America & Caribbean,Lower middle income,2010,1209.73,45.58,9803294
Haiti,HTI,Latin America & Caribbean,Lower middle income,2011,1312.04,61.58,9914904
Haiti,HTI,Latin America & Caribbean,Lower middle income,2012,1361.39,62.27,10069771
Haiti,HTI,Latin America & Caribbean,Lower middle income,2013,1457.83,62.62,10222362
Haiti,HTI,Latin America & Caribbean,Lower middle income,2014,1460.19,62.97,10373235
Haiti,HTI,Latin America & Caribbean,Lower middle income,2015,1411.13,63.22,10523242
Haiti,HTI,Latin America & Caribbean,Lower middle income,2016,1318.40,63.33,10671457
Haiti,HTI,Latin America & Caribbean,Lower middle income,2017,1395.24,63.83,10817754
Haiti,HTI,Latin America & Caribbean,Lower middle income,2018,1496.38,64.08,10962362
Haiti,HTI,Latin America & Caribbean,Lower middle income,2019,1352.17,64.33,11105163
Haiti,HTI,Latin America & Caribbean,Lower middle income,2020,1290.33,63.77,11243848
Haiti,HTI,Latin America & Caribbean,Lower middle income,2021,1841.33,62.61,11374586
Haiti,HTI,Latin America & Caribbean,Lower middle income,2022,1760.63,63.95,11503606
Haiti,HTI,Latin America & Caribbean,Lower middle income,2023,1705.76,64.94,11637398
Honduras,HND,Latin America & Caribbean,Lower middle income,2000,1092.56,68.30,6577773
Honduras,HND,Latin America & Caribbean,Lower middle income,2001,1132.16,68.49,6757993
Honduras,HND,Latin America & Caribbean,Lower middle income,2002,1132.50,68.71,6938859
Honduras,HND,Latin America & Caribbean,Lower middle income,2003,1156.08,68.87,7119213
Honduras,HND,Latin America & Caribbean,Lower middle income,2004,1215.14,69.05,7298994
Honduras,HND,Latin America & Caribbean,Lower middle income,2005,1304.70,69.20,7478355
Honduras,HND,Latin America & Caribbean,Lower middle income,2006,1425.85,69.36,7656832
Honduras,HND,Latin America & Caribbean,Lower middle income,2007,1577.74,69.54,7834798
Honduras,HND,Latin America & Caribbean,Lower middle income,2008,1732.49,69.66,8012587
Honduras,HND,Latin America & Caribbean,Lower middle income,2009,1781.16,69.82,8189899
Honduras,HND,Latin America & Caribbean,Lower middle income,2010,1893.33,69.77,8365878
Honduras,HND,Latin America & Caribbean,Lower middle income,2011,2073.66,70.12,8540583
Honduras,HND,Latin America & Caribbean,Lower middle income,2012,2126.03,70.46,8715076
Honduras,HND,Latin America & Caribbean,Lower middle income,2013,2081.13,70.77,8889278
Honduras,HND,Latin America & Caribbean,Lower middle income,2014,2179.88,71.03,9063122
Honduras,HND,Latin America & Caribbean,Lower middle income,2015,2271.20,71.32,9237305
Honduras,HND,Latin America & Caribbean,Lower middle income,2016,2307.34,71.61,9412380
Honduras,HND,Latin America & Caribbean,Lower middle income,2017,2413.01,71.81,9588137
Honduras,HND,Latin America & Caribbean,Lower middle income,2018,2464.64,72.00,9765210
Honduras,HND,Latin America & Caribbean,Lower middle income,2019,2502.33,72.12,9943633
Honduras,HND,Latin America & Caribbean,Lower middle income,2020,2307.61,70.86,10119640
Honduras,HND,Latin America & Caribbean,Lower middle income,2021,2735.15,69.49,10289877
Honduras,HND,Latin America & Caribbean,Lower middle income,2022,3003.29,72.72,10463872
Honduras,HND,Latin America & Caribbean,Lower middle income,2023,3227.46,72.88,10644851
"Hong Kong SAR, China",HKG,East Asia & Pacific,High income,2000,25756.77,80.87,6665000
"Hong Kong SAR, China",HKG,East Asia & Pacific,High income,2001,25230.38,81.42,6714300
"Hong Kong SAR, China",HKG,East Asia & Pacific,High income,2002,24665.84,81.45,6744100
"Hong Kong SAR, China",HKG,East Asia & Pacific,High income,2003,23977.17,81.34,6730800
"Hong Kong SAR, China",HKG,East Asia & Pacific,High income,2004,24928.10,81.80,6783500
"Hong Kong SAR, China",HKG,East Asia & Pacific,High income,2005,26649.64,81.61,6813200
"Hong Kong SAR, China",HKG,East Asia & Pacific,High income,2006,28224.10,82.38,6857100
"Hong Kong SAR, China",HKG,East Asia & Pacific,High income,2007,30593.95,82.37,6916300
"Hong Kong SAR, China",HKG,East Asia & Pacific,High income,2008,31515.53,82.34,6957800
"Hong Kong SAR, China",HKG,East Asia & Pacific,High income,2009,30697.54,82.78,6972800
"Hong Kong SAR, China",HKG,East Asia & Pacific,High income,2010,32550.14,82.96,7024200
"Hong Kong SAR, China",HKG,East Asia & Pacific,High income,2011,35142.49,83.41,7071600
"Hong Kong SAR, China",HKG,East Asia & Pacific,High income,2012,36730.80,83.45,7150100
"Hong Kong SAR, China",HKG,East Asia & Pacific,High income,2013,38403.78,83.83,7178900
"Hong Kong SAR, China",HKG,East Asia & Pacific,High income,2014,40315.37,83.94,7229500
"Hong Kong SAR, China",HKG,East Asia & Pacific,High income,2015,42432.16,84.25,7291300
"Hong Kong SAR, China",HKG,East Asia & Pacific,High income,2016,43734.20,84.21,7336600
"Hong Kong SAR, China",HKG,East Asia & Pacific,High income,2017,46160.43,84.70,7393200
"Hong Kong SAR, China",HKG,East Asia & Pacific,High income,2018,48537.57,84.87,7452600
"Hong Kong SAR, China",HKG,East Asia & Pacific,High income,2019,48359.00,85.16,7507900
"Hong Kong SAR, China",HKG,East Asia & Pacific,High income,2020,46109.23,85.50,7481000
"Hong Kong SAR, China",HKG,East Asia & Pacific,High income,2021,49770.56,85.53,7413100
"Hong Kong SAR, China",HKG,East Asia & Pacific,High income,2022,48825.84,83.66,7346100
"Hong Kong SAR, China",HKG,East Asia & Pacific,High income,2023,50562.36,85.25,7536100
Hungary,HUN,Europe & Central Asia,High income,2000,4629.92,71.25,10210971
Hungary,HUN,Europe & Central Asia,High income,2001,5280.95,72.25,10187576
Hungary,HUN,Europe & Central Asia,High income,2002,6658.04,72.35,10158608
Hungary,HUN,Europe & Central Asia,High income,2003,8410.09,72.30,10129552
Hungary,HUN,Europe & Central Asia,High income,2004,10291.27,72.65,10107146
Hungary,HUN,Europe & Central Asia,High income,2005,11212.20,72.65,10087065
Hungary,HUN,Europe & Central Asia,High income,2006,11478.49,73.10,10071370
Hungary,HUN,Europe & Central Asia,High income,2007,13934.61,73.15,10055780
Hungary,HUN,Europe & Central Asia,High income,2008,15762.63,73.70,10038188
Hungary,HUN,Europe & Central Asia,High income,2009,13051.18,73.90,10022650
Hungary,HUN,Europe & Central Asia,High income,2010,13189.84,74.21,10000023
Hungary,HUN,Europe & Central Asia,High income,2011,14211.46,74.86,9971727
Hungary,HUN,Europe & Central Asia,High income,2012,12950.16,75.06,9920362
Hungary,HUN,Europe & Central Asia,High income,2013,13739.46,75.57,9872734
Hungary,HUN,Europe & Central Asia,High income,2014,14352.50,75.76,9833038
Hungary,HUN,Europe & Central Asia,High income,2015,12782.94,75.57,9797755
Hungary,HUN,Europe & Central Asia,High income,2016,13215.86,76.06,9759755
Hungary,HUN,Europe & Central Asia,High income,2017,14736.17,75.82,9726756
Hungary,HUN,Europe & Central Asia,High income,2018,16605.06,76.07,9706964
Hungary,HUN,Europe & Central Asia,High income,2019,17012.86,76.32,9694824
Hungary,HUN,Europe & Central Asia,High income,2020,16386.93,75.42,9670419
Hungary,HUN,Europe & Central Asia,High income,2021,19030.63,74.07,9630932
Hungary,HUN,Europe & Central Asia,High income,2022,18428.03,75.87,9605074
Hungary,HUN,Europe & Central Asia,High income,2023,22230.63,76.57,9592186
Iceland,ISL,Europe & Central Asia,High income,2000,32503.58,79.65,281205
Iceland,ISL,Europe & Central Asia,High income,2001,29208.20,80.69,284968
Iceland,ISL,Europe & Central Asia,High income,2002,32749.38,80.50,287523
Iceland,ISL,Europe & Central Asia,High income,2003,39944.21,80.96,289521
Iceland,ISL,Europe & Central Asia,High income,2004,47809.61,81.00,292074
Iceland,ISL,Europe & Central Asia,High income,2005,57783.77,81.50,296734
Iceland,ISL,Europe & Central Asia,High income,2006,58172.14,81.16,303782
Iceland,ISL,Europe & Central Asia,High income,2007,70483.01,81.45,311566
Iceland,ISL,Europe & Central Asia,High income,2008,57489.34,81.61,317414
Iceland,ISL,Europe & Central Asia,High income,2009,41483.78,81.75,318499
Iceland,ISL,Europe & Central Asia,High income,2010,43776.47,81.90,318041
Iceland,ISL,Europe & Central Asia,High income,2011,48254.95,82.36,319014
Iceland,ISL,Europe & Central Asia,High income,2012,46594.99,82.92,320716
Iceland,ISL,Europe & Central Asia,High income,2013,50173.34,82.06,323764
Iceland,ISL,Europe & Central Asia,High income,2014,55140.36,82.86,327386
Iceland,ISL,Europe & Central Asia,High income,2015,53505.70,82.47,330815
Iceland,ISL,Europe & Central Asia,High income,2016,62854.09,82.20,335439
Iceland,ISL,Europe & Central Asia,High income,2017,72976.37,82.66,343400
Iceland,ISL,Europe & Central Asia,High income,2018,75633.87,82.86,352721
Iceland,ISL,Europe & Central Asia,High income,2019,69296.31,83.16,360563
Iceland,ISL,Europe & Central Asia,High income,2020,60127.94,83.06,366463
Iceland,ISL,Europe & Central Asia,High income,2021,70425.41,83.17,372520
Iceland,ISL,Europe & Central Asia,High income,2022,76350.46,82.12,382003
Iceland,ISL,Europe & Central Asia,High income,2023,82138.79,82.46,385663
India,IND,South Asia,Lower middle income,2000,442.75,62.75,1057922733
India,IND,South Asia,Lower middle income,2001,450.36,63.16,1077898575
India,IND,South Asia,Lower middle income,2002,469.15,63.65,1097600380
India,IND,South Asia,Lower middle income,2003,544.14,64.09,1116803006
India,IND,South Asia,Lower middle income,2004,624.26,64.48,1135991513
India,IND,South Asia,Lower middle income,2005,710.49,64.94,1154676322
India,IND,South Asia,Lower middle income,2006,801.67,65.37,1172878890
India,IND,South Asia,Lower middle income,2007,1021.89,65.80,1190676021
India,IND,South Asia,Lower middle income,2008,992.52,66.25,1207930964
India,IND,South Asia,Lower middle income,2009,1094.95,66.70,1225524753
India,IND,South Asia,Lower middle income,2010,1347.52,67.16,1243481564
India,IND,South Asia,Lower middle income,2011,1445.46,67.62,1261224954
India,IND,South Asia,Lower middle income,2012,1429.32,68.08,1278674502
India,IND,South Asia,Lower middle income,2013,1432.84,68.50,1295829511
India,IND,South Asia,Lower middle income,2014,1553.88,68.93,1312277191
India,IND,South Asia,Lower middle income,2015,1584.00,69.33,1328024498
India,IND,South Asia,Lower middle income,2016,1707.51,69.71,1343944296
India,IND,South Asia,Lower middle income,2017,1950.10,70.07,1359657400
India,IND,South Asia,Lower middle income,2018,1966.25,70.42,1374659064
India,IND,South Asia,Lower middle income,2019,2041.43,70.75,1389030312
India,IND,South Asia,Lower middle income,2020,1907.04,70.16,1402617695
India,IND,South Asia,Lower middle income,2021,2239.61,67.28,1414203896
India,IND,South Asia,Lower middle income,2022,2347.45,71.70,1425423212
India,IND,South Asia,Lower middle income,2023,2530.12,72.00,1438069596
Indonesia,IDN,East Asia & Pacific,Upper middle income,2000,763.71,66.29,216077790
Indonesia,IDN,East Asia & Pacific,Upper middle income,2001,732.31,66.58,219097902
Indonesia,IDN,East Asia & Pacific,Upper middle income,2002,881.00,66.95,222088495
Indonesia,IDN,East Asia & Pacific,Upper middle income,2003,1043.21,67.13,225048008
Indonesia,IDN,East Asia & Pacific,Upper middle income,2004,1126.84,65.52,227926649
Indonesia,IDN,East Asia & Pacific,Upper middle income,2005,1238.21,67.53,230871650
Indonesia,IDN,East Asia & Pacific,Upper middle income,2006,1558.32,67.66,233951652
Indonesia,IDN,East Asia & Pacific,Upper middle income,2007,1823.22,67.91,237062337
Indonesia,IDN,East Asia & Pacific,Upper middle income,2008,2124.55,68.08,240157903
Indonesia,IDN,East Asia & Pacific,Upper middle income,2009,2218.49,68.27,243220028
Indonesia,IDN,East Asia & Pacific,Upper middle income,2010,3065.68,68.36,246305322
Indonesia,IDN,East Asia & Pacific,Upper middle income,2011,3579.46,68.63,249470032
Indonesia,IDN,East Asia & Pacific,Upper middle income,2012,3632.27,68.86,252698525
Indonesia,IDN,East Asia & Pacific,Upper middle income,2013,3566.60,69.06,255852467
Indonesia,IDN,East Asia & Pacific,Upper middle income,2014,3441.07,69.29,258877399
Indonesia,IDN,East Asia & Pacific,Upper middle income,2015,3288.22,69.52,261799249
Indonesia,IDN,East Asia & Pacific,Upper middle income,2016,3521.47,69.73,264627418
Indonesia,IDN,East Asia & Pacific,Upper middle income,2017,3798.88,69.95,267346658
Indonesia,IDN,East Asia & Pacific,Upper middle income,2018,3860.95,70.08,269951846
Indonesia,IDN,East Asia & Pacific,Upper middle income,2019,4106.95,70.35,272489381
Indonesia,IDN,East Asia & Pacific,Upper middle income,2020,3853.70,68.82,274814866
Indonesia,IDN,East Asia & Pacific,Upper middle income,2021,4287.17,67.45,276758053
Indonesia,IDN,East Asia & Pacific,Upper middle income,2022,4730.83,70.92,278830529
Indonesia,IDN,East Asia & Pacific,Upper middle income,2023,4876.31,71.15,281190067
"Iran, Islamic Republic of",IRN,Middle East & North Africa,Upper middle income,2000,1650.01,70.17,66418659
"Iran, Islamic Republic of",IRN,Middle East & North Africa,Upper middle income,2001,1881.02,70.62,67452005
"Iran, Islamic Republic of",IRN,Middle East & North Africa,Upper middle income,2002,1891.26,71.11,68011317
"Iran, Islamic Republic of",IRN,Middle East & North Africa,Upper middle income,2003,2209.00,70.46,68769340
"Iran, Islamic Republic of",IRN,Middle East & North Africa,Upper middle income,2004,2672.42,72.04,70256316
"Iran, Islamic Republic of",IRN,Middle East & North Africa,Upper middle income,2005,3132.05,72.45,71828455
"Iran, Islamic Republic of",IRN,Middle East & North Africa,Upper middle income,2006,3618.92,72.89,73392747
"Iran, Islamic Republic of",IRN,Middle East & North Africa,Upper middle income,2007,4687.99,73.30,74602648
"Iran, Islamic Republic of",IRN,Middle East & North Africa,Upper middle income,2008,5377.41,73.68,75514204
"Iran, Islamic Republic of",IRN,Middle East & North Africa,Upper middle income,2009,5415.52,74.04,76457825
"Iran, Islamic Republic of",IRN,Middle East & North Africa,Upper middle income,2010,6291.19,74.39,77420842
"Iran, Islamic Republic of",IRN,Middle East & North Africa,Upper middle income,2011,8025.69,74.72,78383598
"Iran, Islamic Republic of",IRN,Middle East & North Africa,Upper middle income,2012,8114.08,75.04,79370580
"Iran, Islamic Republic of",IRN,Middle East & North Africa,Upper middle income,2013,6222.74,75.35,80414686
"Iran, Islamic Republic of",IRN,Middle East & North Africa,Upper middle income,2014,5672.06,75.64,81502045
"Iran, Islamic Republic of",IRN,Middle East & North Africa,Upper middle income,2015,4952.73,75.91,82619362
"Iran, Islamic Republic of",IRN,Middle East & North Africa,Upper middle income,2016,5710.60,76.16,83812228
"Iran, Islamic Republic of",IRN,Middle East & North Africa,Upper middle income,2017,6000.93,76.40,85026754
"Iran, Islamic Republic of",IRN,Middle East & North Africa,Upper middle income,2018,4783.01,76.62,86117998
"Iran, Islamic Republic of",IRN,Middle East & North Africa,Upper middle income,2019,3997.49,76.86,87051648
"Iran, Islamic Republic of",IRN,Middle East & North Africa,Upper middle income,2020,3202.50,74.14,87723443
"Iran, Islamic Republic of",IRN,Middle East & North Africa,Upper middle income,2021,4605.15,73.75,88455488
"Iran, Islamic Republic of",IRN,Middle East & North Africa,Upper middle income,2022,4721.20,76.80,89524246
"Iran, Islamic Republic of",IRN,Middle East & North Africa,Upper middle income,2023,5049.30,77.65,90608707
Iraq,IRQ,Middle East & North Africa,Upper middle income,2000,1980.19,64.86,24424056
Iraq,IRQ,Middle East & North Africa,Upper middle income,2001,1435.70,65.29,25197840
Iraq,IRQ,Middle East & North Africa,Upper middle income,2002,1266.16,65.72,26006559
Iraq,IRQ,Middle East & North Africa,Upper middle income,2003,817.89,64.83,26802659
Iraq,IRQ,Middle East & North Africa,Upper middle income,2004,1328.37,64.63,27577878
Iraq,IRQ,Middle East & North Africa,Upper middle income,2005,1762.39,64.90,28407448
Iraq,IRQ,Middle East & North Africa,Upper middle income,2006,2276.55,64.03,28616515
Iraq,IRQ,Middle East & North Africa,Upper middle income,2007,3128.99,64.43,28391607
Iraq,IRQ,Middle East & North Africa,Upper middle income,2008,4542.97,66.47,28971036
Iraq,IRQ,Middle East & North Africa,Upper middle income,2009,3714.71,67.83,30058206
Iraq,IRQ,Middle East & North Africa,Upper middle income,2010,4461.75,68.09,31045366
Iraq,IRQ,Middle East & North Africa,Upper middle income,2011,5775.54,68.44,32161424
Iraq,IRQ,Middle East & North Africa,Upper middle income,2012,6477.60,68.83,33654842
Iraq,IRQ,Middle East & North Africa,Upper middle income,2013,6650.35,69.05,35281989
Iraq,IRQ,Middle East & North Africa,Upper middle income,2014,6249.39,69.68,36550059
Iraq,IRQ,Middle East & North Africa,Upper middle income,2015,4440.14,69.98,37560535
Iraq,IRQ,Middle East & North Africa,Upper middle income,2016,4334.42,68.68,38469627
Iraq,IRQ,Middle East & North Africa,Upper middle income,2017,4759.28,69.79,39337353
Iraq,IRQ,Middle East & North Africa,Upper middle income,2018,5646.69,71.12,40265624
Iraq,IRQ,Middle East & North Africa,Upper middle income,2019,5671.86,71.25,41192171
Iraq,IRQ,Middle East & North Africa,Upper middle income,2020,4295.19,69.65,42116605
Iraq,IRQ,Middle East & North Africa,Upper middle income,2021,4868.49,70.70,43071211
Iraq,IRQ,Middle East & North Africa,Upper middle income,2022,6520.73,72.04,44070551
Iraq,IRQ,Middle East & North Africa,Upper middle income,2023,5965.32,72.32,45074049
Ireland,IRL,Europe & Central Asia,High income,2000,26334.57,76.54,3805174
Ireland,IRL,Europe & Central Asia,High income,2001,28282.41,77.13,3866243
Ireland,IRL,Europe & Central Asia,High income,2002,32705.43,77.63,3931947
Ireland,IRL,Europe & Central Asia,High income,2003,41203.53,78.14,3996521
Ireland,IRL,Europe & Central Asia,High income,2004,47754.20,78.54,4070262
Ireland,IRL,Europe & Central Asia,High income,2005,50933.02,78.94,4159914
Ireland,IRL,Europe & Central Asia,High income,2006,54329.16,79.24,4273591
Ireland,IRL,Europe & Central Asia,High income,2007,61396.42,79.64,4398942
Ireland,IRL,Europe & Central Asia,High income,2008,61353.11,80.10,4489544
Ireland,IRL,Europe & Central Asia,High income,2009,52133.09,80.19,4535375
Ireland,IRL,Europe & Central Asia,High income,2010,48623.97,80.74,4560155
Ireland,IRL,Europe & Central Asia,High income,2011,52613.85,80.75,4580084
Ireland,IRL,Europe & Central Asia,High income,2012,49335.84,80.85,4599533
Ireland,IRL,Europe & Central Asia,High income,2013,52537.61,80.95,4623816
Ireland,IRL,Europe & Central Asia,High income,2014,57214.54,81.35,4657740
Ireland,IRL,Europe & Central Asia,High income,2015,64250.14,81.45,4701957
Ireland,IRL,Europe & Central Asia,High income,2016,64129.56,81.65,4762722
Ireland,IRL,Europe & Central Asia,High income,2017,72161.40,82.16,4827445
Ireland,IRL,Europe & Central Asia,High income,2018,80804.11,82.20,4898022
Ireland,IRL,Europe & Central Asia,High income,2019,81827.67,82.70,4976456
Ireland,IRL,Europe & Central Asia,High income,2020,86514.07,82.46,5039747
Ireland,IRL,Europe & Central Asia,High income,2021,103783.45,82.25,5110585
Ireland,IRL,Europe & Central Asia,High income,2022,105190.69,82.51,5212836
Ireland,IRL,Europe & Central Asia,High income,2023,106818.92,82.81,5311538
Isle of Man,IMN,Europe & Central Asia,High income,2000,21161.40,74.84,75659
Isle of Man,IMN,Europe & Central Asia,High income,2001,21819.71,75.29,76476
Isle of Man,IMN,Europe & Central Asia,High income,2002,24471.08,75.78,77275
Isle of Man,IMN,Europe & Central Asia,High income,2003,28861.62,76.32,78049
Isle of Man,IMN,Europe & Central Asia,High income,2004,35564.60,76.88,78792
Isle of Man,IMN,Europe & Central Asia,High income,2005,38135.86,77.45,79516
Isle of Man,IMN,Europe & Central Asia,High income,2006,42627.51,77.97,80294
Isle of Man,IMN,Europe & Central Asia,High income,2007,55040.24,78.45,81147
Isle of Man,IMN,Europe & Central Asia,High income,2008,72276.77,78.90,82029
Isle of Man,IMN,Europe & Central Asia,High income,2009,66156.11,79.30,82939
Isle of Man,IMN,Europe & Central Asia,High income,2010,70587.31,79.61,83873
Isle of Man,IMN,Europe & Central Asia,High income,2011,77808.86,79.84,84382
Isle of Man,IMN,Europe & Central Asia,High income,2012,79329.20,80.01,84335
Isle of Man,IMN,Europe & Central Asia,High income,2013,83207.66,80.12,84141
Isle of Man,IMN,Europe & Central Asia,High income,2014,91885.45,80.20,83892
Isle of Man,IMN,Europe & Central Asia,High income,2015,84753.52,80.27,83593
Isle of Man,IMN,Europe & Central Asia,High income,2016,82025.95,80.39,83466
Isle of Man,IMN,Europe & Central Asia,High income,2017,83481.30,80.51,83609
Isle of Man,IMN,Europe & Central Asia,High income,2018,89393.82,80.61,83805
Isle of Man,IMN,Europe & Central Asia,High income,2019,87127.55,80.74,83957
Isle of Man,IMN,Europe & Central Asia,High income,2020,79513.53,80.59,84064
Isle of Man,IMN,Europe & Central Asia,High income,2021,94299.97,80.42,84106
Isle of Man,IMN,Europe & Central Asia,High income,2022,88328.55,80.96,84132
Israel,ISR,Middle East & North Africa,High income,2000,21706.52,78.95,6289000
Israel,ISR,Middle East & North Africa,High income,2001,20966.31,79.41,6439000
Israel,ISR,Middle East & North Africa,High income,2002,19076.46,79.45,6570000
Israel,ISR,Middle East & North Africa,High income,2003,19643.47,79.65,6689700
Israel,ISR,Middle East & North Africa,High income,2004,20568.07,80.15,6809000
Israel,ISR,Middle East & North Africa,High income,2005,21286.84,80.15,6930100
Israel,ISR,Middle East & North Africa,High income,2006,22527.26,80.55,7053700
Israel,ISR,Middle East & North Africa,High income,2007,25721.26,80.50,7180100
Israel,ISR,Middle East & North Africa,High income,2008,30269.22,80.95,7308800
Israel,ISR,Middle East & North Africa,High income,2009,28508.49,81.40,7485600
Israel,ISR,Middle East & North Africa,High income,2010,31439.09,81.60,7623600
Israel,ISR,Middle East & North Africa,High income,2011,34522.52,81.66,7765800
Israel,ISR,Middle East & North Africa,High income,2012,33321.43,81.70,7910500
Israel,ISR,Middle East & North Africa,High income,2013,37034.32,82.06,8059500
Israel,ISR,Middle East & North Africa,High income,2014,38343.30,82.15,8215700
Israel,ISR,Middle East & North Africa,High income,2015,36213.10,82.05,8380100
Israel,ISR,Middle East & North Africa,High income,2016,37671.54,82.41,8546000
Israel,ISR,Middle East & North Africa,High income,2017,41138.47,82.55,8713300
Israel,ISR,Middle East & North Africa,High income,2018,42362.67,82.80,8882800
Israel,ISR,Middle East & North Africa,High income,2019,44250.63,82.80,9054000
Israel,ISR,Middle East & North Africa,High income,2020,44575.57,82.65,9215100
Israel,ISR,Middle East & North Africa,High income,2021,52270.90,82.50,9371400
Israel,ISR,Middle East & North Africa,High income,2022,54949.62,82.70,9557500
Israel,ISR,Middle East & North Africa,High income,2023,52003.72,83.20,9849000
Italy,ITA,Europe & Central Asia,High income,2000,20190.00,79.78,56942108
Italy,ITA,Europe & Central Asia,High income,2001,20570.44,80.13,56976981
Italy,ITA,Europe & Central Asia,High income,2002,22451.40,80.23,57089824
Italy,ITA,Europe & Central Asia,High income,2003,27577.57,79.98,57399184
Italy,ITA,Europe & Central Asia,High income,2004,31348.19,80.78,57828179
Italy,ITA,Europe & Central Asia,High income,2005,32062.72,80.78,58166682
Italy,ITA,Europe & Central Asia,High income,2006,33537.13,81.28,58399861
Italy,ITA,Europe & Central Asia,High income,2007,37826.18,81.43,58756247
Italy,ITA,Europe & Central Asia,High income,2008,40828.58,81.49,59211181
Italy,ITA,Europe & Central Asia,High income,2009,37099.61,81.64,59555454
Italy,ITA,Europe & Central Asia,High income,2010,35856.86,82.04,59819407
Italy,ITA,Europe & Central Asia,High income,2011,38432.37,82.19,60026841
Italy,ITA,Europe & Central Asia,High income,2012,34854.39,82.24,60191247
Italy,ITA,Europe & Central Asia,High income,2013,35701.67,82.69,60311613
Italy,ITA,Europe & Central Asia,High income,2014,36028.35,83.09,60320707
Italy,ITA,Europe & Central Asia,High income,2015,30639.88,82.54,60229605
Italy,ITA,Europe & Central Asia,High income,2016,31391.57,83.24,60115223
Italy,ITA,Europe & Central Asia,High income,2017,32844.12,82.95,60002252
Italy,ITA,Europe & Central Asia,High income,2018,34904.11,83.35,60148658
Italy,ITA,Europe & Central Asia,High income,2019,33812.79,83.50,59729081
Italy,ITA,Europe & Central Asia,High income,2020,32091.49,82.20,59438851
Italy,ITA,Europe & Central Asia,High income,2021,36852.54,82.65,59133173
Italy,ITA,Europe & Central Asia,High income,2022,35653.90,82.70,59013667
Italy,ITA,Europe & Central Asia,High income,2023,39277.08,83.35,58984216
Jamaica,JAM,Latin America & Caribbean,Upper middle income,2000,3453.09,71.28,2607826
Jamaica,JAM,Latin America & Caribbean,Upper middle income,2001,3503.55,71.29,2624403
Jamaica,JAM,Latin America & Caribbean,Upper middle income,2002,3680.65,71.48,2640572
Jamaica,JAM,Latin America & Caribbean,Upper middle income,2003,3549.71,71.58,2656623
Jamaica,JAM,Latin America & Caribbean,Upper middle income,2004,3807.56,71.54,2672225
Jamaica,JAM,Latin America & Caribbean,Upper middle income,2005,4184.44,71.49,2687066
Jamaica,JAM,Latin America & Caribbean,Upper middle income,2006,4417.00,71.39,2700968
Jamaica,JAM,Latin America & Caribbean,Upper middle income,2007,4716.49,71.41,2713800
Jamaica,JAM,Latin America & Caribbean,Upper middle income,2008,5029.80,71.50,2725635
Jamaica,JAM,Latin America & Caribbean,Upper middle income,2009,4428.38,71.72,2736995
Jamaica,JAM,Latin America & Caribbean,Upper middle income,2010,4809.98,71.98,2748568
Jamaica,JAM,Latin America & Caribbean,Upper middle income,2011,5232.64,72.25,2760494
Jamaica,JAM,Latin America & Caribbean,Upper middle income,2012,5340.83,72.41,2772430
Jamaica,JAM,Latin America & Caribbean,Upper middle income,2013,5124.21,72.44,2783687
Jamaica,JAM,Latin America & Caribbean,Upper middle income,2014,4975.11,72.36,2793749
Jamaica,JAM,Latin America & Caribbean,Upper middle income,2015,5339.31,72.21,2802534
Jamaica,JAM,Latin America & Caribbean,Upper middle income,2016,5302.30,72.05,2809915
Jamaica,JAM,Latin America & Caribbean,Upper middle income,2017,5605.44,71.88,2815764
Jamaica,JAM,Latin America & Caribbean,Upper middle income,2018,5976.90,71.61,2820097
Jamaica,JAM,Latin America & Caribbean,Upper middle income,2019,6030.69,71.53,2823271
Jamaica,JAM,Latin America & Caribbean,Upper middle income,2020,5299.05,71.45,2830739
Jamaica,JAM,Latin America & Caribbean,Upper middle income,2021,5625.68,69.08,2837682
Jamaica,JAM,Latin America & Caribbean,Upper middle income,2022,6626.48,71.48,2839144
Jamaica,JAM,Latin America & Caribbean,Upper middle income,2023,7542.40,71.48,2839786
Japan,JPN,East Asia & Pacific,High income,2000,39169.36,81.08,126843000
Japan,JPN,East Asia & Pacific,High income,2001,34406.18,81.42,127149000
Japan,JPN,East Asia & Pacific,High income,2002,32820.79,81.69,127445000
Japan,JPN,East Asia & Pacific,High income,2003,35387.04,81.76,127718000
Japan,JPN,East Asia & Pacific,High income,2004,38298.98,82.03,127761000
Japan,JPN,East Asia & Pacific,High income,2005,37812.90,81.96,127773000
Japan,JPN,East Asia & Pacific,High income,2006,35991.55,82.32,127854000
Japan,JPN,East Asia & Pacific,High income,2007,35779.02,82.51,128001000
Japan,JPN,East Asia & Pacific,High income,2008,39876.30,82.59,128063000
Japan,JPN,East Asia & Pacific,High income,2009,41309.00,82.93,128047000
Japan,JPN,East Asia & Pacific,High income,2010,44968.16,82.84,128070000
Japan,JPN,East Asia & Pacific,High income,2011,48760.08,82.59,127833000
Japan,JPN,East Asia & Pacific,High income,2012,49145.28,83.10,127629000
Japan,JPN,East Asia & Pacific,High income,2013,40898.65,83.33,127445000
Japan,JPN,East Asia & Pacific,High income,2014,38475.40,83.59,127276000
Japan,JPN,East Asia & Pacific,High income,2015,34960.64,83.79,127141000
Japan,JPN,East Asia & Pacific,High income,2016,39375.47,83.98,127076000
Japan,JPN,East Asia & Pacific,High income,2017,38834.05,84.10,126972000
Japan,JPN,East Asia & Pacific,High income,2018,39751.13,84.21,126811000
Japan,JPN,East Asia & Pacific,High income,2019,40415.96,84.36,126633000
Japan,JPN,East Asia & Pacific,High income,2020,40028.73,84.56,126261000
Japan,JPN,East Asia & Pacific,High income,2021,40094.56,84.45,125681593
Japan,JPN,East Asia & Pacific,High income,2022,34065.64,84.00,125124989
Japan,JPN,East Asia & Pacific,High income,2023,33836.18,84.04,124516650
Jordan,JOR,Middle East & North Africa,Lower middle income,2000,1570.61,71.93,5386945
Jordan,JOR,Middle East & North Africa,Lower middle income,2001,1632.29,72.14,5498894
Jordan,JOR,Middle East & North Africa,Lower middle income,2002,1706.27,72.36,5616066
Jordan,JOR,Middle East & North Africa,Lower middle income,2003,1775.68,72.58,5741828
Jordan,JOR,Middle East & North Africa,Lower middle income,2004,1940.09,72.79,5882061
Jordan,JOR,Middle East & North Africa,Lower middle income,2005,2087.87,72.98,6029587
Jordan,JOR,Middle East & North Africa,Lower middle income,2006,2342.63,73.22,6427371
Jordan,JOR,Middle East & North Africa,Lower middle income,2007,2506.21,73.41,6827227
Jordan,JOR,Middle East & North Africa,Lower middle income,2008,3241.65,73.56,6989866
Jordan,JOR,Middle East & North Africa,Lower middle income,2009,3435.83,73.71,7141753
Jordan,JOR,Middle East & North Africa,Lower middle income,2010,3718.47,73.80,7297043
Jordan,JOR,Middle East & North Africa,Lower middle income,2011,3946.86,73.93,7480424
Jordan,JOR,Middle East & North Africa,Lower middle income,2012,4169.50,74.09,7587127
Jordan,JOR,Middle East & North Africa,Lower middle income,2013,4311.22,74.28,7991809
Jordan,JOR,Middle East & North Africa,Lower middle income,2014,4191.18,74.61,8791710
Jordan,JOR,Middle East & North Africa,Lower middle income,2015,4042.76,75.06,9544729
Jordan,JOR,Middle East & North Africa,Lower middle income,2016,3986.72,75.55,10006367
Jordan,JOR,Middle East & North Africa,Lower middle income,2017,4065.62,76.07,10234226
Jordan,JOR,Middle East & North Africa,Lower middle income,2018,4145.44,76.49,10462306
Jordan,JOR,Middle East & North Africa,Lower middle income,2019,4170.11,76.86,10671891
Jordan,JOR,Middle East & North Africa,Lower middle income,2020,4022.04,75.58,10865228
Jordan,JOR,Middle East & North Africa,Lower middle income,2021,4183.50,74.20,11066356
Jordan,JOR,Middle East & North Africa,Lower middle income,2022,4332.25,77.09,11256263
Jordan,JOR,Middle East & North Africa,Lower middle income,2023,4466.08,77.81,11439213
Kazakhstan,KAZ,Europe & Central Asia,Upper middle income,2000,1180.04,63.79,15501103
Kazakhstan,KAZ,Europe & Central Asia,Upper middle income,2001,1422.27,64.11,15575550
Kazakhstan,KAZ,Europe & Central Asia,Upper middle income,2002,1573.55,64.44,15656677
Kazakhstan,KAZ,Europe & Central Asia,Upper middle income,2003,1958.02,64.75,15747380
Kazakhstan,KAZ,Europe & Central Asia,Upper middle income,2004,2722.47,65.04,15850159
Kazakhstan,KAZ,Europe & Central Asia,Upper middle income,2005,3577.36,65.36,15968117
Kazakhstan,KAZ,Europe & Central Asia,Upper middle income,2006,5030.13,65.72,16103716
Kazakhstan,KAZ,Europe & Central Asia,Upper middle income,2007,6449.44,66.18,16257214
Kazakhstan,KAZ,Europe & Central Asia,Upper middle income,2008,8123.55,66.76,16426525
Kazakhstan,KAZ,Europe & Central Asia,Upper middle income,2009,6938.01,67.46,16619846
Kazakhstan,KAZ,Europe & Central Asia,Upper middle income,2010,8793.08,68.26,16836810
Kazakhstan,KAZ,Europe & Central Asia,Upper middle income,2011,11287.15,69.11,17066002
Kazakhstan,KAZ,Europe & Central Asia,Upper middle income,2012,12018.80,69.94,17306106
Kazakhstan,KAZ,Europe & Central Asia,Upper middle income,2013,13478.46,70.72,17556502
Kazakhstan,KAZ,Europe & Central Asia,Upper middle income,2014,12427.71,71.42,17816285
Kazakhstan,KAZ,Europe & Central Asia,Upper middle income,2015,10196.12,72.02,18084169
Kazakhstan,KAZ,Europe & Central Asia,Upper middle income,2016,7475.57,72.55,18363600
Kazakhstan,KAZ,Europe & Central Asia,Upper middle income,2017,8943.08,73.00,18651931
Kazakhstan,KAZ,Europe & Central Asia,Upper middle income,2018,9472.49,73.37,18932727
Kazakhstan,KAZ,Europe & Central Asia,Upper middle income,2019,9457.13,73.66,19209555
Kazakhstan,KAZ,Europe & Central Asia,Upper middle income,2020,8781.51,71.19,19482117
Kazakhstan,KAZ,Europe & Central Asia,Upper middle income,2021,9983.60,70.13,19743603
Kazakhstan,KAZ,Europe & Central Asia,Upper middle income,2022,11255.34,73.50,20034609
Kazakhstan,KAZ,Europe & Central Asia,Upper middle income,2023,12879.43,74.40,20330104
Kenya,KEN,Sub-Saharan Africa,Lower middle income,2000,414.63,56.08,30642890
Kenya,KEN,Sub-Saharan Africa,Lower middle income,2001,410.70,56.50,31619170
Kenya,KEN,Sub-Saharan Africa,Lower middle income,2002,402.94,56.76,32629808
Kenya,KEN,Sub-Saharan Africa,Lower middle income,2003,442.90,57.37,33652223
Kenya,KEN,Sub-Saharan Africa,Lower middle income,2004,463.66,57.95,34713455
Kenya,KEN,Sub-Saharan Africa,Lower middle income,2005,523.46,58.51,35796484
Kenya,KEN,Sub-Saharan Africa,Lower middle income,2006,699.80,59.06,36904008
Kenya,KEN,Sub-Saharan Africa,Lower middle income,2007,840.20,59.41,38036349
Kenya,KEN,Sub-Saharan Africa,Lower middle income,2008,915.54,59.95,39206351
Kenya,KEN,Sub-Saharan Africa,Lower middle income,2009,1047.97,60.48,40408891
Kenya,KEN,Sub-Saharan Africa,Lower middle income,2010,1091.52,60.91,41598567
Kenya,KEN,Sub-Saharan Africa,Lower middle income,2011,1096.14,61.28,42758461
Kenya,KEN,Sub-Saharan Africa,Lower middle income,2012,1285.01,61.54,43888303
Kenya,KEN,Sub-Saharan Africa,Lower middle income,2013,1370.88,61.73,44986791
Kenya,KEN,Sub-Saharan Africa,Lower middle income,2014,1482.82,61.99,46051440
Kenya,KEN,Sub-Saharan Africa,Lower middle income,2015,1489.12,62.28,47088526
Kenya,KEN,Sub-Saharan Africa,Lower middle income,2016,1554.13,62.53,48139687
Kenya,KEN,Sub-Saharan Africa,Lower middle income,2017,1667.48,62.73,49197766
Kenya,KEN,Sub-Saharan Africa,Lower middle income,2018,1836.45,62.83,50207107
Kenya,KEN,Sub-Saharan Africa,Lower middle income,2019,1960.41,62.94,51202827
Kenya,KEN,Sub-Saharan Africa,Lower middle income,2020,1927.66,61.60,52217334
Kenya,KEN,Sub-Saharan Africa,Lower middle income,2021,2061.36,61.23,53219166
Kenya,KEN,Sub-Saharan Africa,Lower middle income,2022,2109.56,63.55,54252461
Kenya,KEN,Sub-Saharan Africa,Lower middle income,2023,1942.59,63.65,55339003
Kiribati,KIR,East Asia & Pacific,Lower middle income,2000,845.37,64.67,88613
Kiribati,KIR,East Asia & Pacific,Lower middle income,2001,718.83,64.92,90335
Kiribati,KIR,East Asia & Pacific,Lower middle income,2002,810.11,65.12,92264
Kiribati,KIR,East Asia & Pacific,Lower middle income,2003,1020.50,65.29,94175
Kiribati,KIR,East Asia & Pacific,Lower middle income,2004,1083.27,65.42,96085
Kiribati,KIR,East Asia & Pacific,Lower middle income,2005,1161.78,65.52,98035
Kiribati,KIR,East Asia & Pacific,Lower middle income,2006,1123.19,65.60,100017
Kiribati,KIR,East Asia & Pacific,Lower middle income,2007,1352.58,65.68,102068
Kiribati,KIR,East Asia & Pacific,Lower middle income,2008,1410.62,65.75,104222
Kiribati,KIR,East Asia & Pacific,Lower middle income,2009,1316.63,65.81,106467
Kiribati,KIR,East Asia & Pacific,Lower middle income,2010,1522.10,65.86,108704
Kiribati,KIR,East Asia & Pacific,Lower middle income,2011,1771.13,65.90,110647
Kiribati,KIR,East Asia & Pacific,Lower middle income,2012,1843.55,65.91,112284
Kiribati,KIR,East Asia & Pacific,Lower middle income,2013,1772.09,65.90,113838
Kiribati,KIR,East Asia & Pacific,Lower middle income,2014,1736.71,65.87,115326
Kiribati,KIR,East Asia & Pacific,Lower middle income,2015,1639.85,65.83,116815
Kiribati,KIR,East Asia & Pacific,Lower middle income,2016,1742.67,65.80,118478
Kiribati,KIR,East Asia & Pacific,Lower middle income,2017,1853.05,65.79,120275
Kiribati,KIR,East Asia & Pacific,Lower middle income,2018,1912.74,65.81,122084
Kiribati,KIR,East Asia & Pacific,Lower middle income,2019,1751.00,65.87,123921
Kiribati,KIR,East Asia & Pacific,Lower middle income,2020,1751.78,65.20,126099
Kiribati,KIR,East Asia & Pacific,Lower middle income,2021,2222.05,64.15,128377
Kiribati,KIR,East Asia & Pacific,Lower middle income,2022,2069.77,66.27,130469
Kiribati,KIR,East Asia & Pacific,Lower middle income,2023,2177.70,66.47,132530
Korea,KOR,East Asia & Pacific,High income,2000,12710.30,75.91,47008111
Korea,KOR,East Asia & Pacific,High income,2001,11981.48,76.41,47370164
Korea,KOR,East Asia & Pacific,High income,2002,13642.94,76.77,47644736
Korea,KOR,East Asia & Pacific,High income,2003,15211.55,77.21,47892330
Korea,KOR,East Asia & Pacific,High income,2004,17121.63,77.67,48082519
Korea,KOR,East Asia & Pacific,High income,2005,20167.05,78.17,48184561
Korea,KOR,East Asia & Pacific,High income,2006,22609.71,78.67,48438292
Korea,KOR,East Asia & Pacific,High income,2007,25078.49,79.12,48683638
Korea,KOR,East Asia & Pacific,High income,2008,22252.31,79.52,49054708
Korea,KOR,East Asia & Pacific,High income,2009,19937.30,79.97,49307835
Korea,KOR,East Asia & Pacific,High income,2010,24071.26,80.12,49554112
Korea,KOR,East Asia & Pacific,High income,2011,26175.24,80.57,49936638
Korea,KOR,East Asia & Pacific,High income,2012,26600.55,80.82,50199853
Korea,KOR,East Asia & Pacific,High income,2013,28449.36,81.27,50428893
Korea,KOR,East Asia & Pacific,High income,2014,30667.09,81.72,50746659
Korea,KOR,East Asia & Pacific,High income,2015,30171.79,82.02,51014947
Korea,KOR,East Asia & Pacific,High income,2016,30832.06,82.28,51217803
Korea,KOR,East Asia & Pacific,High income,2017,33296.98,82.63,51361911
Korea,KOR,East Asia & Pacific,High income,2018,35363.95,82.63,51585058
Korea,KOR,East Asia & Pacific,High income,2019,33826.94,83.23,51764822
Korea,KOR,East Asia & Pacific,High income,2020,33645.77,83.43,51836239
Korea,KOR,East Asia & Pacific,High income,2021,37518.46,83.53,51769539
Korea,KOR,East Asia & Pacific,High income,2022,34822.40,82.68,51672569
Korea,KOR,East Asia & Pacific,High income,2023,35674.10,83.43,51712619
Kosovo,XKX,Europe & Central Asia,Upper middle income,2008,2877.39,74.71,1800858
Kosovo,XKX,Europe & Central Asia,Upper middle income,2009,2794.87,74.79,1794681
Kosovo,XKX,Europe & Central Asia,Upper middle income,2010,2987.55,74.61,1788743
Kosovo,XKX,Europe & Central Asia,Upper middle income,2011,3538.95,75.32,1791949
Kosovo,XKX,Europe & Central Asia,Upper middle income,2012,3410.66,75.75,1807126
Kosovo,XKX,Europe & Central Asia,Upper middle income,2013,3704.56,76.34,1818119
Kosovo,XKX,Europe & Central Asia,Upper middle income,2014,3902.49,76.18,1812788
Kosovo,XKX,Europe & Central Asia,Upper middle income,2015,3520.63,76.02,1788274
Kosovo,XKX,Europe & Central Asia,Upper middle income,2016,3759.45,76.75,1777568
Kosovo,XKX,Europe & Central Asia,Upper middle income,2017,4009.32,77.11,1791019
Kosovo,XKX,Europe & Central Asia,Upper middle income,2018,4384.19,77.12,1797086
Kosovo,XKX,Europe & Central Asia,Upper middle income,2019,4416.00,77.25,1788891
Kosovo,XKX,Europe & Central Asia,Upper middle income,2020,4310.89,74.21,1790151
Kosovo,XKX,Europe & Central Asia,Upper middle income,2021,5270.43,74.98,1786079
Kosovo,XKX,Europe & Central Asia,Upper middle income,2022,5290.95,77.62,1768096
Kosovo,XKX,Europe & Central Asia,Upper middle income,2023,6221.21,78.03,1682668
Kuwait,KWT,Middle East & North Africa,High income,2000,19296.35,76.23,1954709
Kuwait,KWT,Middle East & North Africa,High income,2001,17374.23,76.38,2008121
Kuwait,KWT,Middle East & North Africa,High income,2002,18512.75,76.53,2059974
Kuwait,KWT,Middle East & North Africa,High income,2003,22690.66,76.64,2109881
Kuwait,KWT,Middle East & North Africa,High income,2004,27552.28,76.73,2157320
Kuwait,KWT,Middle East & North Africa,High income,2005,36122.61,76.80,2236788
Kuwait,KWT,Middle East & North Africa,High income,2006,42946.64,76.89,2364733
Kuwait,KWT,Middle East & North Africa,High income,2007,45709.41,77.01,2507887
Kuwait,KWT,Middle East & North Africa,High income,2008,55585.19,77.19,2651421
Kuwait,KWT,Middle East & North Africa,High income,2009,37907.10,77.43,2795484
Kuwait,KWT,Middle East & North Africa,High income,2010,39212.25,77.73,2943372
Kuwait,KWT,Middle East & North Africa,High income,2011,49169.61,78.05,3132814
Kuwait,KWT,Middle East & North Africa,High income,2012,52155.22,78.40,3337109
Kuwait,KWT,Middle East & North Africa,High income,2013,49651.04,78.74,3507844
Kuwait,KWT,Middle East & North Africa,High income,2014,44368.78,79.08,3665876
Kuwait,KWT,Middle East & North Africa,High income,2015,29882.21,79.38,3834574
Kuwait,KWT,Middle East & North Africa,High income,2016,27323.69,79.68,4004096
Kuwait,KWT,Middle East & North Africa,High income,2017,29047.65,79.92,4154812
Kuwait,KWT,Middle East & North Africa,High income,2018,32067.96,80.11,4323515
Kuwait,KWT,Middle East & North Africa,High income,2019,31707.87,81.97,4442316
Kuwait,KWT,Middle East & North Africa,High income,2020,25236.08,78.76,4400267
Kuwait,KWT,Middle East & North Africa,High income,2021,34018.63,78.74,4360865
Kuwait,KWT,Middle East & North Africa,High income,2022,39981.77,80.59,4589643
Kuwait,KWT,Middle East & North Africa,High income,2023,34075.85,83.19,4853420
Kyrgyz Republic,KGZ,Europe & Central Asia,Lower middle income,2000,279.62,68.56,4898362
Kyrgyz Republic,KGZ,Europe & Central Asia,Lower middle income,2001,308.41,68.71,4945073
Kyrgyz Republic,KGZ,Europe & Central Asia,Lower middle income,2002,321.73,68.16,4990704
Kyrgyz Republic,KGZ,Europe & Central Asia,Lower middle income,2003,380.51,68.26,5043308
Kyrgyz Republic,KGZ,Europe & Central Asia,Lower middle income,2004,433.23,68.15,5104713
Kyrgyz Republic,KGZ,Europe & Central Asia,Lower middle income,2005,476.55,67.96,5162640
Kyrgyz Republic,KGZ,Europe & Central Asia,Lower middle income,2006,543.11,67.70,5218373
Kyrgyz Republic,KGZ,Europe & Central Asia,Lower middle income,2007,721.77,67.90,5268385
Kyrgyz Republic,KGZ,Europe & Central Asia,Lower middle income,2008,966.39,68.45,5318729
Kyrgyz Republic,KGZ,Europe & Central Asia,Lower middle income,2009,870.20,69.10,5389643
Kyrgyz Republic,KGZ,Europe & Central Asia,Lower middle income,2010,876.95,69.30,5467059
Kyrgyz Republic,KGZ,Europe & Central Asia,Lower middle income,2011,1117.40,69.60,5546587
Kyrgyz Republic,KGZ,Europe & Central Asia,Lower middle income,2012,1168.62,70.00,5652076
Kyrgyz Republic,KGZ,Europe & Central Asia,Lower middle income,2013,1269.66,70.20,5777150
Kyrgyz Republic,KGZ,Europe & Central Asia,Lower middle income,2014,1264.53,70.40,5905848
Kyrgyz Republic,KGZ,Europe & Central Asia,Lower middle income,2015,1105.65,70.65,6040036
Kyrgyz Republic,KGZ,Europe & Central Asia,Lower middle income,2016,1103.27,70.95,6175338
Kyrgyz Republic,KGZ,Europe & Central Asia,Lower middle income,2017,1221.39,71.20,6306696
Kyrgyz Republic,KGZ,Europe & Central Asia,Lower middle income,2018,1283.52,71.40,6444079
Kyrgyz Republic,KGZ,Europe & Central Asia,Lower middle income,2019,1422.00,71.60,6590211
Kyrgyz Republic,KGZ,Europe & Central Asia,Lower middle income,2020,1229.52,71.80,6726596
Kyrgyz Republic,KGZ,Europe & Central Asia,Lower middle income,2021,1350.00,71.90,6851224
Kyrgyz Republic,KGZ,Europe & Central Asia,Lower middle income,2022,1739.72,72.05,6975220
Kyrgyz Republic,KGZ,Europe & Central Asia,Lower middle income,2023,2138.22,72.25,7099750
Lao PDR,LAO,East Asia & Pacific,Lower middle income,2000,318.75,58.32,5431212
Lao PDR,LAO,East Asia & Pacific,Lower middle income,2001,320.32,58.89,5521482
Lao PDR,LAO,East Asia & Pacific,Lower middle income,2002,313.35,59.30,5610889
Lao PDR,LAO,East Asia & Pacific,Lower middle income,2003,355.10,59.64,5697945
Lao PDR,LAO,East Asia & Pacific,Lower middle income,2004,409.30,60.08,5781626
Lao PDR,LAO,East Asia & Pacific,Lower middle income,2005,466.06,60.69,5869523
Lao PDR,LAO,East Asia & Pacific,Lower middle income,2006,579.39,61.07,5963200
Lao PDR,LAO,East Asia & Pacific,Lower middle income,2007,697.32,61.69,6056236
Lao PDR,LAO,East Asia & Pacific,Lower middle income,2008,885.75,62.25,6148969
Lao PDR,LAO,East Asia & Pacific,Lower middle income,2009,935.03,63.02,6241642
Lao PDR,LAO,East Asia & Pacific,Lower middle income,2010,1125.92,63.69,6334194
Lao PDR,LAO,East Asia & Pacific,Lower middle income,2011,1361.55,64.50,6426590
Lao PDR,LAO,East Asia & Pacific,Lower middle income,2012,1563.57,65.13,6518978
Lao PDR,LAO,East Asia & Pacific,Lower middle income,2013,1812.52,65.72,6611385
Lao PDR,LAO,East Asia & Pacific,Lower middle income,2014,1981.04,66.35,6703172
Lao PDR,LAO,East Asia & Pacific,Lower middle income,2015,2121.01,66.69,6801645
Lao PDR,LAO,East Asia & Pacific,Lower middle income,2016,2303.22,67.01,6908802
Lao PDR,LAO,East Asia & Pacific,Lower middle income,2017,2432.43,67.34,7018147
Lao PDR,LAO,East Asia & Pacific,Lower middle income,2018,2545.11,67.59,7128045
Lao PDR,LAO,East Asia & Pacific,Lower middle income,2019,2589.32,67.91,7237636
Lao PDR,LAO,East Asia & Pacific,Lower middle income,2020,2583.78,68.34,7346533
Lao PDR,LAO,East Asia & Pacific,Lower middle income,2021,2526.05,67.81,7453194
Lao PDR,LAO,East Asia & Pacific,Lower middle income,2022,2046.40,68.72,7559007
Lao PDR,LAO,East Asia & Pacific,Lower middle income,2023,2066.95,68.96,7664993
Latvia,LVA,Europe & Central Asia,High income,2000,3278.18,70.31,2367550
Latvia,LVA,Europe & Central Asia,High income,2001,3504.62,70.76,2337170
Latvia,LVA,Europe & Central Asia,High income,2002,4003.61,70.96,2310173
Latvia,LVA,Europe & Central Asia,High income,2003,4914.58,71.27,2287955
Latvia,LVA,Europe & Central Asia,High income,2004,6109.73,72.03,2263122
Latvia,LVA,Europe & Central Asia,High income,2005,7283.79,71.36,2238799
Latvia,LVA,Europe & Central Asia,High income,2006,9211.74,70.87,2218357
Latvia,LVA,Europe & Central Asia,High income,2007,13370.98,71.02,2200325
Latvia,LVA,Europe & Central Asia,High income,2008,15677.61,72.42,2177322
Latvia,LVA,Europe & Central Asia,High income,2009,11996.03,73.08,2141669
Latvia,LVA,Europe & Central Asia,High income,2010,11188.42,73.48,2097555
Latvia,LVA,Europe & Central Asia,High income,2011,12902.57,73.58,2059709
Latvia,LVA,Europe & Central Asia,High income,2012,13329.35,73.78,2034319
Latvia,LVA,Europe & Central Asia,High income,2013,14484.47,73.98,2012647
Latvia,LVA,Europe & Central Asia,High income,2014,15185.81,74.12,1993782
Latvia,LVA,Europe & Central Asia,High income,2015,13321.98,74.48,1977527
Latvia,LVA,Europe & Central Asia,High income,2016,13838.53,74.58,1959537
Latvia,LVA,Europe & Central Asia,High income,2017,15132.50,74.63,1942248
Latvia,LVA,Europe & Central Asia,High income,2018,17252.17,74.78,1927174
Latvia,LVA,Europe & Central Asia,High income,2019,17294.98,75.39,1913822
Latvia,LVA,Europe & Central Asia,High income,2020,17564.23,75.19,1900449
Latvia,LVA,Europe & Central Asia,High income,2021,20261.89,72.98,1884490
Latvia,LVA,Europe & Central Asia,High income,2022,20221.10,74.28,1879383
Latvia,LVA,Europe & Central Asia,High income,2023,22710.26,75.43,1883710
Lebanon,LBN,Middle East & North Africa,Lower middle income,2000,3986.84,73.89,4329340
Lebanon,LBN,Middle East & North Africa,Lower middle income,2001,4009.56,74.35,4401918
Lebanon,LBN,Middle East & North Africa,Lower middle income,2002,4290.85,74.84,4463504
Lebanon,LBN,Middle East & North Africa,Lower middle income,2003,4437.72,75.28,4525508
Lebanon,LBN,Middle East & North Africa,Lower middle income,2004,4600.68,75.69,4599279
Lebanon,LBN,Middle East & North Africa,Lower middle income,2005,4602.20,76.07,4671102
Lebanon,LBN,Middle East & North Africa,Lower middle income,2006,4635.25,75.68,4751136
Lebanon,LBN,Middle East & North Africa,Lower middle income,2007,5125.26,76.73,4844118
Lebanon,LBN,Middle East & North Africa,Lower middle income,2008,5912.05,76.96,4925354
Lebanon,LBN,Middle East & North Africa,Lower middle income,2009,7090.85,77.26,4992287
Lebanon,LBN,Middle East & North Africa,Lower middle income,2010,7625.81,77.53,5041288
Lebanon,LBN,Middle East & North Africa,Lower middle income,2011,7834.96,77.77,5096020
Lebanon,LBN,Middle East & North Africa,Lower middle income,2012,8406.98,77.94,5235742
Lebanon,LBN,Middle East & North Africa,Lower middle income,2013,8162.38,78.04,5743436
Lebanon,LBN,Middle East & North Africa,Lower middle income,2014,7577.64,78.15,6346990
Lebanon,LBN,Middle East & North Africa,Lower middle income,2015,7714.11,78.28,6472469
Lebanon,LBN,Middle East & North Africa,Lower middle income,2016,8089.01,78.31,6323060
Lebanon,LBN,Middle East & North Africa,Lower middle income,2017,8608.21,78.19,6160128
Lebanon,LBN,Middle East & North Africa,Lower middle income,2018,9174.54,78.26,5984119
Lebanon,LBN,Middle East & North Africa,Lower middle income,2019,8905.88,78.21,5794594
Lebanon,LBN,Middle East & North Africa,Lower middle income,2020,5561.19,76.30,5702398
Lebanon,LBN,Middle East & North Africa,Lower middle income,2021,4045.37,73.65,5718122
Lebanon,LBN,Middle East & North Africa,Lower middle income,2022,3654.36,78.00,5744489
Lebanon,LBN,Middle East & North Africa,Lower middle income,2023,3477.72,77.82,5773493
Lesotho,LSO,Sub-Saharan Africa,Lower middle income,2000,442.78,48.78,2003913
Lesotho,LSO,Sub-Saharan Africa,Lower middle income,2001,412.68,47.15,2000853
Lesotho,LSO,Sub-Saharan Africa,Lower middle income,2002,388.92,45.95,1994679
Lesotho,LSO,Sub-Saharan Africa,Lower middle income,2003,583.27,44.92,1985059
Lesotho,LSO,Sub-Saharan Africa,Lower middle income,2004,766.69,44.04,1971129
Lesotho,LSO,Sub-Saharan Africa,Lower middle income,2005,861.38,43.61,1953076
Lesotho,LSO,Sub-Saharan Africa,Lower middle income,2006,925.47,43.18,1945063
Lesotho,LSO,Sub-Saharan Africa,Lower middle income,2007,861.19,43.66,1953268
Lesotho,LSO,Sub-Saharan Africa,Lower middle income,2008,898.48,44.30,1966541
Lesotho,LSO,Sub-Saharan Africa,Lower middle income,2009,878.85,45.05,1980883
Lesotho,LSO,Sub-Saharan Africa,Lower middle income,2010,1119.48,46.05,1996251
Lesotho,LSO,Sub-Saharan Africa,Lower middle income,2011,1280.73,46.93,2014009
Lesotho,LSO,Sub-Saharan Africa,Lower middle income,2012,1217.93,48.23,2034354
Lesotho,LSO,Sub-Saharan Africa,Lower middle income,2013,1151.04,49.55,2056504
Lesotho,LSO,Sub-Saharan Africa,Lower middle income,2014,1173.54,50.79,2080089
Lesotho,LSO,Sub-Saharan Africa,Lower middle income,2015,1121.20,51.83,2104611
Lesotho,LSO,Sub-Saharan Africa,Lower middle income,2016,992.49,52.91,2130422
Lesotho,LSO,Sub-Saharan Africa,Lower middle income,2017,1069.37,53.87,2157110
Lesotho,LSO,Sub-Saharan Africa,Lower middle income,2018,1170.66,54.64,2183603
Lesotho,LSO,Sub-Saharan Africa,Lower middle income,2019,1082.06,55.25,2209405
Lesotho,LSO,Sub-Saharan Africa,Lower middle income,2020,918.58,55.13,2235727
Lesotho,LSO,Sub-Saharan Africa,Lower middle income,2021,1066.59,54.21,2261542
Lesotho,LSO,Sub-Saharan Africa,Lower middle income,2022,1030.13,56.81,2286110
Lesotho,LSO,Sub-Saharan Africa,Lower middle income,2023,916.28,57.38,2311472
Liberia,LBR,Sub-Saharan Africa,Low income,2000,298.49,51.85,2928117
Liberia,LBR,Sub-Saharan Africa,Low income,2001,300.46,53.11,3015338
Liberia,LBR,Sub-Saharan Africa,Low income,2002,299.54,54.06,3094782
Liberia,LBR,Sub-Saharan Africa,Low income,2003,239.78,53.05,3119532
Liberia,LBR,Sub-Saharan Africa,Low income,2004,284.14,55.95,3156892
Liberia,LBR,Sub-Saharan Africa,Low income,2005,287.49,56.77,3301015
Liberia,LBR,Sub-Saharan Africa,Low income,2006,320.56,57.49,3490787
Liberia,LBR,Sub-Saharan Africa,Low income,2007,374.21,58.15,3669050
Liberia,LBR,Sub-Saharan Africa,Low income,2008,451.71,58.67,3821003
Liberia,LBR,Sub-Saharan Africa,Low income,2009,448.39,59.11,3943028
Liberia,LBR,Sub-Saharan Africa,Low income,2010,492.25,59.36,4058890
Liberia,LBR,Sub-Saharan Africa,Low income,2011,568.09,59.49,4221178
Liberia,LBR,Sub-Saharan Africa,Low income,2012,638.37,59.78,4373043
Liberia,LBR,Sub-Saharan Africa,Low income,2013,710.74,59.99,4470239
Liberia,LBR,Sub-Saharan Africa,Low income,2014,706.71,59.21,4564293
Liberia,LBR,Sub-Saharan Africa,Low income,2015,692.59,59.25,4659431
Liberia,LBR,Sub-Saharan Africa,Low income,2016,714.61,60.48,4755608
Liberia,LBR,Sub-Saharan Africa,Low income,2017,699.27,60.78,4848925
Liberia,LBR,Sub-Saharan Africa,Low income,2018,692.20,61.00,4944726
Liberia,LBR,Sub-Saharan Africa,Low income,2019,658.16,61.23,5043721
Liberia,LBR,Sub-Saharan Africa,Low income,2020,616.79,61.27,5149463
Liberia,LBR,Sub-Saharan Africa,Low income,2021,667.97,61.17,5259323
Liberia,LBR,Sub-Saharan Africa,Low income,2022,744.62,61.93,5373294
Liberia,LBR,Sub-Saharan Africa,Low income,2023,799.19,62.16,5493031
Libya,LBY,Middle East & North Africa,Upper middle income,2000,7214.10,70.54,5305021
Libya,LBY,Middle East & North Africa,Upper middle income,2001,6312.80,70.65,5403639
Libya,LBY,Middle East & North Africa,Upper middle income,2002,3718.29,70.79,5508410
Libya,LBY,Middle East & North Africa,Upper middle income,2003,4674.10,71.00,5619398
Libya,LBY,Middle East & North Africa,Upper middle income,2004,5773.76,71.21,5736693
Libya,LBY,Middle East & North Africa,Upper middle income,2005,8079.25,71.44,5858798
Libya,LBY,Middle East & North Africa,Upper middle income,2006,10048.85,71.63,5980211
Libya,LBY,Middle East & North Africa,Upper middle income,2007,11144.94,71.79,6104380
Libya,LBY,Middle East & North Africa,Upper middle income,2008,13906.14,71.94,6235430
Libya,LBY,Middle East & North Africa,Upper middle income,2009,9551.05,72.07,6366686
Libya,LBY,Middle East & North Africa,Upper middle income,2010,11600.91,72.20,6497839
Libya,LBY,Middle East & North Africa,Upper middle income,2011,7593.84,69.95,6343203
Libya,LBY,Middle East & North Africa,Upper middle income,2012,14975.89,72.19,6179328
Libya,LBY,Middle East & North Africa,Upper middle income,2013,11951.71,72.34,6304628
Libya,LBY,Middle East & North Africa,Upper middle income,2014,8926.42,71.30,6427252
Libya,LBY,Middle East & North Africa,Upper middle income,2015,7458.49,71.64,6531819
Libya,LBY,Middle East & North Africa,Upper middle income,2016,7525.80,71.80,6632126
Libya,LBY,Middle East & North Africa,Upper middle income,2017,9965.83,72.72,6738770
Libya,LBY,Middle East & North Africa,Upper middle income,2018,11196.59,73.15,6849055
Libya,LBY,Middle East & North Africa,Upper middle income,2019,9963.19,72.94,6951033
Libya,LBY,Middle East & North Africa,Upper middle income,2020,6650.34,72.39,7045399
Libya,LBY,Middle East & North Africa,Upper middle income,2021,4935.83,72.06,7135175
Libya,LBY,Middle East & North Africa,Upper middle income,2022,5986.64,74.46,7223805
Libya,LBY,Middle East & North Africa,Upper middle income,2023,6026.52,69.34,7305659
Liechtenstein,LIE,Europe & Central Asia,High income,2000,76087.91,76.83,32645
Liechtenstein,LIE,Europe & Central Asia,High income,2001,75067.80,79.28,33194
Liechtenstein,LIE,Europe & Central Asia,High income,2002,79795.18,79.64,33694
Liechtenstein,LIE,Europe & Central Asia,High income,2003,90108.37,79.96,34079
Liechtenstein,LIE,Europe & Central Asia,High income,2004,100280.83,81.77,34447
Liechtenstein,LIE,Europe & Central Asia,High income,2005,105295.06,80.67,34753
Liechtenstein,LIE,Europe & Central Asia,High income,2006,114167.94,80.95,35037
Liechtenstein,LIE,Europe & Central Asia,High income,2007,130492.60,81.30,35262
Liechtenstein,LIE,Europe & Central Asia,High income,2008,143249.23,82.68,35473
Liechtenstein,LIE,Europe & Central Asia,High income,2009,126024.71,81.50,35742
Liechtenstein,LIE,Europe & Central Asia,High income,2010,141089.81,81.84,36022
Liechtenstein,LIE,Europe & Central Asia,High income,2011,158066.37,81.79,36312
Liechtenstein,LIE,Europe & Central Asia,High income,2012,148842.04,82.38,36657
Liechtenstein,LIE,Europe & Central Asia,High income,2013,172823.61,82.26,36984
Liechtenstein,LIE,Europe & Central Asia,High income,2014,178735.15,82.07,37248
Liechtenstein,LIE,Europe & Central Asia,High income,2015,167187.16,82.66,37494
Liechtenstein,LIE,Europe & Central Asia,High income,2016,165375.49,82.26,37716
Liechtenstein,LIE,Europe & Central Asia,High income,2017,170547.09,83.75,37962
Liechtenstein,LIE,Europe & Central Asia,High income,2018,174988.78,83.04,38246
Liechtenstein,LIE,Europe & Central Asia,High income,2019,166907.84,84.16,38563
Liechtenstein,LIE,Europe & Central Asia,High income,2020,164671.09,81.66,38901
Liechtenstein,LIE,Europe & Central Asia,High income,2021,201944.83,84.40,39182
Liechtenstein,LIE,Europe & Central Asia,High income,2022,188055.00,84.12,39493
Liechtenstein,LIE,Europe & Central Asia,High income,2023,206780.59,84.60,39846
Lithuania,LTU,Europe & Central Asia,High income,2000,3300.64,72.02,3499536
Lithuania,LTU,Europe & Central Asia,High income,2001,3532.53,71.66,3470818
Lithuania,LTU,Europe & Central Asia,High income,2002,4148.13,71.76,3443067
Lithuania,LTU,Europe & Central Asia,High income,2003,5507.47,72.06,3415213
Lithuania,LTU,Europe & Central Asia,High income,2004,6734.57,71.96,3377075
Lithuania,LTU,Europe & Central Asia,High income,2005,7857.03,71.25,3322528
Lithuania,LTU,Europe & Central Asia,High income,2006,9210.10,71.06,3269909
Lithuania,LTU,Europe & Central Asia,High income,2007,12295.12,70.90,3231294
Lithuania,LTU,Europe & Central Asia,High income,2008,14955.53,71.81,3198231
Lithuania,LTU,Europe & Central Asia,High income,2009,11854.37,72.91,3162916
Lithuania,LTU,Europe & Central Asia,High income,2010,11829.12,73.27,3097282
Lithuania,LTU,Europe & Central Asia,High income,2011,14261.84,73.56,3028115
Lithuania,LTU,Europe & Central Asia,High income,2012,14288.19,73.86,2989139
Lithuania,LTU,Europe & Central Asia,High income,2013,15636.53,73.91,2961250
Lithuania,LTU,Europe & Central Asia,High income,2014,16446.16,74.52,2937253
Lithuania,LTU,Europe & Central Asia,High income,2015,14269.80,74.32,2911109
Lithuania,LTU,Europe & Central Asia,High income,2016,14934.27,74.67,2877325
Lithuania,LTU,Europe & Central Asia,High income,2017,16800.15,75.48,2842639
Lithuania,LTU,Europe & Central Asia,High income,2018,19247.23,75.68,2819200
Lithuania,LTU,Europe & Central Asia,High income,2019,19608.79,76.28,2811089
Lithuania,LTU,Europe & Central Asia,High income,2020,20428.65,75.03,2810369
Lithuania,LTU,Europe & Central Asia,High income,2021,23870.46,74.04,2808380
Lithuania,LTU,Europe & Central Asia,High income,2022,25085.78,75.64,2831639
Lithuania,LTU,Europe & Central Asia,High income,2023,27786.01,77.29,2871585
Luxembourg,LUX,Europe & Central Asia,High income,2000,48659.60,77.87,436300
Luxembourg,LUX,Europe & Central Asia,High income,2001,48440.14,77.82,441525
Luxembourg,LUX,Europe & Central Asia,High income,2002,53005.73,77.97,446175
Luxembourg,LUX,Europe & Central Asia,High income,2003,65689.32,77.73,451630
Luxembourg,LUX,Europe & Central Asia,High income,2004,76544.92,79.12,458095
Luxembourg,LUX,Europe & Central Asia,High income,2005,80988.14,79.43,465158
Luxembourg,LUX,Europe & Central Asia,High income,2006,90788.80,79.29,472637
Luxembourg,LUX,Europe & Central Asia,High income,2007,107475.32,79.38,479993
Luxembourg,LUX,Europe & Central Asia,High income,2008,120422.14,80.54,488650
Luxembourg,LUX,Europe & Central Asia,High income,2009,109419.75,80.64,497783
Luxembourg,LUX,Europe & Central Asia,High income,2010,110885.99,80.63,506953
Luxembourg,LUX,Europe & Central Asia,High income,2011,119025.06,80.99,518347
Luxembourg,LUX,Europe & Central Asia,High income,2012,112584.68,81.39,530946
Luxembourg,LUX,Europe & Central Asia,High income,2013,120000.14,81.80,543360
Luxembourg,LUX,Europe & Central Asia,High income,2014,123678.70,82.23,556319
Luxembourg,LUX,Europe & Central Asia,High income,2015,105462.01,82.29,569604
Luxembourg,LUX,Europe & Central Asia,High income,2016,106899.29,82.69,582014
Luxembourg,LUX,Europe & Central Asia,High income,2017,110193.21,82.10,596336
Luxembourg,LUX,Europe & Central Asia,High income,2018,116926.76,82.30,607950
Luxembourg,LUX,Europe & Central Asia,High income,2019,112696.65,82.64,620001
Luxembourg,LUX,Europe & Central Asia,High income,2020,116860.03,82.14,630419
Luxembourg,LUX,Europe & Central Asia,High income,2021,134965.82,82.60,640064
Luxembourg,LUX,Europe & Central Asia,High income,2022,123719.66,82.95,653103
Luxembourg,LUX,Europe & Central Asia,High income,2023,133230.62,83.31,666430
"Macao SAR, China",MAC,East Asia & Pacific,High income,2000,15731.41,80.18,430600
"Macao SAR, China",MAC,East Asia & Pacific,High income,2001,15810.72,80.59,433900
"Macao SAR, China",MAC,East Asia & Pacific,High income,2002,16814.99,80.95,438400
"Macao SAR, China",MAC,East Asia & Pacific,High income,2003,18589.90,81.04,443600
"Macao SAR, China",MAC,East Asia & Pacific,High income,2004,23407.20,80.99,454700
"Macao SAR, China",MAC,East Asia & Pacific,High income,2005,25681.22,81.34,473500
"Macao SAR, China",MAC,East Asia & Pacific,High income,2006,29813.79,81.73,498900
"Macao SAR, China",MAC,East Asia & Pacific,High income,2007,35400.23,81.73,520900
"Macao SAR, China",MAC,East Asia & Pacific,High income,2008,38888.51,82.03,540700
"Macao SAR, China",MAC,East Asia & Pacific,High income,2009,40354.28,82.18,535000
"Macao SAR, China",MAC,East Asia & Pacific,High income,2010,52596.23,82.27,537000
"Macao SAR, China",MAC,East Asia & Pacific,High income,2011,67046.73,82.47,549600
"Macao SAR, China",MAC,East Asia & Pacific,High income,2012,76058.02,82.47,567900
"Macao SAR, China",MAC,East Asia & Pacific,High income,2013,87107.83,82.72,591900
"Macao SAR, China",MAC,East Asia & Pacific,High income,2014,88355.32,83.02,621700
"Macao SAR, China",MAC,East Asia & Pacific,High income,2015,69902.96,83.22,642900
"Macao SAR, China",MAC,East Asia & Pacific,High income,2016,68911.68,83.28,652500
"Macao SAR, China",MAC,East Asia & Pacific,High income,2017,77570.99,83.53,648400
"Macao SAR, China",MAC,East Asia & Pacific,High income,2018,83588.29,83.68,658900
"Macao SAR, China",MAC,East Asia & Pacific,High income,2019,81882.70,83.93,672000
"Macao SAR, China",MAC,East Asia & Pacific,High income,2020,36883.67,84.13,685400
"Macao SAR, China",MAC,East Asia & Pacific,High income,2021,44884.90,83.73,682500
"Macao SAR, China",MAC,East Asia & Pacific,High income,2022,36806.89,83.08,677300
"Macao SAR, China",MAC,East Asia & Pacific,High income,2023,67216.36,83.18,678800
Madagascar,MDG,Sub-Saharan Africa,Low income,2000,280.28,57.97,16516338
Madagascar,MDG,Sub-Saharan Africa,Low income,2001,319.28,58.67,17032939
Madagascar,MDG,Sub-Saharan Africa,Low income,2002,304.94,59.17,17549913
Madagascar,MDG,Sub-Saharan Africa,Low income,2003,352.62,59.69,18071854
Madagascar,MDG,Sub-Saharan Africa,Low income,2004,272.20,60.17,18606608
Madagascar,MDG,Sub-Saharan Africa,Low income,2005,305.81,60.66,19159707
Madagascar,MDG,Sub-Saharan Africa,Low income,2006,324.15,61.14,19730909
Madagascar,MDG,Sub-Saharan Africa,Low income,2007,419.55,61.53,20318583
Madagascar,MDG,Sub-Saharan Africa,Low income,2008,512.58,61.99,20923840
Madagascar,MDG,Sub-Saharan Africa,Low income,2009,446.32,62.30,21547280
Madagascar,MDG,Sub-Saharan Africa,Low income,2010,450.01,62.60,22183340
Madagascar,MDG,Sub-Saharan Africa,Low income,2011,506.16,62.86,22822300
Madagascar,MDG,Sub-Saharan Africa,Low income,2012,493.51,63.01,23462438
Madagascar,MDG,Sub-Saharan Africa,Low income,2013,515.30,63.16,24109290
Madagascar,MDG,Sub-Saharan Africa,Low income,2014,505.68,63.26,24764348
Madagascar,MDG,Sub-Saharan Africa,Low income,2015,445.32,63.36,25426702
Madagascar,MDG,Sub-Saharan Africa,Low income,2016,453.97,63.43,26099952
Madagascar,MDG,Sub-Saharan Africa,Low income,2017,491.87,63.43,26788375
Madagascar,MDG,Sub-Saharan Africa,Low income,2018,500.46,63.49,27494926
Madagascar,MDG,Sub-Saharan Africa,Low income,2019,499.82,63.50,28219554
Madagascar,MDG,Sub-Saharan Africa,Low income,2020,450.77,62.71,28953556
Madagascar,MDG,Sub-Saharan Africa,Low income,2021,483.47,62.52,29691083
Madagascar,MDG,Sub-Saharan Africa,Low income,2022,503.51,63.07,30437261
Madagascar,MDG,Sub-Saharan Africa,Low income,2023,508.72,63.63,31195932
Malawi,MWI,Sub-Saharan Africa,Low income,2000,224.22,46.17,11315942
Malawi,MWI,Sub-Saharan Africa,Low income,2001,215.47,47.20,11593058
Malawi,MWI,Sub-Saharan Africa,Low income,2002,428.21,48.18,11880440
Malawi,MWI,Sub-Saharan Africa,Low income,2003,383.35,49.60,12181574
Malawi,MWI,Sub-Saharan Africa,Low income,2004,404.67,51.07,12500737
Malawi,MWI,Sub-Saharan Africa,Low income,2005,414.36,52.47,12840031
Malawi,MWI,Sub-Saharan Africa,Low income,2006,440.82,53.65,13198701
Malawi,MWI,Sub-Saharan Africa,Low income,2007,475.18,54.69,13576343
Malawi,MWI,Sub-Saharan Africa,Low income,2008,554.05,55.72,13976417
Malawi,MWI,Sub-Saharan Africa,Low income,2009,625.87,56.71,14395788
Malawi,MWI,Sub-Saharan Africa,Low income,2010,683.12,57.79,14826463
Malawi,MWI,Sub-Saharan Africa,Low income,2011,763.06,58.86,15265022
Malawi,MWI,Sub-Saharan Africa,Low income,2012,558.46,59.87,15709577
Malawi,MWI,Sub-Saharan Africa,Low income,2013,496.95,60.82,16161816
Malawi,MWI,Sub-Saharan Africa,Low income,2014,529.51,61.65,16621538
Malawi,MWI,Sub-Saharan Africa,Low income,2015,539.61,62.32,17085587
Malawi,MWI,Sub-Saharan Africa,Low income,2016,450.51,63.16,17557739
Malawi,MWI,Sub-Saharan Africa,Low income,2017,495.77,63.91,18039715
Malawi,MWI,Sub-Saharan Africa,Low income,2018,533.20,64.46,18528081
Malawi,MWI,Sub-Saharan Africa,Low income,2019,580.89,65.00,19025752
Malawi,MWI,Sub-Saharan Africa,Low income,2020,602.51,65.22,19533888
Malawi,MWI,Sub-Saharan Africa,Low income,2021,617.45,64.78,20047258
Malawi,MWI,Sub-Saharan Africa,Low income,2022,604.27,66.04,20568728
Malawi,MWI,Sub-Saharan Africa,Low income,2023,633.21,67.35,21104482
Malaysia,MYS,East Asia & Pacific,Upper middle income,2000,4083.53,72.73,22967816
Malaysia,MYS,East Asia & Pacific,Upper middle income,2001,3943.80,73.08,23526538
Malaysia,MYS,East Asia & Pacific,Upper middle income,2002,4184.03,73.47,24102477
Malaysia,MYS,East Asia & Pacific,Upper middle income,2003,4465.32,73.73,24679602
Malaysia,MYS,East Asia & Pacific,Upper middle income,2004,4939.25,74.03,25256772
Malaysia,MYS,East Asia & Pacific,Upper middle income,2005,5555.58,74.37,25836071
Malaysia,MYS,East Asia & Pacific,Upper middle income,2006,6158.41,74.70,26417909
Malaysia,MYS,East Asia & Pacific,Upper middle income,2007,7168.93,74.96,26998389
Malaysia,MYS,East Asia & Pacific,Upper middle income,2008,8371.82,75.15,27570059
Malaysia,MYS,East Asia & Pacific,Upper middle income,2009,7191.43,75.27,28124778
Malaysia,MYS,East Asia & Pacific,Upper middle income,2010,8899.35,75.38,28655776
Malaysia,MYS,East Asia & Pacific,Upper middle income,2011,10217.11,75.49,29162039
Malaysia,MYS,East Asia & Pacific,Upper middle income,2012,10600.57,75.55,29662831
Malaysia,MYS,East Asia & Pacific,Upper middle income,2013,10713.64,75.46,30174265
Malaysia,MYS,East Asia & Pacific,Upper middle income,2014,11013.31,75.34,30696137
Malaysia,MYS,East Asia & Pacific,Upper middle income,2015,9648.68,75.29,31232798
Malaysia,MYS,East Asia & Pacific,Upper middle income,2016,9476.53,75.37,31789685
Malaysia,MYS,East Asia & Pacific,Upper middle income,2017,9862.55,75.54,32355644
Malaysia,MYS,East Asia & Pacific,Upper middle income,2018,10901.80,75.73,32910967
Malaysia,MYS,East Asia & Pacific,Upper middle income,2019,10920.19,75.90,33440596
Malaysia,MYS,East Asia & Pacific,Upper middle income,2020,9957.53,76.06,33889558
Malaysia,MYS,East Asia & Pacific,Upper middle income,2021,10903.10,73.92,34282399
Malaysia,MYS,East Asia & Pacific,Upper middle income,2022,11754.57,75.44,34695493
Malaysia,MYS,East Asia & Pacific,Upper middle income,2023,11386.04,76.66,35126298
Maldives,MDV,South Asia,Upper middle income,2000,2213.81,70.89,282019
Maldives,MDV,South Asia,Upper middle income,2001,3033.93,71.66,286767
Maldives,MDV,South Asia,Upper middle income,2002,3076.07,72.36,291616
Maldives,MDV,South Asia,Upper middle income,2003,3548.58,73.26,296491
Maldives,MDV,South Asia,Upper middle income,2004,4070.26,73.01,301413
Maldives,MDV,South Asia,Upper middle income,2005,3796.52,74.78,306429
Maldives,MDV,South Asia,Upper middle income,2006,5018.94,75.26,313851
Maldives,MDV,South Asia,Upper middle income,2007,5758.10,75.71,324479
Maldives,MDV,South Asia,Upper middle income,2008,6757.43,76.00,336170
Maldives,MDV,South Asia,Upper middle income,2009,6734.03,76.37,348275
Maldives,MDV,South Asia,Upper middle income,2010,7173.60,76.76,360792
Maldives,MDV,South Asia,Upper middle income,2011,7424.52,77.14,373674
Maldives,MDV,South Asia,Upper middle income,2012,7461.30,77.51,386818
Maldives,MDV,South Asia,Upper middle income,2013,8236.08,77.85,400070
Maldives,MDV,South Asia,Upper middle income,2014,8939.07,78.19,413617
Maldives,MDV,South Asia,Upper middle income,2015,9644.91,78.61,428154
Maldives,MDV,South Asia,Upper middle income,2016,9947.81,78.91,443308
Maldives,MDV,South Asia,Upper middle income,2017,10509.63,79.23,458287
Maldives,MDV,South Asia,Upper middle income,2018,11423.28,79.43,473099
Maldives,MDV,South Asia,Upper middle income,2019,11740.27,79.71,487731
Maldives,MDV,South Asia,Upper middle income,2020,7393.89,78.71,502118
Maldives,MDV,South Asia,Upper middle income,2021,10176.14,78.05,516154
Maldives,MDV,South Asia,Upper middle income,2022,11786.02,80.76,524106
Maldives,MDV,South Asia,Upper middle income,2023,12587.61,81.04,525994
Mali,MLI,Sub-Saharan Africa,Low income,2000,304.65,50.60,11559290
Mali,MLI,Sub-Saharan Africa,Low income,2001,346.22,51.30,11912158
Mali,MLI,Sub-Saharan Africa,Low income,2002,378.19,51.99,12288050
Mali,MLI,Sub-Saharan Africa,Low income,2003,441.91,52.63,12684955
Mali,MLI,Sub-Saharan Africa,Low income,2004,495.01,53.25,13102409
Mali,MLI,Sub-Saharan Africa,Low income,2005,548.73,53.79,13538647
Mali,MLI,Sub-Saharan Africa,Low income,2006,586.99,54.30,13990139
Mali,MLI,Sub-Saharan Africa,Low income,2007,670.85,54.76,14457775
Mali,MLI,Sub-Saharan Africa,Low income,2008,767.19,55.19,14940782
Mali,MLI,Sub-Saharan Africa,Low income,2009,787.48,55.59,15435539
Mali,MLI,Sub-Saharan Africa,Low income,2010,797.15,55.99,15945198
Mali,MLI,Sub-Saharan Africa,Low income,2011,938.29,56.37,16469049
Mali,MLI,Sub-Saharan Africa,Low income,2012,872.51,56.70,16957033
Mali,MLI,Sub-Saharan Africa,Low income,2013,901.92,57.05,17459615
Mali,MLI,Sub-Saharan Africa,Low income,2014,947.92,57.48,18020267
Mali,MLI,Sub-Saharan Africa,Low income,2015,838.12,57.85,18593022
Mali,MLI,Sub-Saharan Africa,Low income,2016,872.47,58.29,19191289
Mali,MLI,Sub-Saharan Africa,Low income,2017,924.06,58.56,19813011
Mali,MLI,Sub-Saharan Africa,Low income,2018,996.38,58.87,20442030
Mali,MLI,Sub-Saharan Africa,Low income,2019,971.95,59.22,21068405
Mali,MLI,Sub-Saharan Africa,Low income,2020,953.24,58.86,21713836
Mali,MLI,Sub-Saharan Africa,Low income,2021,1027.27,59.12,22388630
Mali,MLI,Sub-Saharan Africa,Low income,2022,976.91,60.03,23072640
Mali,MLI,Sub-Saharan Africa,Low income,2023,1043.95,60.44,23769127
Malta,MLT,Middle East & North Africa,High income,2000,10348.49,78.35,390087
Malta,MLT,Middle East & North Africa,High income,2001,10357.70,78.84,393028
Malta,MLT,Middle East & North Africa,High income,2002,11251.20,78.74,395969
Malta,MLT,Middle East & North Africa,High income,2003,13593.98,78.55,398582
Malta,MLT,Middle East & North Africa,High income,2004,15212.13,79.25,401268
Malta,MLT,Middle East & North Africa,High income,2005,15831.34,79.30,403834
Malta,MLT,Middle East & North Africa,High income,2006,16653.60,79.44,405308
Malta,MLT,Middle East & North Africa,High income,2007,19444.17,79.79,406724
Malta,MLT,Middle East & North Africa,High income,2008,22315.31,79.64,409379
Malta,MLT,Middle East & North Africa,High income,2009,21176.32,80.24,412477
Malta,MLT,Middle East & North Africa,High income,2010,21946.61,81.40,414508
Malta,MLT,Middle East & North Africa,High income,2011,23516.97,80.75,416268
Malta,MLT,Middle East & North Africa,High income,2012,22878.31,80.75,420028
Malta,MLT,Middle East & North Africa,High income,2013,25415.56,81.75,424810
Malta,MLT,Middle East & North Africa,High income,2014,27424.58,81.90,433481
Malta,MLT,Middle East & North Africa,High income,2015,25529.68,81.80,444220
Malta,MLT,Middle East & North Africa,High income,2016,26459.08,82.35,454505
Malta,MLT,Middle East & North Africa,High income,2017,30317.24,82.20,467106
Malta,MLT,Middle East & North Africa,High income,2018,33382.27,82.25,483903
Malta,MLT,Middle East & North Africa,High income,2019,32421.92,82.66,503912
Malta,MLT,Middle East & North Africa,High income,2020,31823.44,82.10,515490
Malta,MLT,Middle East & North Africa,High income,2021,38096.84,82.26,518150
Malta,MLT,Middle East & North Africa,High income,2022,35638.89,82.30,531113
Malta,MLT,Middle East & North Africa,High income,2023,40905.81,83.36,552747
Marshall Islands,MHL,East Asia & Pacific,Upper middle income,2000,2264.79,63.32,50706
Marshall Islands,MHL,East Asia & Pacific,Upper middle income,2001,2394.35,63.73,51123
Marshall Islands,MHL,East Asia & Pacific,Upper middle income,2002,2566.07,63.85,51425
Marshall Islands,MHL,East Asia & Pacific,Upper middle income,2003,2539.33,63.96,51639
Marshall Islands,MHL,East Asia & Pacific,Upper middle income,2004,2566.08,64.04,51791
Marshall Islands,MHL,East Asia & Pacific,Upper middle income,2005,2658.65,64.11,51906
Marshall Islands,MHL,East Asia & Pacific,Upper middle income,2006,2754.27,64.21,51992
Marshall Islands,MHL,East Asia & Pacific,Upper middle income,2007,2892.28,64.26,52035
Marshall Islands,MHL,East Asia & Pacific,Upper middle income,2008,2817.61,64.30,52030
Marshall Islands,MHL,East Asia & Pacific,Upper middle income,2009,2906.63,64.39,52019
Marshall Islands,MHL,East Asia & Pacific,Upper middle income,2010,3095.46,64.50,52044
Marshall Islands,MHL,East Asia & Pacific,Upper middle income,2011,3319.40,64.64,51907
Marshall Islands,MHL,East Asia & Pacific,Upper middle income,2012,3514.27,64.78,51419
Marshall Islands,MHL,East Asia & Pacific,Upper middle income,2013,3677.91,64.95,50681
Marshall Islands,MHL,East Asia & Pacific,Upper middle income,2014,3735.24,65.11,49796
Marshall Islands,MHL,East Asia & Pacific,Upper middle income,2015,3764.34,65.29,48800
Marshall Islands,MHL,East Asia & Pacific,Upper middle income,2016,4229.81,65.48,47709
Marshall Islands,MHL,East Asia & Pacific,Upper middle income,2017,4592.83,65.67,46529
Marshall Islands,MHL,East Asia & Pacific,Upper middle income,2018,4858.12,65.87,45285
Marshall Islands,MHL,East Asia & Pacific,Upper middle income,2019,5292.34,66.05,44007
Marshall Islands,MHL,East Asia & Pacific,Upper middle income,2020,5661.97,65.39,42706
Marshall Islands,MHL,East Asia & Pacific,Upper middle income,2021,6315.31,65.42,41367
Marshall Islands,MHL,East Asia & Pacific,Upper middle income,2022,6455.66,66.72,40077
Marshall Islands,MHL,East Asia & Pacific,Upper middle income,2023,6793.24,66.94,38827
Mauritania,MRT,Sub-Saharan Africa,Lower middle income,2000,680.91,61.04,2613441
Mauritania,MRT,Sub-Saharan Africa,Lower middle income,2001,651.82,61.66,2678760
Mauritania,MRT,Sub-Saharan Africa,Lower middle income,2002,648.88,62.25,2738655
Mauritania,MRT,Sub-Saharan Africa,Lower middle income,2003,732.02,62.80,2802046
Mauritania,MRT,Sub-Saharan Africa,Lower middle income,2004,823.55,63.37,2868664
Mauritania,MRT,Sub-Saharan Africa,Lower middle income,2005,998.97,63.92,2939059
Mauritania,MRT,Sub-Saharan Africa,Lower middle income,2006,1300.60,64.49,3013660
Mauritania,MRT,Sub-Saharan Africa,Lower middle income,2007,1405.15,64.89,3093059
Mauritania,MRT,Sub-Saharan Africa,Lower middle income,2008,1635.56,65.23,3183269
Mauritania,MRT,Sub-Saharan Africa,Lower middle income,2009,1435.43,65.48,3284448
Mauritania,MRT,Sub-Saharan Africa,Lower middle income,2010,1659.96,65.66,3390965
Mauritania,MRT,Sub-Saharan Africa,Lower middle income,2011,1931.20,65.75,3502811
Mauritania,MRT,Sub-Saharan Africa,Lower middle income,2012,1859.12,65.81,3619034
Mauritania,MRT,Sub-Saharan Africa,Lower middle income,2013,1934.24,65.89,3734318
Mauritania,MRT,Sub-Saharan Africa,Lower middle income,2014,1713.01,66.21,3848514
Mauritania,MRT,Sub-Saharan Africa,Lower middle income,2015,1554.95,66.50,3965959
Mauritania,MRT,Sub-Saharan Africa,Lower middle income,2016,1565.77,66.82,4086657
Mauritania,MRT,Sub-Saharan Africa,Lower middle income,2017,1615.00,67.09,4210600
Mauritania,MRT,Sub-Saharan Africa,Lower middle income,2018,1722.94,67.42,4337685
Mauritania,MRT,Sub-Saharan Africa,Lower middle income,2019,1767.07,67.64,4467708
Mauritania,MRT,Sub-Saharan Africa,Lower middle income,2020,1795.76,66.79,4600131
Mauritania,MRT,Sub-Saharan Africa,Lower middle income,2021,1947.79,66.76,4734874
Mauritania,MRT,Sub-Saharan Africa,Lower middle income,2022,1960.35,68.28,4875637
Mauritania,MRT,Sub-Saharan Africa,Lower middle income,2023,2135.78,68.48,5022441
Mauritius,MUS,Sub-Saharan Africa,Upper middle income,2000,3981.98,71.66,1186873
Mauritius,MUS,Sub-Saharan Africa,Upper middle income,2001,3908.56,71.77,1196287
Mauritius,MUS,Sub-Saharan Africa,Upper middle income,2002,4073.06,71.97,1204621
Mauritius,MUS,Sub-Saharan Africa,Upper middle income,2003,4858.27,72.12,1213370
Mauritius,MUS,Sub-Saharan Africa,Upper middle income,2004,5460.61,72.27,1221003
Mauritius,MUS,Sub-Saharan Africa,Upper middle income,2005,5354.03,72.43,1228254
Mauritius,MUS,Sub-Saharan Africa,Upper middle income,2006,5784.22,72.43,1233996
Mauritius,MUS,Sub-Saharan Africa,Upper middle income,2007,6677.35,72.57,1239630
Mauritius,MUS,Sub-Saharan Africa,Upper middle income,2008,8140.51,72.57,1244121
Mauritius,MUS,Sub-Saharan Africa,Upper middle income,2009,7426.89,72.88,1247429
Mauritius,MUS,Sub-Saharan Africa,Upper middle income,2010,8113.18,72.97,1250400
Mauritius,MUS,Sub-Saharan Africa,Upper middle income,2011,9324.24,73.27,1252404
Mauritius,MUS,Sub-Saharan Africa,Upper middle income,2012,9421.53,73.86,1255882
Mauritius,MUS,Sub-Saharan Africa,Upper middle income,2013,9877.14,74.02,1258927
Mauritius,MUS,Sub-Saharan Africa,Upper middle income,2014,10490.33,74.19,1261208
Mauritius,MUS,Sub-Saharan Africa,Upper middle income,2015,9630.54,74.35,1262879
Mauritius,MUS,Sub-Saharan Africa,Upper middle income,2016,10095.12,74.39,1263747
Mauritius,MUS,Sub-Saharan Africa,Upper middle income,2017,10986.70,74.51,1264887
Mauritius,MUS,Sub-Saharan Africa,Upper middle income,2018,11818.75,74.42,1265577
Mauritius,MUS,Sub-Saharan Africa,Upper middle income,2019,11568.25,74.24,1265985
Mauritius,MUS,Sub-Saharan Africa,Upper middle income,2020,9135.85,74.18,1266014
Mauritius,MUS,Sub-Saharan Africa,Upper middle income,2021,9177.71,73.68,1266334
Mauritius,MUS,Sub-Saharan Africa,Upper middle income,2022,10246.50,73.51,1262523
Mauritius,MUS,Sub-Saharan Africa,Upper middle income,2023,11269.97,73.41,1248647
Mexico,MEX,Latin America & Caribbean,Upper middle income,2000,7524.03,72.56,98625552
Mexico,MEX,Latin America & Caribbean,Upper middle income,2001,7952.76,72.91,100099099
Mexico,MEX,Latin America & Caribbean,Upper middle income,2002,7983.03,73.11,101548624
Mexico,MEX,Latin America & Caribbean,Upper middle income,2003,7434.07,73.31,102978515
Mexico,MEX,Latin America & Caribbean,Upper middle income,2004,7849.67,73.43,104394131
Mexico,MEX,Latin America & Caribbean,Upper middle income,2005,8671.76,73.63,105811504
Mexico,MEX,Latin America & Caribbean,Upper middle income,2006,9512.64,73.75,107253666
Mexico,MEX,Latin America & Caribbean,Upper middle income,2007,10134.33,73.80,108774360
Mexico,MEX,Latin America & Caribbean,Upper middle income,2008,10523.77,73.69,110374288
Mexico,MEX,Latin America & Caribbean,Upper middle income,2009,8423.57,73.63,111999721
Mexico,MEX,Latin America & Caribbean,Upper middle income,2010,9728.80,73.72,113623895
Mexico,MEX,Latin America & Caribbean,Upper middle income,2011,10664.49,73.92,115243504
Mexico,MEX,Latin America & Caribbean,Upper middle income,2012,10744.13,74.13,116818208
Mexico,MEX,Latin America & Caribbean,Upper middle income,2013,11216.80,74.29,118343573
Mexico,MEX,Latin America & Caribbean,Upper middle income,2014,11391.38,74.40,119784261
Mexico,MEX,Latin America & Caribbean,Upper middle income,2015,10021.24,74.43,121072306
Mexico,MEX,Latin America & Caribbean,Upper middle income,2016,9097.92,74.38,122251351
Mexico,MEX,Latin America & Caribbean,Upper middle income,2017,9649.28,74.26,123400057
Mexico,MEX,Latin America & Caribbean,Upper middle income,2018,10084.79,74.30,124573711
Mexico,MEX,Latin America & Caribbean,Upper middle income,2019,10369.56,74.53,125762982
Mexico,MEX,Latin America & Caribbean,Upper middle income,2020,8841.27,70.45,126799054
Mexico,MEX,Latin America & Caribbean,Upper middle income,2021,10314.05,69.75,127648148
Mexico,MEX,Latin America & Caribbean,Upper middle income,2022,11405.79,73.97,128613117
Mexico,MEX,Latin America & Caribbean,Upper middle income,2023,13860.96,75.07,129739759
"Micronesia, Federated States of",FSM,East Asia & Pacific,Lower middle income,2000,2049.35,64.32,112044
"Micronesia, Federated States of",FSM,East Asia & Pacific,Lower middle income,2001,2103.75,64.80,112365
"Micronesia, Federated States of",FSM,East Asia & Pacific,Lower middle income,2002,2113.46,63.91,112448
"Micronesia, Federated States of",FSM,East Asia & Pacific,Lower middle income,2003,2145.88,64.92,112285
"Micronesia, Federated States of",FSM,East Asia & Pacific,Lower middle income,2004,2104.43,64.90,111925
"Micronesia, Federated States of",FSM,East Asia & Pacific,Lower middle income,2005,2207.17,64.91,111412
"Micronesia, Federated States of",FSM,East Asia & Pacific,Lower middle income,2006,2244.97,64.86,110729
"Micronesia, Federated States of",FSM,East Asia & Pacific,Lower middle income,2007,2293.51,64.84,109880
"Micronesia, Federated States of",FSM,East Asia & Pacific,Lower middle income,2008,2369.51,64.85,108936
"Micronesia, Federated States of",FSM,East Asia & Pacific,Lower middle income,2009,2544.11,64.86,107957
"Micronesia, Federated States of",FSM,East Asia & Pacific,Lower middle income,2010,2702.61,64.89,107540
"Micronesia, Federated States of",FSM,East Asia & Pacific,Lower middle income,2011,2848.70,64.97,107698
"Micronesia, Federated States of",FSM,East Asia & Pacific,Lower middle income,2012,2992.29,65.08,107890
"Micronesia, Federated States of",FSM,East Asia & Pacific,Lower middle income,2013,2893.13,65.18,108121
"Micronesia, Federated States of",FSM,East Asia & Pacific,Lower middle income,2014,2896.73,65.29,108396
"Micronesia, Federated States of",FSM,East Asia & Pacific,Lower middle income,2015,2853.08,65.31,108716
"Micronesia, Federated States of",FSM,East Asia & Pacific,Lower middle income,2016,2979.60,65.58,109075
"Micronesia, Federated States of",FSM,East Asia & Pacific,Lower middle income,2017,3279.11,65.76,109481
"Micronesia, Federated States of",FSM,East Asia & Pacific,Lower middle income,2018,3566.59,65.94,109909
"Micronesia, Federated States of",FSM,East Asia & Pacific,Lower middle income,2019,3572.66,66.20,110282
"Micronesia, Federated States of",FSM,East Asia & Pacific,Lower middle income,2020,3362.03,65.88,110916
"Micronesia, Federated States of",FSM,East Asia & Pacific,Lower middle income,2021,3508.22,66.15,111624
"Micronesia, Federated States of",FSM,East Asia & Pacific,Lower middle income,2022,3710.12,66.96,112114
"Micronesia, Federated States of",FSM,East Asia & Pacific,Lower middle income,2023,3919.64,67.20,112630
Moldova,MDA,Europe & Central Asia,Upper middle income,2000,440.54,67.46,2924668
Moldova,MDA,Europe & Central Asia,Upper middle income,2001,507.40,67.67,2918135
Moldova,MDA,Europe & Central Asia,Upper middle income,2002,570.80,67.79,2911385
Moldova,MDA,Europe & Central Asia,Upper middle income,2003,682.32,67.90,2903198
Moldova,MDA,Europe & Central Asia,Upper middle income,2004,897.18,68.02,2896023
Moldova,MDA,Europe & Central Asia,Upper middle income,2005,1034.39,68.20,2888985
Moldova,MDA,Europe & Central Asia,Upper middle income,2006,1183.02,68.42,2880967
Moldova,MDA,Europe & Central Asia,Upper middle income,2007,1531.22,68.67,2874299
Moldova,MDA,Europe & Central Asia,Upper middle income,2008,2110.55,69.00,2868833
Moldova,MDA,Europe & Central Asia,Upper middle income,2009,1898.44,69.41,2865213
Moldova,MDA,Europe & Central Asia,Upper middle income,2010,2436.80,69.88,2862354
Moldova,MDA,Europe & Central Asia,Upper middle income,2011,2941.36,70.17,2860699
Moldova,MDA,Europe & Central Asia,Upper middle income,2012,3044.81,70.34,2860324
Moldova,MDA,Europe & Central Asia,Upper middle income,2013,3321.04,70.29,2859558
Moldova,MDA,Europe & Central Asia,Upper middle income,2014,3289.96,70.24,2857815
Moldova,MDA,Europe & Central Asia,Upper middle income,2015,2749.55,70.12,2835978
Moldova,MDA,Europe & Central Asia,Upper middle income,2016,2847.09,70.18,2803186
Moldova,MDA,Europe & Central Asia,Upper middle income,2017,3453.27,70.38,2755189
Moldova,MDA,Europe & Central Asia,Upper middle income,2018,4156.45,70.24,2707203
Moldova,MDA,Europe & Central Asia,Upper middle income,2019,4405.33,70.18,2664224
Moldova,MDA,Europe & Central Asia,Upper middle income,2020,4375.78,69.91,2635130
Moldova,MDA,Europe & Central Asia,Upper middle income,2021,5274.61,68.99,2595809
Moldova,MDA,Europe & Central Asia,Upper middle income,2022,5744.30,71.55,2528654
Moldova,MDA,Europe & Central Asia,Upper middle income,2023,6799.59,71.20,2457783
Monaco,MCO,Europe & Central Asia,High income,2000,81789.02,82.12,32455
Monaco,MCO,Europe & Central Asia,High income,2001,82402.78,82.48,32447
Monaco,MCO,Europe & Central Asia,High income,2002,90051.45,83.06,32422
Monaco,MCO,Europe & Central Asia,High income,2003,111110.45,83.61,32374
Monaco,MCO,Europe & Central Asia,High income,2004,125160.23,84.15,32307
Monaco,MCO,Europe & Central Asia,High income,2005,130538.74,84.34,32210
Monaco,MCO,Europe & Central Asia,High income,2006,143083.46,84.19,32057
Monaco,MCO,Europe & Central Asia,High income,2007,184558.56,83.90,31837
Monaco,MCO,Europe & Central Asia,High income,2008,204263.80,83.83,31836
Monaco,MCO,Europe & Central Asia,High income,2009,169150.27,84.19,32364
Monaco,MCO,Europe & Central Asia,High income,2010,161853.92,84.64,33163
Monaco,MCO,Europe & Central Asia,High income,2011,179363.98,85.01,33946
Monaco,MCO,Europe & Central Asia,High income,2012,165444.65,85.05,34711
Monaco,MCO,Europe & Central Asia,High income,2013,184940.66,85.06,35447
Monaco,MCO,Europe & Central Asia,High income,2014,195693.57,85.09,36128
Monaco,MCO,Europe & Central Asia,High income,2015,170437.10,85.32,36757
Monaco,MCO,Europe & Central Asia,High income,2016,173604.75,85.63,37276
Monaco,MCO,Europe & Central Asia,High income,2017,170663.38,85.88,37678
Monaco,MCO,Europe & Central Asia,High income,2018,188298.32,86.08,38154
Monaco,MCO,Europe & Central Asia,High income,2019,193746.79,86.15,38109
Monaco,MCO,Europe & Central Asia,High income,2020,176891.89,86.09,38050
Monaco,MCO,Europe & Central Asia,High income,2021,223823.36,85.11,38527
Monaco,MCO,Europe & Central Asia,High income,2022,226052.00,85.75,38931
Monaco,MCO,Europe & Central Asia,High income,2023,256799.79,86.37,38956
Mongolia,MNG,East Asia & Pacific,Upper middle income,2000,476.03,63.21,2388299
Mongolia,MNG,East Asia & Pacific,Upper middle income,2001,524.45,63.39,2417751
Mongolia,MNG,East Asia & Pacific,Upper middle income,2002,570.25,63.54,2449027
Mongolia,MNG,East Asia & Pacific,Upper middle income,2003,643.17,63.58,2480374
Mongolia,MNG,East Asia & Pacific,Upper middle income,2004,794.15,64.63,2508412
Mongolia,MNG,East Asia & Pacific,Upper middle income,2005,994.90,65.28,2536407
Mongolia,MNG,East Asia & Pacific,Upper middle income,2006,1329.89,65.90,2567168
Mongolia,MNG,East Asia & Pacific,Upper middle income,2007,1627.69,66.59,2601850
Mongolia,MNG,East Asia & Pacific,Upper middle income,2008,2127.43,67.25,2643201
Mongolia,MNG,East Asia & Pacific,Upper middle income,2009,1703.33,67.97,2691115
Mongolia,MNG,East Asia & Pacific,Upper middle income,2010,2625.22,68.51,2738622
Mongolia,MNG,East Asia & Pacific,Upper middle income,2011,3736.04,69.11,2786317
Mongolia,MNG,East Asia & Pacific,Upper middle income,2012,4328.89,69.50,2839705
Mongolia,MNG,East Asia & Pacific,Upper middle income,2013,4340.14,70.10,2899011
Mongolia,MNG,East Asia & Pacific,Upper middle income,2014,4126.24,70.58,2963113
Mongolia,MNG,East Asia & Pacific,Upper middle income,2015,3838.92,70.81,3026864
Mongolia,MNG,East Asia & Pacific,Upper middle income,2016,3619.90,70.22,3088856
Mongolia,MNG,East Asia & Pacific,Upper middle income,2017,3645.97,70.54,3148917
Mongolia,MNG,East Asia & Pacific,Upper middle income,2018,4107.64,70.83,3208189
Mongolia,MNG,East Asia & Pacific,Upper middle income,2019,4347.55,71.05,3267673
Mongolia,MNG,East Asia & Pacific,Upper middle income,2020,4001.25,71.35,3327204
Mongolia,MNG,East Asia & Pacific,Upper middle income,2021,4517.62,71.65,3383741
Mongolia,MNG,East Asia & Pacific,Upper middle income,2022,4993.51,71.90,3433748
Mongolia,MNG,East Asia & Pacific,Upper middle income,2023,5838.63,72.12,3481145
Montenegro,MNE,Europe & Central Asia,Upper middle income,2000,1627.07,73.40,604950
Montenegro,MNE,Europe & Central Asia,Upper middle income,2001,1909.60,73.58,607389
Montenegro,MNE,Europe & Central Asia,Upper middle income,2002,2106.64,73.97,609828
Montenegro,MNE,Europe & Central Asia,Upper middle income,2003,2789.16,74.06,612267
Montenegro,MNE,Europe & Central Asia,Upper middle income,2004,3380.17,74.21,613353
Montenegro,MNE,Europe & Central Asia,Upper middle income,2005,3674.62,73.98,614261
Montenegro,MNE,Europe & Central Asia,Upper middle income,2006,4418.85,73.84,615025
Montenegro,MNE,Europe & Central Asia,Upper middle income,2007,5971.85,74.34,615875
Montenegro,MNE,Europe & Central Asia,Upper middle income,2008,7359.95,75.14,616969
Montenegro,MNE,Europe & Central Asia,Upper middle income,2009,6700.11,75.14,618294
Montenegro,MNE,Europe & Central Asia,Upper middle income,2010,6678.64,75.99,619428
Montenegro,MNE,Europe & Central Asia,Upper middle income,2011,7265.52,76.08,620345
Montenegro,MNE,Europe & Central Asia,Upper middle income,2012,6552.48,76.30,621418
Montenegro,MNE,Europe & Central Asia,Upper middle income,2013,7102.78,76.49,622587
Montenegro,MNE,Europe & Central Asia,Upper middle income,2014,7342.17,76.34,623744
Montenegro,MNE,Europe & Central Asia,Upper middle income,2015,6421.00,76.60,624651
Montenegro,MNE,Europe & Central Asia,Upper middle income,2016,6968.02,76.54,625353
Montenegro,MNE,Europe & Central Asia,Upper middle income,2017,7674.28,76.69,625982
Montenegro,MNE,Europe & Central Asia,Upper middle income,2018,8673.59,77.89,626438
Montenegro,MNE,Europe & Central Asia,Upper middle income,2019,8749.02,76.68,626753
Montenegro,MNE,Europe & Central Asia,Upper middle income,2020,7538.54,75.93,626590
Montenegro,MNE,Europe & Central Asia,Upper middle income,2021,9317.16,73.82,625053
Montenegro,MNE,Europe & Central Asia,Upper middle income,2022,10024.54,76.19,623591
Montenegro,MNE,Europe & Central Asia,Upper middle income,2023,12259.88,77.59,623529
Morocco,MAR,Middle East & North Africa,Lower middle income,2000,1499.11,66.79,28423435
Morocco,MAR,Middle East & North Africa,Lower middle income,2001,1506.25,67.20,28814643
Morocco,MAR,Middle East & North Africa,Lower middle income,2002,1596.02,67.58,29198142
Morocco,MAR,Middle East & North Africa,Lower middle income,2003,1941.87,67.96,29571415
Morocco,MAR,Middle East & North Africa,Lower middle income,2004,2183.56,68.27,29953018
Morocco,MAR,Middle East & North Africa,Lower middle income,2005,2242.99,68.75,30358144
Morocco,MAR,Middle East & North Africa,Lower middle income,2006,2438.13,69.16,30771178
Morocco,MAR,Middle East & North Africa,Lower middle income,2007,2755.59,69.62,31186468
Morocco,MAR,Middle East & North Africa,Lower middle income,2008,3183.20,70.05,31606767
Morocco,MAR,Middle East & North Africa,Lower middle income,2009,3119.59,70.45,32030778
Morocco,MAR,Middle East & North Africa,Lower middle income,2010,3067.99,70.82,32467016
Morocco,MAR,Middle East & North Africa,Lower middle income,2011,3301.99,71.26,32912588
Morocco,MAR,Middle East & North Africa,Lower middle income,2012,3164.18,71.67,33355241
Morocco,MAR,Middle East & North Africa,Lower middle income,2013,3379.74,72.12,33787571
Morocco,MAR,Middle East & North Africa,Lower middle income,2014,3435.41,72.52,34204780
Morocco,MAR,Middle East & North Africa,Lower middle income,2015,3146.25,72.89,34607588
Morocco,MAR,Middle East & North Africa,Lower middle income,2016,3140.86,73.23,35023457
Morocco,MAR,Middle East & North Africa,Lower middle income,2017,3296.53,73.61,35446392
Morocco,MAR,Middle East & North Africa,Lower middle income,2018,3501.70,73.95,35839760
Morocco,MAR,Middle East & North Africa,Lower middle income,2019,3508.10,74.25,36210898
Morocco,MAR,Middle East & North Africa,Lower middle income,2020,3268.03,73.13,36584208
Morocco,MAR,Middle East & North Africa,Lower middle income,2021,3785.94,73.39,36954442
Morocco,MAR,Middle East & North Africa,Lower middle income,2022,3463.14,75.16,37329064
Morocco,MAR,Middle East & North Africa,Lower middle income,2023,3813.73,75.31,37712505
Mozambique,MOZ,Sub-Saharan Africa,Low income,2000,327.13,49.48,18129653
Mozambique,MOZ,Sub-Saharan Africa,Low income,2001,304.79,50.26,18537729
Mozambique,MOZ,Sub-Saharan Africa,Low income,2002,313.89,50.88,18958338
Mozambique,MOZ,Sub-Saharan Africa,Low income,2003,339.49,51.38,19392475
Mozambique,MOZ,Sub-Saharan Africa,Low income,2004,400.06,51.85,19840313
Mozambique,MOZ,Sub-Saharan Africa,Low income,2005,436.77,52.32,20304569
Mozambique,MOZ,Sub-Saharan Africa,Low income,2006,457.49,52.75,20787087
Mozambique,MOZ,Sub-Saharan Africa,Low income,2007,507.87,53.26,21287635
Mozambique,MOZ,Sub-Saharan Africa,Low income,2008,592.16,53.80,21819036
Mozambique,MOZ,Sub-Saharan Africa,Low income,2009,547.70,54.40,22391745
Mozambique,MOZ,Sub-Saharan Africa,Low income,2010,496.19,55.04,22999235
Mozambique,MOZ,Sub-Saharan Africa,Low income,2011,618.18,55.73,23649039
Mozambique,MOZ,Sub-Saharan Africa,Low income,2012,685.69,56.46,24337846
Mozambique,MOZ,Sub-Saharan Africa,Low income,2013,686.51,57.19,25051611
Mozambique,MOZ,Sub-Saharan Africa,Low income,2014,697.14,57.97,25788475
Mozambique,MOZ,Sub-Saharan Africa,Low income,2015,610.56,58.71,26547572
Mozambique,MOZ,Sub-Saharan Africa,Low income,2016,441.49,59.45,27337105
Mozambique,MOZ,Sub-Saharan Africa,Low income,2017,470.94,60.15,28166393
Mozambique,MOZ,Sub-Saharan Africa,Low income,2018,517.51,60.79,29018644
Mozambique,MOZ,Sub-Saharan Africa,Low income,2019,519.09,61.31,29884380
Mozambique,MOZ,Sub-Saharan Africa,Low income,2020,462.43,61.39,30783688
Mozambique,MOZ,Sub-Saharan Africa,Low income,2021,509.91,60.27,31707800
Mozambique,MOZ,Sub-Saharan Africa,Low income,2022,578.25,63.01,32656246
Mozambique,MOZ,Sub-Saharan Africa,Low income,2023,622.00,63.61,33635160
Myanmar,MMR,East Asia & Pacific,Lower middle income,2000,196.62,60.36,45290841
Myanmar,MMR,East Asia & Pacific,Lower middle income,2001,141.53,60.64,45771139
Myanmar,MMR,East Asia & Pacific,Lower middle income,2002,146.60,60.92,46232653
Myanmar,MMR,East Asia & Pacific,Lower middle income,2003,224.29,61.20,46667192
Myanmar,MMR,East Asia & Pacific,Lower middle income,2004,224.51,61.44,47068772
Myanmar,MMR,East Asia & Pacific,Lower middle income,2005,252.69,61.72,47438365
Myanmar,MMR,East Asia & Pacific,Lower middle income,2006,303.50,62.03,47785135
Myanmar,MMR,East Asia & Pacific,Lower middle income,2007,419.38,62.37,48125043
Myanmar,MMR,East Asia & Pacific,Lower middle income,2008,658.44,56.36,48390793
Myanmar,MMR,East Asia & Pacific,Lower middle income,2009,758.44,63.09,48660459
Myanmar,MMR,East Asia & Pacific,Lower middle income,2010,1010.53,63.48,49024382
Myanmar,MMR,East Asia & Pacific,Lower middle income,2011,1213.63,63.86,49419820
Myanmar,MMR,East Asia & Pacific,Lower middle income,2012,1202.67,64.25,49837446
Myanmar,MMR,East Asia & Pacific,Lower middle income,2013,1199.10,64.62,50262658
Myanmar,MMR,East Asia & Pacific,Lower middle income,2014,1293.00,64.99,50681634
Myanmar,MMR,East Asia & Pacific,Lower middle income,2015,1166.73,65.29,51089056
Myanmar,MMR,East Asia & Pacific,Lower middle income,2016,1229.20,65.64,51495696
Myanmar,MMR,East Asia & Pacific,Lower middle income,2017,1272.82,65.91,51894938
Myanmar,MMR,East Asia & Pacific,Lower middle income,2018,1298.21,66.23,52272247
Myanmar,MMR,East Asia & Pacific,Lower middle income,2019,1425.99,66.46,52640713
Myanmar,MMR,East Asia & Pacific,Lower middle income,2020,1490.22,66.61,53016522
Myanmar,MMR,East Asia & Pacific,Lower middle income,2021,1242.72,65.55,53387102
Myanmar,MMR,East Asia & Pacific,Lower middle income,2022,1158.05,66.51,53756787
Myanmar,MMR,East Asia & Pacific,Lower middle income,2023,1233.20,66.89,54133798
Namibia,NAM,Sub-Saharan Africa,Lower middle income,2000,2156.68,52.95,1818647
Namibia,NAM,Sub-Saharan Africa,Lower middle income,2001,1915.59,51.98,1857048
Namibia,NAM,Sub-Saharan Africa,Lower middle income,2002,1772.08,51.99,1889970
Namibia,NAM,Sub-Saharan Africa,Lower middle income,2003,2569.25,51.92,1917464
Namibia,NAM,Sub-Saharan Africa,Lower middle income,2004,3403.15,52.17,1942082
Namibia,NAM,Sub-Saharan Africa,Lower middle income,2005,3685.77,52.56,1966582
Namibia,NAM,Sub-Saharan Africa,Lower middle income,2006,4017.18,53.18,1991888
Namibia,NAM,Sub-Saharan Africa,Lower middle income,2007,4379.04,54.03,2018600
Namibia,NAM,Sub-Saharan Africa,Lower middle income,2008,4204.79,54.74,2047056
Namibia,NAM,Sub-Saharan Africa,Lower middle income,2009,4302.91,55.35,2077394
Namibia,NAM,Sub-Saharan Africa,Lower middle income,2010,5418.22,56.09,2109811
Namibia,NAM,Sub-Saharan Africa,Lower middle income,2011,5834.79,56.65,2146325
Namibia,NAM,Sub-Saharan Africa,Lower middle income,2012,5942.65,57.73,2194654
Namibia,NAM,Sub-Saharan Africa,Lower middle income,2013,5346.62,58.47,2252508
Namibia,NAM,Sub-Saharan Africa,Lower middle income,2014,5378.32,59.31,2312139
Namibia,NAM,Sub-Saharan Africa,Lower middle income,2015,4774.11,60.01,2374300
Namibia,NAM,Sub-Saharan Africa,Lower middle income,2016,4395.69,60.81,2439213
Namibia,NAM,Sub-Saharan Africa,Lower middle income,2017,5143.96,61.66,2506853
Namibia,NAM,Sub-Saharan Africa,Lower middle income,2018,5308.61,62.58,2577327
Namibia,NAM,Sub-Saharan Africa,Lower middle income,2019,4731.92,63.55,2650494
Namibia,NAM,Sub-Saharan Africa,Lower middle income,2020,3878.59,64.07,2728762
Namibia,NAM,Sub-Saharan Africa,Lower middle income,2021,4412.84,60.85,2810548
Namibia,NAM,Sub-Saharan Africa,Lower middle income,2022,4349.80,64.19,2889662
Namibia,NAM,Sub-Saharan Africa,Lower middle income,2023,4187.61,67.39,2963095
Nauru,NRU,East Asia & Pacific,High income,2000,2648.60,59.57,10168
Nauru,NRU,East Asia & Pacific,High income,2001,2232.31,59.48,10130
Nauru,NRU,East Asia & Pacific,High income,2002,2084.65,59.43,10082
Nauru,NRU,East Asia & Pacific,High income,2003,2463.28,59.36,10059
Nauru,NRU,East Asia & Pacific,High income,2004,3040.51,59.35,10060
Nauru,NRU,East Asia & Pacific,High income,2005,2992.40,59.36,10049
Nauru,NRU,East Asia & Pacific,High income,2006,2910.14,59.41,10034
Nauru,NRU,East Asia & Pacific,High income,2007,2272.15,59.49,10020
Nauru,NRU,East Asia & Pacific,High income,2008,3756.85,59.67,10009
Nauru,NRU,East Asia & Pacific,High income,2009,4410.57,59.85,10016
Nauru,NRU,East Asia & Pacific,High income,2010,4735.92,60.07,10043
Nauru,NRU,East Asia & Pacific,High income,2011,6444.04,60.29,10098
Nauru,NRU,East Asia & Pacific,High income,2012,9842.77,60.53,10267
Nauru,NRU,East Asia & Pacific,High income,2013,8974.52,60.70,10517
Nauru,NRU,East Asia & Pacific,High income,2014,9230.05,60.83,10742
Nauru,NRU,East Asia & Pacific,High income,2015,7747.26,60.90,10954
Nauru,NRU,East Asia & Pacific,High income,2016,8748.16,61.00,11150
Nauru,NRU,East Asia & Pacific,High income,2017,9656.98,61.10,11324
Nauru,NRU,East Asia & Pacific,High income,2018,11413.75,61.24,11477
Nauru,NRU,East Asia & Pacific,High income,2019,10801.77,61.39,11587
Nauru,NRU,East Asia & Pacific,High income,2020,10709.07,61.53,11643
Nauru,NRU,East Asia & Pacific,High income,2021,14979.10,61.33,11709
Nauru,NRU,East Asia & Pacific,High income,2022,12911.91,61.93,11801
Nauru,NRU,East Asia & Pacific,High income,2023,12752.47,62.11,11875
Nepal,NPL,South Asia,Lower middle income,2000,223.83,62.64,24546509
Nepal,NPL,South Asia,Lower middle income,2001,240.80,63.29,24946748
Nepal,NPL,South Asia,Lower middle income,2002,238.89,63.51,25328981
Nepal,NPL,South Asia,Lower middle income,2003,246.43,64.23,25688758
Nepal,NPL,South Asia,Lower middle income,2004,279.59,64.74,26016656
Nepal,NPL,South Asia,Lower middle income,2005,309.02,65.28,26309458
Nepal,NPL,South Asia,Lower middle income,2006,340.43,65.89,26565425
Nepal,NPL,South Asia,Lower middle income,2007,385.45,66.17,26788492
Nepal,NPL,South Asia,Lower middle income,2008,464.82,66.44,26990037
Nepal,NPL,South Asia,Lower middle income,2009,473.08,66.60,27173035
Nepal,NPL,South Asia,Lower middle income,2010,585.28,66.77,27341952
Nepal,NPL,South Asia,Lower middle income,2011,785.52,67.12,27464494
Nepal,NPL,South Asia,Lower middle income,2012,788.20,67.36,27534915
Nepal,NPL,South Asia,Lower middle income,2013,803.27,67.60,27589996
Nepal,NPL,South Asia,Lower middle income,2014,821.46,67.81,27672370
Nepal,NPL,South Asia,Lower middle income,2015,875.54,67.37,27823629
Nepal,NPL,South Asia,Lower middle income,2016,877.26,68.44,27955462
Nepal,NPL,South Asia,Lower middle income,2017,1034.28,68.74,28011258
Nepal,NPL,South Asia,Lower middle income,2018,1179.20,69.04,28079689
Nepal,NPL,South Asia,Lower middle income,2019,1203.14,69.30,28414064
Nepal,NPL,South Asia,Lower middle income,2020,1154.22,69.11,28966574
Nepal,NPL,South Asia,Lower middle income,2021,1252.75,68.39,29475010
Nepal,NPL,South Asia,Lower middle income,2022,1385.91,70.09,29715436
Nepal,NPL,South Asia,Lower middle income,2023,1382.33,70.35,29694614
Netherlands,NLD,Europe & Central Asia,High income,2000,26225.17,77.99,15925513
Netherlands,NLD,Europe & Central Asia,High income,2001,26955.71,78.19,16046180
Netherlands,NLD,Europe & Central Asia,High income,2002,29446.53,78.29,16148929
Netherlands,NLD,Europe & Central Asia,High income,2003,35896.75,78.49,16225302
Netherlands,NLD,Europe & Central Asia,High income,2004,40611.34,79.10,16281779
Netherlands,NLD,Europe & Central Asia,High income,2005,42165.40,79.35,16319868
Netherlands,NLD,Europe & Central Asia,High income,2006,45123.54,79.70,16346101
Netherlands,NLD,Europe & Central Asia,High income,2007,52100.80,80.10,16381696
Netherlands,NLD,Europe & Central Asia,High income,2008,58246.70,80.25,16445593
Netherlands,NLD,Europe & Central Asia,High income,2009,53172.03,80.55,16530388
Netherlands,NLD,Europe & Central Asia,High income,2010,51305.73,80.70,16615394
Netherlands,NLD,Europe & Central Asia,High income,2011,54701.77,81.20,16693074
Netherlands,NLD,Europe & Central Asia,High income,2012,50473.94,81.10,16754962
Netherlands,NLD,Europe & Central Asia,High income,2013,52602.29,81.30,16804432
Netherlands,NLD,Europe & Central Asia,High income,2014,53457.22,81.71,16865008
Netherlands,NLD,Europe & Central Asia,High income,2015,45793.81,81.51,16939923
Netherlands,NLD,Europe & Central Asia,High income,2016,46808.53,81.56,17030314
Netherlands,NLD,Europe & Central Asia,High income,2017,49513.68,81.76,17131296
Netherlands,NLD,Europe & Central Asia,High income,2018,53955.08,81.81,17231624
Netherlands,NLD,Europe & Central Asia,High income,2019,53554.90,82.11,17344874
Netherlands,NLD,Europe & Central Asia,High income,2020,53467.93,81.36,17441500
Netherlands,NLD,Europe & Central Asia,High income,2021,60141.99,81.31,17533044
Netherlands,NLD,Europe & Central Asia,High income,2022,59123.32,81.61,17700982
Netherlands,NLD,Europe & Central Asia,High income,2023,63515.60,81.86,17877117
New Caledonia,NCL,East Asia & Pacific,High income,2000,15329.73,73.57,223098
New Caledonia,NCL,East Asia & Pacific,High income,2001,14482.36,73.96,227707
New Caledonia,NCL,East Asia & Pacific,High income,2002,16104.55,74.28,232236
New Caledonia,NCL,East Asia & Pacific,High income,2003,20768.11,74.50,236678
New Caledonia,NCL,East Asia & Pacific,High income,2004,24475.65,74.71,240852
New Caledonia,NCL,East Asia & Pacific,High income,2005,25528.29,74.87,244381
New Caledonia,NCL,East Asia & Pacific,High income,2006,28193.25,75.02,247547
New Caledonia,NCL,East Asia & Pacific,High income,2007,35177.65,75.18,250725
New Caledonia,NCL,East Asia & Pacific,High income,2008,35723.90,75.40,253825
New Caledonia,NCL,East Asia & Pacific,High income,2009,33836.49,75.68,257250
New Caledonia,NCL,East Asia & Pacific,High income,2010,35798.91,75.99,261582
New Caledonia,NCL,East Asia & Pacific,High income,2011,38835.94,76.31,266543
New Caledonia,NCL,East Asia & Pacific,High income,2012,35559.57,76.61,271633
New Caledonia,NCL,East Asia & Pacific,High income,2013,36671.16,76.87,276822
New Caledonia,NCL,East Asia & Pacific,High income,2014,37816.96,77.05,281224
New Caledonia,NCL,East Asia & Pacific,High income,2015,30858.72,77.21,283168
New Caledonia,NCL,East Asia & Pacific,High income,2016,30782.85,77.36,283423
New Caledonia,NCL,East Asia & Pacific,High income,2017,32354.71,77.50,283546
New Caledonia,NCL,East Asia & Pacific,High income,2018,34902.90,77.56,283541
New Caledonia,NCL,East Asia & Pacific,High income,2019,33411.34,77.26,283606
New Caledonia,NCL,East Asia & Pacific,High income,2020,33270.33,77.05,284176
New Caledonia,NCL,East Asia & Pacific,High income,2021,35311.55,77.11,285214
New Caledonia,NCL,East Asia & Pacific,High income,2022,33516.36,77.70,287123
New Caledonia,NCL,East Asia & Pacific,High income,2023,33701.89,78.77,289870
New Zealand,NZL,East Asia & Pacific,High income,2000,13641.10,78.64,3857700
New Zealand,NZL,East Asia & Pacific,High income,2001,13882.86,78.69,3880500
New Zealand,NZL,East Asia & Pacific,High income,2002,16874.19,78.85,3948500
New Zealand,NZL,East Asia & Pacific,High income,2003,21913.71,79.15,4027200
New Zealand,NZL,East Asia & Pacific,High income,2004,25420.23,79.55,4087500
New Zealand,NZL,East Asia & Pacific,High income,2005,27751.07,79.85,4133900
New Zealand,NZL,East Asia & Pacific,High income,2006,26654.59,80.05,4184600
New Zealand,NZL,East Asia & Pacific,High income,2007,32479.98,80.15,4223800
New Zealand,NZL,East Asia & Pacific,High income,2008,31324.74,80.35,4259800
New Zealand,NZL,East Asia & Pacific,High income,2009,28276.73,80.70,4302600
New Zealand,NZL,East Asia & Pacific,High income,2010,33761.90,80.90,4350700
New Zealand,NZL,East Asia & Pacific,High income,2011,38431.78,81.16,4384000
New Zealand,NZL,East Asia & Pacific,High income,2012,40053.70,81.41,4408100
New Zealand,NZL,East Asia & Pacific,High income,2013,43000.46,81.40,4442100
New Zealand,NZL,East Asia & Pacific,High income,2014,44618.27,81.46,4516500
New Zealand,NZL,East Asia & Pacific,High income,2015,38665.37,81.61,4609400
New Zealand,NZL,East Asia & Pacific,High income,2016,40113.72,81.66,4714100
New Zealand,NZL,East Asia & Pacific,High income,2017,42950.38,81.86,4813600
New Zealand,NZL,East Asia & Pacific,High income,2018,43257.08,81.71,4900600
New Zealand,NZL,East Asia & Pacific,High income,2019,42855.83,82.06,4970300
New Zealand,NZL,East Asia & Pacific,High income,2020,41997.78,82.26,5072400
New Zealand,NZL,East Asia & Pacific,High income,2021,49950.43,82.21,5084600
New Zealand,NZL,East Asia & Pacific,High income,2022,49099.71,81.96,5081700
New Zealand,NZL,East Asia & Pacific,High income,2023,49075.96,81.76,5200000
Nicaragua,NIC,Latin America & Caribbean,Lower middle income,2000,1017.31,66.36,5022633
Nicaragua,NIC,Latin America & Caribbean,Lower middle income,2001,1051.87,67.03,5087825
Nicaragua,NIC,Latin America & Caribbean,Lower middle income,2002,1014.33,67.95,5149909
Nicaragua,NIC,Latin America & Caribbean,Lower middle income,2003,1021.35,68.75,5210963
Nicaragua,NIC,Latin America & Caribbean,Lower middle income,2004,1098.62,69.51,5272912
Nicaragua,NIC,Latin America & Caribbean,Lower middle income,2005,1183.30,70.37,5342105
Nicaragua,NIC,Latin America & Caribbean,Lower middle income,2006,1248.17,70.96,5418855
Nicaragua,NIC,Latin America & Caribbean,Lower middle income,2007,1350.38,71.20,5497243
Nicaragua,NIC,Latin America & Caribbean,Lower middle income,2008,1523.68,71.40,5576593
Nicaragua,NIC,Latin America & Caribbean,Lower middle income,2009,1467.08,71.50,5656601
Nicaragua,NIC,Latin America & Caribbean,Lower middle income,2010,1526.57,71.76,5737450
Nicaragua,NIC,Latin America & Caribbean,Lower middle income,2011,1679.71,72.03,5819051
Nicaragua,NIC,Latin America & Caribbean,Lower middle income,2012,1784.70,72.44,5901287
Nicaragua,NIC,Latin America & Caribbean,Lower middle income,2013,1835.44,72.55,5983845
Nicaragua,NIC,Latin America & Caribbean,Lower middle income,2014,1958.37,72.79,6066492
Nicaragua,NIC,Latin America & Caribbean,Lower middle income,2015,2074.46,72.90,6149417
Nicaragua,NIC,Latin America & Caribbean,Lower middle income,2016,2131.69,73.18,6232666
Nicaragua,NIC,Latin America & Caribbean,Lower middle income,2017,2182.61,73.39,6316231
Nicaragua,NIC,Latin America & Caribbean,Lower middle income,2018,2035.17,73.88,6400080
Nicaragua,NIC,Latin America & Caribbean,Lower middle income,2019,1958.62,73.76,6483657
Nicaragua,NIC,Latin America & Caribbean,Lower middle income,2020,1938.45,70.77,6565267
Nicaragua,NIC,Latin America & Caribbean,Lower middle income,2021,2138.39,70.48,6644741
Nicaragua,NIC,Latin America & Caribbean,Lower middle income,2022,2322.89,74.46,6730654
Nicaragua,NIC,Latin America & Caribbean,Lower middle income,2023,2609.44,74.95,6823613
Niger,NER,Sub-Saharan Africa,Low income,2000,194.77,49.17,11509630
Niger,NER,Sub-Saharan Africa,Low income,2001,205.42,49.87,11920647
Niger,NER,Sub-Saharan Africa,Low income,2002,225.29,50.65,12349144
Niger,NER,Sub-Saharan Africa,Low income,2003,265.23,51.55,12796984
Niger,NER,Sub-Saharan Africa,Low income,2004,283.47,52.40,13265836
Niger,NER,Sub-Saharan Africa,Low income,2005,318.64,53.32,13756192
Niger,NER,Sub-Saharan Africa,Low income,2006,333.35,54.22,14268581
Niger,NER,Sub-Saharan Africa,Low income,2007,387.17,55.06,14803610
Niger,NER,Sub-Saharan Africa,Low income,2008,475.04,55.85,15361915
Niger,NER,Sub-Saharan Africa,Low income,2009,461.13,56.49,15943675
Niger,NER,Sub-Saharan Africa,Low income,2010,474.43,57.08,16548835
Niger,NER,Sub-Saharan Africa,Low income,2011,510.76,57.60,17176283
Niger,NER,Sub-Saharan Africa,Low income,2012,528.51,57.99,17836769
Niger,NER,Sub-Saharan Africa,Low income,2013,552.10,58.36,18519898
Niger,NER,Sub-Saharan Africa,Low income,2014,565.31,58.69,19215909
Niger,NER,Sub-Saharan Africa,Low income,2015,485.66,58.85,19939498
Niger,NER,Sub-Saharan Africa,Low income,2016,502.71,59.23,20685753
Niger,NER,Sub-Saharan Africa,Low income,2017,521.80,59.52,21435446
Niger,NER,Sub-Saharan Africa,Low income,2018,578.57,59.77,22188069
Niger,NER,Sub-Saharan Africa,Low income,2019,561.69,60.03,22947757
Niger,NER,Sub-Saharan Africa,Low income,2020,579.51,59.89,23717613
Niger,NER,Sub-Saharan Africa,Low income,2021,608.72,59.54,24502140
Niger,NER,Sub-Saharan Africa,Low income,2022,609.75,60.40,25311973
Niger,NER,Sub-Saharan Africa,Low income,2023,638.34,61.18,26159867
Nigeria,NGA,Sub-Saharan Africa,Lower middle income,2000,547.32,47.14,126382494
Nigeria,NGA,Sub-Saharan Africa,Lower middle income,2001,566.43,47.55,129862595
Nigeria,NGA,Sub-Saharan Africa,Lower middle income,2002,712.16,48.02,133471989
Nigeria,NGA,Sub-Saharan Africa,Lower middle income,2003,763.39,48.62,137202644
Nigeria,NGA,Sub-Saharan Africa,Lower middle income,2004,962.48,49.15,141057045
Nigeria,NGA,Sub-Saharan Africa,Lower middle income,2005,1211.38,49.54,145017253
Nigeria,NGA,Sub-Saharan Africa,Lower middle income,2006,1599.54,49.88,149077334
Nigeria,NGA,Sub-Saharan Africa,Lower middle income,2007,1815.53,50.38,153267261
Nigeria,NGA,Sub-Saharan Africa,Lower middle income,2008,2154.11,50.75,157595014
Nigeria,NGA,Sub-Saharan Africa,Lower middle income,2009,1820.49,51.08,162049464
Nigeria,NGA,Sub-Saharan Africa,Lower middle income,2010,2202.26,51.31,166642886
Nigeria,NGA,Sub-Saharan Africa,Lower middle income,2011,2418.41,51.49,171379598
Nigeria,NGA,Sub-Saharan Africa,Lower middle income,2012,2633.20,51.69,176200625
Nigeria,NGA,Sub-Saharan Africa,Lower middle income,2013,2872.79,51.83,181049443
Nigeria,NGA,Sub-Saharan Africa,Lower middle income,2014,3088.72,51.94,185896915
Nigeria,NGA,Sub-Saharan Africa,Lower middle income,2015,2585.73,51.94,190671878
Nigeria,NGA,Sub-Saharan Africa,Lower middle income,2016,2070.41,52.19,195443700
Nigeria,NGA,Sub-Saharan Africa,Lower middle income,2017,1876.34,52.40,200254579
Nigeria,NGA,Sub-Saharan Africa,Lower middle income,2018,2057.88,52.67,204938755
Nigeria,NGA,Sub-Saharan Africa,Lower middle income,2019,3189.81,53.01,209485641
Nigeria,NGA,Sub-Saharan Africa,Lower middle income,2020,2797.18,53.07,213996181
Nigeria,NGA,Sub-Saharan Africa,Lower middle income,2021,2787.49,53.45,218529286
Nigeria,NGA,Sub-Saharan Africa,Lower middle income,2022,2899.16,54.08,223150896
Nigeria,NGA,Sub-Saharan Africa,Lower middle income,2023,2138.76,54.46,227882945
North Macedonia,MKD,Europe & Central Asia,Upper middle income,2000,1861.90,72.95,2026350
North Macedonia,MKD,Europe & Central Asia,Upper middle income,2001,1823.02,73.44,2034882
North Macedonia,MKD,Europe & Central Asia,Upper middle income,2002,1989.14,73.04,2020157
North Macedonia,MKD,Europe & Central Asia,Upper middle income,2003,2445.36,73.24,2022725
North Macedonia,MKD,Europe & Central Asia,Upper middle income,2004,2818.58,73.60,2016186
North Macedonia,MKD,Europe & Central Asia,Upper middle income,2005,3120.98,73.70,2005330
North Macedonia,MKD,Europe & Central Asia,Upper middle income,2006,3440.44,73.90,1994287
North Macedonia,MKD,Europe & Central Asia,Upper middle income,2007,4204.11,73.80,1982933
North Macedonia,MKD,Europe & Central Asia,Upper middle income,2008,5026.42,74.40,1971493
North Macedonia,MKD,Europe & Central Asia,Upper middle income,2009,4799.79,74.45,1958782
North Macedonia,MKD,Europe & Central Asia,Upper middle income,2010,4833.37,75.00,1946298
North Macedonia,MKD,Europe & Central Asia,Upper middle income,2011,5416.87,75.10,1937398
North Macedonia,MKD,Europe & Central Asia,Upper middle income,2012,5049.83,74.90,1929821
North Macedonia,MKD,Europe & Central Asia,Upper middle income,2013,5626.26,75.40,1922716
North Macedonia,MKD,Europe & Central Asia,Upper middle income,2014,5925.39,75.45,1917557
North Macedonia,MKD,Europe & Central Asia,Upper middle income,2015,5262.69,75.40,1912430
North Macedonia,MKD,Europe & Central Asia,Upper middle income,2016,5598.49,75.40,1906313
North Macedonia,MKD,Europe & Central Asia,Upper middle income,2017,5955.30,75.95,1898657
North Macedonia,MKD,Europe & Central Asia,Upper middle income,2018,6713.99,76.65,1889051
North Macedonia,MKD,Europe & Central Asia,Upper middle income,2019,6718.86,76.60,1876262
North Macedonia,MKD,Europe & Central Asia,Upper middle income,2020,6659.60,74.40,1856124
North Macedonia,MKD,Europe & Central Asia,Upper middle income,2021,7620.80,73.25,1837114
North Macedonia,MKD,Europe & Central Asia,Upper middle income,2022,7606.24,74.42,1831712
North Macedonia,MKD,Europe & Central Asia,Upper middle income,2023,8674.36,75.32,1827816
Northern Mariana Islands,MNP,East Asia & Pacific,High income,2002,19227.89,75.93,66778
Northern Mariana Islands,MNP,East Asia & Pacific,High income,2003,18938.87,76.50,65421
Northern Mariana Islands,MNP,East Asia & Pacific,High income,2004,18924.58,76.79,63938
Northern Mariana Islands,MNP,East Asia & Pacific,High income,2005,17015.75,77.31,62354
Northern Mariana Islands,MNP,East Asia & Pacific,High income,2006,16314.56,77.69,60682
Northern Mariana Islands,MNP,East Asia & Pacific,High income,2007,15914.22,77.86,58941
Northern Mariana Islands,MNP,East Asia & Pacific,High income,2008,16430.45,77.94,57150
Northern Mariana Islands,MNP,East Asia & Pacific,High income,2009,14369.63,77.90,55325
Northern Mariana Islands,MNP,East Asia & Pacific,High income,2010,14771.40,77.80,54091
Northern Mariana Islands,MNP,East Asia & Pacific,High income,2011,13598.72,77.69,53608
Northern Mariana Islands,MNP,East Asia & Pacific,High income,2012,14013.60,77.57,53234
Northern Mariana Islands,MNP,East Asia & Pacific,High income,2013,14632.85,77.45,52758
Northern Mariana Islands,MNP,East Asia & Pacific,High income,2014,15945.42,77.38,52178
Northern Mariana Islands,MNP,East Asia & Pacific,High income,2015,17665.10,77.36,51514
Northern Mariana Islands,MNP,East Asia & Pacific,High income,2016,24225.47,77.39,50773
Northern Mariana Islands,MNP,East Asia & Pacific,High income,2017,31225.60,77.47,49959
Northern Mariana Islands,MNP,East Asia & Pacific,High income,2018,26509.36,77.51,49077
Northern Mariana Islands,MNP,East Asia & Pacific,High income,2019,24496.67,77.84,48129
Northern Mariana Islands,MNP,East Asia & Pacific,High income,2020,18220.84,78.03,47528
Northern Mariana Islands,MNP,East Asia & Pacific,High income,2021,19455.50,78.16,46979
Northern Mariana Islands,MNP,East Asia & Pacific,High income,2022,23785.75,78.53,46078
Norway,NOR,Europe & Central Asia,High income,2000,38178.24,78.63,4490967
Norway,NOR,Europe & Central Asia,High income,2001,38601.90,78.79,4513751
Norway,NOR,Europe & Central Asia,High income,2002,43170.56,78.99,4538159
Norway,NOR,Europe & Central Asia,High income,2003,50250.33,79.39,4564855
Norway,NOR,Europe & Central Asia,High income,2004,57768.70,79.84,4591910
Norway,NOR,Europe & Central Asia,High income,2005,67047.17,80.04,4623291
Norway,NOR,Europe & Central Asia,High income,2006,74434.50,80.34,4660677
Norway,NOR,Europe & Central Asia,High income,2007,85502.27,80.40,4709153
Norway,NOR,Europe & Central Asia,High income,2008,97503.54,80.59,4768212
Norway,NOR,Europe & Central Asia,High income,2009,80347.57,80.80,4828726
Norway,NOR,Europe & Central Asia,High income,2010,88163.21,81.00,4889252
Norway,NOR,Europe & Central Asia,High income,2011,101221.81,81.30,4953088
Norway,NOR,Europe & Central Asia,High income,2012,102175.92,81.45,5018573
Norway,NOR,Europe & Central Asia,High income,2013,103553.84,81.75,5079623
Norway,NOR,Europe & Central Asia,High income,2014,97666.70,82.10,5137232
Norway,NOR,Europe & Central Asia,High income,2015,74809.97,82.30,5188607
Norway,NOR,Europe & Central Asia,High income,2016,70867.36,82.41,5234519
Norway,NOR,Europe & Central Asia,High income,2017,76131.84,82.61,5276968
Norway,NOR,Europe & Central Asia,High income,2018,82792.84,82.76,5311916
Norway,NOR,Europe & Central Asia,High income,2019,76430.59,82.96,5347896
Norway,NOR,Europe & Central Asia,High income,2020,68340.02,83.21,5379475
Norway,NOR,Europe & Central Asia,High income,2021,93072.89,83.16,5408320
Norway,NOR,Europe & Central Asia,High income,2022,109269.52,82.51,5457127
Norway,NOR,Europe & Central Asia,High income,2023,87497.22,83.01,5519601
Oman,OMN,Middle East & North Africa,High income,2000,9753.85,73.64,2282131
Oman,OMN,Middle East & North Africa,High income,2001,9611.96,73.98,2310217
Oman,OMN,Middle East & North Africa,High income,2002,9869.13,74.28,2337140
Oman,OMN,Middle East & North Africa,High income,2003,10463.54,74.52,2363796
Oman,OMN,Middle East & North Africa,High income,2004,11800.85,74.82,2404821
Oman,OMN,Middle East & North Africa,High income,2005,14434.86,75.07,2459802
Oman,OMN,Middle East & North Africa,High income,2006,16930.86,75.35,2514795
Oman,OMN,Middle East & North Africa,High income,2007,18792.65,75.60,2570174
Oman,OMN,Middle East & North Africa,High income,2008,26576.78,76.12,2626529
Oman,OMN,Middle East & North Africa,High income,2009,20655.92,76.63,2684659
Oman,OMN,Middle East & North Africa,High income,2010,23570.18,77.18,2757446
Oman,OMN,Middle East & North Africa,High income,2011,25188.01,77.74,3076763
Oman,OMN,Middle East & North Africa,High income,2012,24642.30,78.19,3547106
Oman,OMN,Middle East & North Africa,High income,2013,23458.02,78.63,3833913
Oman,OMN,Middle East & North Africa,High income,2014,23160.65,79.03,4002439
Oman,OMN,Middle East & North Africa,High income,2015,18808.31,79.35,4184895
Oman,OMN,Middle East & North Africa,High income,2016,17110.19,79.58,4390877
Oman,OMN,Middle East & North Africa,High income,2017,17820.07,79.75,4537396
Oman,OMN,Middle East & North Africa,High income,2018,19901.76,79.86,4597877
Oman,OMN,Middle East & North Africa,High income,2019,19180.19,79.95,4591241
Oman,OMN,Middle East & North Africa,High income,2020,16784.86,77.76,4522497
Oman,OMN,Middle East & North Africa,High income,2021,19403.46,75.97,4500424
Oman,OMN,Middle East & North Africa,High income,2022,23223.58,77.91,4730226
Oman,OMN,Middle East & North Africa,High income,2023,21027.74,80.03,5049269
Pakistan,PAK,Middle East & North Africa,Lower middle income,2000,642.34,61.90,154879127
Pakistan,PAK,Middle East & North Africa,Lower middle income,2001,609.94,62.24,159270907
Pakistan,PAK,Middle East & North Africa,Lower middle income,2002,599.94,62.56,163222549
Pakistan,PAK,Middle East & North Africa,Lower middle income,2003,672.44,62.83,167110248
Pakistan,PAK,Middle East & North Africa,Lower middle income,2004,771.90,63.10,171286000
Pakistan,PAK,Middle East & North Africa,Lower middle income,2005,827.62,62.42,175453212
Pakistan,PAK,Middle East & North Africa,Lower middle income,2006,900.87,63.62,179682690
Pakistan,PAK,Middle East & North Africa,Lower middle income,2007,998.09,63.81,184493231
Pakistan,PAK,Middle East & North Africa,Lower middle income,2008,1067.04,64.00,189499113
Pakistan,PAK,Middle East & North Africa,Lower middle income,2009,963.79,64.21,194376534
Pakistan,PAK,Middle East & North Africa,Lower middle income,2010,987.30,64.38,199239047
Pakistan,PAK,Middle East & North Africa,Lower middle income,2011,1131.74,64.66,203746065
Pakistan,PAK,Middle East & North Africa,Lower middle income,2012,1204.36,64.88,207667125
Pakistan,PAK,Middle East & North Africa,Lower middle income,2013,1225.43,65.13,211073978
Pakistan,PAK,Middle East & North Africa,Lower middle income,2014,1266.61,65.37,214264647
Pakistan,PAK,Middle East & North Africa,Lower middle income,2015,1380.47,65.64,217290883
Pakistan,PAK,Middle East & North Africa,Lower middle income,2016,1424.69,65.94,220138869
Pakistan,PAK,Middle East & North Africa,Lower middle income,2017,1519.23,66.22,223273967
Pakistan,PAK,Middle East & North Africa,Lower middle income,2018,1569.34,66.48,226928892
Pakistan,PAK,Middle East & North Africa,Lower middle income,2019,1390.42,66.73,230800899
Pakistan,PAK,Middle East & North Africa,Lower middle income,2020,1278.40,65.70,235001746
Pakistan,PAK,Middle East & North Africa,Lower middle income,2021,1455.32,65.77,239477801
Pakistan,PAK,Middle East & North Africa,Lower middle income,2022,1538.32,67.42,243700667
Pakistan,PAK,Middle East & North Africa,Lower middle income,2023,1360.32,67.65,247504495
Palau,PLW,East Asia & Pacific,High income,2000,7798.08,64.50,19178
Palau,PLW,East Asia & Pacific,High income,2001,8239.26,64.80,19352
Palau,PLW,East Asia & Pacific,High income,2002,8340.19,65.08,19503
Palau,PLW,East Asia & Pacific,High income,2003,7862.39,65.45,19659
Palau,PLW,East Asia & Pacific,High income,2004,8393.73,65.82,19820
Palau,PLW,East Asia & Pacific,High income,2005,9635.28,66.22,19819
Palau,PLW,East Asia & Pacific,High income,2006,9881.66,66.63,19593
Palau,PLW,East Asia & Pacific,High income,2007,10402.54,67.11,19302
Palau,PLW,East Asia & Pacific,High income,2008,10577.50,67.56,19009
Palau,PLW,East Asia & Pacific,High income,2009,10147.77,67.99,18709
Palau,PLW,East Asia & Pacific,High income,2010,10221.92,68.35,18396
Palau,PLW,East Asia & Pacific,High income,2011,10993.60,68.64,18078
Palau,PLW,East Asia & Pacific,High income,2012,12137.17,68.86,17765
Palau,PLW,East Asia & Pacific,High income,2013,12698.92,68.98,17648
Palau,PLW,East Asia & Pacific,High income,2014,13863.45,69.06,17715
Palau,PLW,East Asia & Pacific,High income,2015,16154.05,69.07,17770
Palau,PLW,East Asia & Pacific,High income,2016,17150.48,69.05,17797
Palau,PLW,East Asia & Pacific,High income,2017,16401.78,69.02,17812
Palau,PLW,East Asia & Pacific,High income,2018,16166.97,68.99,17814
Palau,PLW,East Asia & Pacific,High income,2019,15846.80,68.98,17798
Palau,PLW,East Asia & Pacific,High income,2020,14708.21,68.69,17792
Palau,PLW,East Asia & Pacific,High income,2021,13009.25,68.56,17783
Palau,PLW,East Asia & Pacific,High income,2022,13729.76,68.92,17759
Palau,PLW,East Asia & Pacific,High income,2023,15610.82,69.27,17727
Panama,PAN,Latin America & Caribbean,High income,2000,3975.09,73.44,3010369
Panama,PAN,Latin America & Caribbean,High income,2001,3991.78,73.82,3069537
Panama,PAN,Latin America & Caribbean,High income,2002,4090.59,74.19,3129344
Panama,PAN,Latin America & Caribbean,High income,2003,4264.66,74.57,3189807
Panama,PAN,Latin America & Caribbean,High income,2004,4644.57,74.84,3251155
Panama,PAN,Latin America & Caribbean,High income,2005,5017.74,75.16,3313026
Panama,PAN,Latin America & Caribbean,High income,2006,5528.77,75.43,3375024
Panama,PAN,Latin America & Caribbean,High income,2007,6317.82,75.67,3437490
Panama,PAN,Latin America & Caribbean,High income,2008,7347.59,75.94,3500648
Panama,PAN,Latin America & Caribbean,High income,2009,7796.93,76.23,3564381
Panama,PAN,Latin America & Caribbean,High income,2010,8331.46,76.42,3628535
Panama,PAN,Latin America & Caribbean,High income,2011,9662.30,76.66,3693505
Panama,PAN,Latin America & Caribbean,High income,2012,11064.81,76.88,3759256
Panama,PAN,Latin America & Caribbean,High income,2013,12273.32,77.13,3825329
Panama,PAN,Latin America & Caribbean,High income,2014,13213.20,77.36,3892101
Panama,PAN,Latin America & Caribbean,High income,2015,14082.65,77.58,3960035
Panama,PAN,Latin America & Caribbean,High income,2016,14832.36,77.77,4029086
Panama,PAN,Latin America & Caribbean,High income,2017,15694.63,77.90,4098707
Panama,PAN,Latin America & Caribbean,High income,2018,16151.33,78.27,4167860
Panama,PAN,Latin America & Caribbean,High income,2019,16477.91,78.51,4234700
Panama,PAN,Latin America & Caribbean,High income,2020,13290.56,76.33,4293261
Panama,PAN,Latin America & Caribbean,High income,2021,15509.81,77.00,4345405
Panama,PAN,Latin America & Caribbean,High income,2022,17378.61,79.32,4400773
Panama,PAN,Latin America & Caribbean,High income,2023,18797.19,79.59,4458759
Papua New Guinea,PNG,East Asia & Pacific,Lower middle income,2000,635.96,61.61,5537064
Papua New Guinea,PNG,East Asia & Pacific,Lower middle income,2001,537.85,61.65,5728435
Papua New Guinea,PNG,East Asia & Pacific,Lower middle income,2002,506.33,61.64,5924003
Papua New Guinea,PNG,East Asia & Pacific,Lower middle income,2003,577.47,61.74,6123997
Papua New Guinea,PNG,East Asia & Pacific,Lower middle income,2004,620.60,61.80,6328041
Papua New Guinea,PNG,East Asia & Pacific,Lower middle income,2005,744.49,61.87,6535905
Papua New Guinea,PNG,East Asia & Pacific,Lower middle income,2006,1238.18,62.02,6747720
Papua New Guinea,PNG,East Asia & Pacific,Lower middle income,2007,1370.75,62.21,6963345
Papua New Guinea,PNG,East Asia & Pacific,Lower middle income,2008,1624.79,62.51,7183002
Papua New Guinea,PNG,East Asia & Pacific,Lower middle income,2009,1568.83,62.77,7406438
Papua New Guinea,PNG,East Asia & Pacific,Lower middle income,2010,1866.87,63.06,7633523
Papua New Guinea,PNG,East Asia & Pacific,Lower middle income,2011,2288.38,63.38,7859346
Papua New Guinea,PNG,East Asia & Pacific,Lower middle income,2012,2635.09,63.64,8081390
Papua New Guinea,PNG,East Asia & Pacific,Lower middle income,2013,2560.77,63.93,8302698
Papua New Guinea,PNG,East Asia & Pacific,Lower middle income,2014,2723.18,64.20,8523441
Papua New Guinea,PNG,East Asia & Pacific,Lower middle income,2015,2484.60,64.47,8743246
Papua New Guinea,PNG,East Asia & Pacific,Lower middle income,2016,2316.39,64.70,8961718
Papua New Guinea,PNG,East Asia & Pacific,Lower middle income,2017,2477.77,64.92,9178714
Papua New Guinea,PNG,East Asia & Pacific,Lower middle income,2018,2566.37,65.11,9394513
Papua New Guinea,PNG,East Asia & Pacific,Lower middle income,2019,2575.77,65.33,9609010
Papua New Guinea,PNG,East Asia & Pacific,Lower middle income,2020,2429.61,65.08,9815746
Papua New Guinea,PNG,East Asia & Pacific,Lower middle income,2021,2607.58,64.36,10012896
Papua New Guinea,PNG,East Asia & Pacific,Lower middle income,2022,3102.29,65.27,10203169
Papua New Guinea,PNG,East Asia & Pacific,Lower middle income,2023,2966.07,66.13,10389635
Paraguay,PRY,Latin America & Caribbean,Upper middle income,2000,1736.12,70.03,5100868
Paraguay,PRY,Latin America & Caribbean,Upper middle income,2001,1637.69,70.28,5187689
Paraguay,PRY,Latin America & Caribbean,Upper middle income,2002,1367.77,70.54,5261328
Paraguay,PRY,Latin America & Caribbean,Upper middle income,2003,1444.00,70.80,5326436
Paraguay,PRY,Latin America & Caribbean,Upper middle income,2004,1786.22,71.05,5388175
Paraguay,PRY,Latin America & Caribbean,Upper middle income,2005,1970.87,71.32,5448097
Paraguay,PRY,Latin America & Caribbean,Upper middle income,2006,2439.43,71.58,5505148
Paraguay,PRY,Latin America & Caribbean,Upper middle income,2007,3211.94,71.82,5559386
Paraguay,PRY,Latin America & Caribbean,Upper middle income,2008,4384.95,72.05,5613574
Paraguay,PRY,Latin America & Caribbean,Upper middle income,2009,3941.85,72.28,5671236
Paraguay,PRY,Latin America & Caribbean,Upper middle income,2010,4750.96,72.55,5737971
Paraguay,PRY,Latin America & Caribbean,Upper middle income,2011,5805.40,72.79,5814626
Paraguay,PRY,Latin America & Caribbean,Upper middle income,2012,5642.17,73.11,5897008
Paraguay,PRY,Latin America & Caribbean,Upper middle income,2013,6435.68,73.29,5982445
Paraguay,PRY,Latin America & Caribbean,Upper middle income,2014,6652.25,73.42,6069811
Paraguay,PRY,Latin America & Caribbean,Upper middle income,2015,5879.34,73.45,6159103
Paraguay,PRY,Latin America & Caribbean,Upper middle income,2016,5775.16,73.49,6249126
Paraguay,PRY,Latin America & Caribbean,Upper middle income,2017,6152.27,73.45,6338660
Paraguay,PRY,Latin America & Caribbean,Upper middle income,2018,6258.45,73.63,6427382
Paraguay,PRY,Latin America & Caribbean,Upper middle income,2019,5821.18,73.67,6515058
Paraguay,PRY,Latin America & Caribbean,Upper middle income,2020,5365.47,72.72,6603739
Paraguay,PRY,Latin America & Caribbean,Upper middle income,2021,5976.93,68.11,6684182
Paraguay,PRY,Latin America & Caribbean,Upper middle income,2022,6205.63,72.32,6760464
Paraguay,PRY,Latin America & Caribbean,Upper middle income,2023,6299.99,73.84,6844146
Peru,PER,Latin America & Caribbean,Upper middle income,2000,1945.41,69.82,26598331
Peru,PER,Latin America & Caribbean,Upper middle income,2001,1929.57,70.31,26964601
Peru,PER,Latin America & Caribbean,Upper middle income,2002,2007.37,70.81,27288217
Peru,PER,Latin America & Caribbean,Upper middle income,2003,2129.44,71.28,27580490
Peru,PER,Latin America & Caribbean,Upper middle income,2004,2397.25,71.45,27852190
Peru,PER,Latin America & Caribbean,Upper middle income,2005,2706.67,71.99,28101180
Peru,PER,Latin America & Caribbean,Upper middle income,2006,3129.56,72.34,28324491
Peru,PER,Latin America & Caribbean,Upper middle income,2007,3581.09,72.75,28530699
Peru,PER,Latin America & Caribbean,Upper middle income,2008,4197.58,72.74,28719041
Peru,PER,Latin America & Caribbean,Upper middle income,2009,4181.19,72.63,28896811
Peru,PER,Latin America & Caribbean,Upper middle income,2010,5072.11,72.89,29086019
Peru,PER,Latin America & Caribbean,Upper middle income,2011,5861.36,73.33,29304086
Peru,PER,Latin America & Caribbean,Upper middle income,2012,6519.38,73.98,29550366
Peru,PER,Latin America & Caribbean,Upper middle income,2013,6746.80,74.59,29817919
Peru,PER,Latin America & Caribbean,Upper middle income,2014,6667.13,75.26,30115826
Peru,PER,Latin America & Caribbean,Upper middle income,2015,6231.71,75.73,30457600
Peru,PER,Latin America & Caribbean,Upper middle income,2016,6217.04,75.95,30866494
Peru,PER,Latin America & Caribbean,Upper middle income,2017,6736.17,75.96,31324637
Peru,PER,Latin America & Caribbean,Upper middle income,2018,6978.49,76.02,31897584
Peru,PER,Latin America & Caribbean,Upper middle income,2019,7037.01,76.28,32449303
Peru,PER,Latin America & Caribbean,Upper middle income,2020,6133.33,73.83,32838579
Peru,PER,Latin America & Caribbean,Upper middle income,2021,6826.20,71.60,33155882
Peru,PER,Latin America & Caribbean,Upper middle income,2022,7350.63,76.83,33475438
Peru,PER,Latin America & Caribbean,Upper middle income,2023,7887.54,77.74,33845617
Philippines,PHL,East Asia & Pacific,Lower middle income,2000,1050.79,67.79,79625397
Philippines,PHL,East Asia & Pacific,Lower middle income,2001,969.53,67.83,81401488
Philippines,PHL,East Asia & Pacific,Lower middle income,2002,1014.91,67.89,83068889
Philippines,PHL,East Asia & Pacific,Lower middle income,2003,1027.23,68.05,84731835
Philippines,PHL,East Asia & Pacific,Lower middle income,2004,1099.63,68.30,86394504
Philippines,PHL,East Asia & Pacific,Lower middle income,2005,1220.46,68.42,88015962
Philippines,PHL,East Asia & Pacific,Lower middle income,2006,1426.15,68.17,89508986
Philippines,PHL,East Asia & Pacific,Lower middle income,2007,1712.66,68.55,91075184
Philippines,PHL,East Asia & Pacific,Lower middle income,2008,1959.29,68.64,92699095
Philippines,PHL,East Asia & Pacific,Lower middle income,2009,1864.45,68.63,94384250
Philippines,PHL,East Asia & Pacific,Lower middle income,2010,2162.91,68.88,96337125
Philippines,PHL,East Asia & Pacific,Lower middle income,2011,2383.92,69.10,98248614
Philippines,PHL,East Asia & Pacific,Lower middle income,2012,2614.62,69.24,100175512
Philippines,PHL,East Asia & Pacific,Lower middle income,2013,2781.28,69.28,102076336
Philippines,PHL,East Asia & Pacific,Lower middle income,2014,2866.84,69.31,103767130
Philippines,PHL,East Asia & Pacific,Lower middle income,2015,2909.86,69.45,105312992
Philippines,PHL,East Asia & Pacific,Lower middle income,2016,2985.20,69.49,106735719
Philippines,PHL,East Asia & Pacific,Lower middle income,2017,3038.12,69.97,108119693
Philippines,PHL,East Asia & Pacific,Lower middle income,2018,3168.51,69.76,109465287
Philippines,PHL,East Asia & Pacific,Lower middle income,2019,3400.79,69.68,110804683
Philippines,PHL,East Asia & Pacific,Lower middle income,2020,3227.58,70.10,112081264
Philippines,PHL,East Asia & Pacific,Lower middle income,2021,3484.39,66.67,113100950
Philippines,PHL,East Asia & Pacific,Lower middle income,2022,3548.07,69.47,113964338
Philippines,PHL,East Asia & Pacific,Lower middle income,2023,3804.08,69.83,114891199
Poland,POL,Europe & Central Asia,High income,2000,4520.64,73.75,38258629
Poland,POL,Europe & Central Asia,High income,2001,5015.24,74.20,38248076
Poland,POL,Europe & Central Asia,High income,2002,5223.45,74.50,38230364
Poland,POL,Europe & Central Asia,High income,2003,5720.81,74.60,38204570
Poland,POL,Europe & Central Asia,High income,2004,6711.73,74.85,38182222
Poland,POL,Europe & Central Asia,High income,2005,8043.92,75.00,38165445
Poland,POL,Europe & Central Asia,High income,2006,9068.86,75.14,38141267
Poland,POL,Europe & Central Asia,High income,2007,11272.53,75.24,38120560
Poland,POL,Europe & Central Asia,High income,2008,14048.56,75.54,38125759
Poland,POL,Europe & Central Asia,High income,2009,11556.30,75.70,38151603
Poland,POL,Europe & Central Asia,High income,2010,12567.73,76.25,38042794
Poland,POL,Europe & Central Asia,High income,2011,13867.67,76.70,38063255
Poland,POL,Europe & Central Asia,High income,2012,13087.42,76.75,38063164
Poland,POL,Europe & Central Asia,High income,2013,13621.90,77.00,38040196
Poland,POL,Europe & Central Asia,High income,2014,14262.28,77.60,38011735
Poland,POL,Europe & Central Asia,High income,2015,12637.52,77.45,37986412
Poland,POL,Europe & Central Asia,High income,2016,12464.01,77.85,37970087
Poland,POL,Europe & Central Asia,High income,2017,13913.34,77.75,37974826
Poland,POL,Europe & Central Asia,High income,2018,15658.21,77.60,37974750
Poland,POL,Europe & Central Asia,High income,2019,15874.52,77.90,37965475
Poland,POL,Europe & Central Asia,High income,2020,16150.93,76.40,37515748
Poland,POL,Europe & Central Asia,High income,2021,18635.51,75.35,36981559
Poland,POL,Europe & Central Asia,High income,2022,18891.21,77.16,36821749
Poland,POL,Europe & Central Asia,High income,2023,22145.27,78.26,36687353
Portugal,PRT,Europe & Central Asia,High income,2000,11526.37,76.31,10289898
Portugal,PRT,Europe & Central Asia,High income,2001,11734.76,76.81,10362722
Portugal,PRT,Europe & Central Asia,High income,2002,12936.69,77.07,10419631
Portugal,PRT,Europe & Central Asia,High income,2003,15797.78,77.22,10458821
Portugal,PRT,Europe & Central Asia,High income,2004,18064.16,77.67,10483861
Portugal,PRT,Europe & Central Asia,High income,2005,18780.13,78.07,10503330
Portugal,PRT,Europe & Central Asia,High income,2006,19839.45,78.42,10522288
Portugal,PRT,Europe & Central Asia,High income,2007,22811.06,78.32,10542964
Portugal,PRT,Europe & Central Asia,High income,2008,24949.04,78.52,10558177
Portugal,PRT,Europe & Central Asia,High income,2009,23151.22,78.73,10568247
Portugal,PRT,Europe & Central Asia,High income,2010,22551.94,79.03,10573100
Portugal,PRT,Europe & Central Asia,High income,2011,23246.54,80.47,10557560
Portugal,PRT,Europe & Central Asia,High income,2012,20593.43,80.37,10514844
Portugal,PRT,Europe & Central Asia,High income,2013,21676.49,80.72,10457295
Portugal,PRT,Europe & Central Asia,High income,2014,22120.69,81.12,10401062
Portugal,PRT,Europe & Central Asia,High income,2015,19215.78,81.12,10358076
Portugal,PRT,Europe & Central Asia,High income,2016,19980.28,81.12,10325452
Portugal,PRT,Europe & Central Asia,High income,2017,21442.38,81.42,10300300
Portugal,PRT,Europe & Central Asia,High income,2018,23541.14,81.32,10283822
Portugal,PRT,Europe & Central Asia,High income,2019,23343.36,81.68,10286263
Portugal,PRT,Europe & Central Asia,High income,2020,22299.40,81.33,10297081
Portugal,PRT,Europe & Central Asia,High income,2021,24711.45,81.38,10361831
Portugal,PRT,Europe & Central Asia,High income,2022,24620.52,81.63,10434332
Portugal,PRT,Europe & Central Asia,High income,2023,27634.62,82.33,10578174
Puerto Rico (US),PRI,Latin America & Caribbean,High income,2000,16192.13,75.51,3810605
Puerto Rico (US),PRI,Latin America & Caribbean,High income,2001,18123.20,75.97,3818774
Puerto Rico (US),PRI,Latin America & Caribbean,High income,2002,18731.46,76.82,3823701
Puerto Rico (US),PRI,Latin America & Caribbean,High income,2003,19557.12,76.94,3826095
Puerto Rico (US),PRI,Latin America & Caribbean,High income,2004,20988.99,76.91,3826878
Puerto Rico (US),PRI,Latin America & Caribbean,High income,2005,21959.32,76.70,3821362
Puerto Rico (US),PRI,Latin America & Caribbean,High income,2006,22935.94,77.56,3805214
Puerto Rico (US),PRI,Latin America & Caribbean,High income,2007,23664.88,77.66,3782995
Puerto Rico (US),PRI,Latin America & Caribbean,High income,2008,24898.33,78.11,3760866
Puerto Rico (US),PRI,Latin America & Caribbean,High income,2009,25768.73,78.38,3740410
Puerto Rico (US),PRI,Latin America & Caribbean,High income,2010,26414.88,78.72,3724465
Puerto Rico (US),PRI,Latin America & Caribbean,High income,2011,27170.08,78.77,3693464
Puerto Rico (US),PRI,Latin America & Caribbean,High income,2012,27742.02,79.26,3661045
Puerto Rico (US),PRI,Latin America & Caribbean,High income,2013,28212.05,80.32,3631427
Puerto Rico (US),PRI,Latin America & Caribbean,High income,2014,28576.10,80.04,3585017
Puerto Rico (US),PRI,Latin America & Caribbean,High income,2015,29242.04,80.68,3535167
Puerto Rico (US),PRI,Latin America & Caribbean,High income,2016,29978.09,80.36,3480432
Puerto Rico (US),PRI,Latin America & Caribbean,High income,2017,30328.48,79.07,3410837
Puerto Rico (US),PRI,Latin America & Caribbean,High income,2018,30679.92,81.09,3290690
Puerto Rico (US),PRI,Latin America & Caribbean,High income,2019,31830.53,81.44,3302691
Puerto Rico (US),PRI,Latin America & Caribbean,High income,2020,31427.11,80.01,3281590
Puerto Rico (US),PRI,Latin America & Caribbean,High income,2021,32619.07,79.77,3262711
Puerto Rico (US),PRI,Latin America & Caribbean,High income,2022,35353.68,79.43,3220137
Puerto Rico (US),PRI,Latin America & Caribbean,High income,2023,36980.79,81.69,3203792
Qatar,QAT,Middle East & North Africa,High income,2000,27535.18,75.25,644989
Qatar,QAT,Middle East & North Africa,High income,2001,25870.80,75.49,677925
Qatar,QAT,Middle East & North Africa,High income,2002,27226.66,75.77,711205
Qatar,QAT,Middle East & North Africa,High income,2003,31602.47,76.10,744682
Qatar,QAT,Middle East & North Africa,High income,2004,41035.50,76.48,773332
Qatar,QAT,Middle East & North Africa,High income,2005,53949.68,76.91,825408
Qatar,QAT,Middle East & North Africa,High income,2006,62582.45,77.32,972831
Qatar,QAT,Middle East & North Africa,High income,2007,65954.34,77.74,1208595
Qatar,QAT,Middle East & North Africa,High income,2008,80781.40,78.26,1426938
Qatar,QAT,Middle East & North Africa,High income,2009,60785.74,78.84,1608903
Qatar,QAT,Middle East & North Africa,High income,2010,76462.61,79.44,1616832
Qatar,QAT,Middle East & North Africa,High income,2011,103261.51,79.99,1624761
Qatar,QAT,Middle East & North Africa,High income,2012,108470.39,80.50,1722438
Qatar,QAT,Middle East & North Africa,High income,2013,103697.06,80.97,1916426
Qatar,QAT,Middle East & North Africa,High income,2014,95840.69,81.39,2151745
Qatar,QAT,Middle East & North Africa,High income,2015,68985.24,81.78,2344557
Qatar,QAT,Middle East & North Africa,High income,2016,61253.62,82.15,2477113
Qatar,QAT,Middle East & North Africa,High income,2017,63279.88,82.46,2545820
Qatar,QAT,Middle East & North Africa,High income,2018,71039.93,82.71,2580734
Qatar,QAT,Middle East & North Africa,High income,2019,66841.36,82.94,2638657
Qatar,QAT,Middle East & North Africa,High income,2020,51683.57,80.41,2794148
Qatar,QAT,Middle East & North Africa,High income,2021,71751.94,81.08,2504910
Qatar,QAT,Middle East & North Africa,High income,2022,88701.47,81.86,2657333
Qatar,QAT,Middle East & North Africa,High income,2023,81816.98,82.37,2656032
Romania,ROU,Europe & Central Asia,High income,2000,1659.93,71.16,22442971
Romania,ROU,Europe & Central Asia,High income,2001,1825.19,71.16,22131970
Romania,ROU,Europe & Central Asia,High income,2002,2119.86,71.01,21730496
Romania,ROU,Europe & Central Asia,High income,2003,2679.41,71.31,21574326
Romania,ROU,Europe & Central Asia,High income,2004,3494.99,71.56,21451748
Romania,ROU,Europe & Central Asia,High income,2005,4618.00,71.91,21319685
Romania,ROU,Europe & Central Asia,High income,2006,5757.53,72.16,21193760
Romania,ROU,Europe & Central Asia,High income,2007,8360.34,72.57,20882982
Romania,ROU,Europe & Central Asia,High income,2008,10435.16,72.57,20537875
Romania,ROU,Europe & Central Asia,High income,2009,8548.45,73.31,20367487
Romania,ROU,Europe & Central Asia,High income,2010,8399.54,73.46,20246871
Romania,ROU,Europe & Central Asia,High income,2011,9560.68,74.41,20147528
Romania,ROU,Europe & Central Asia,High income,2012,8929.95,74.41,20058035
Romania,ROU,Europe & Central Asia,High income,2013,9497.67,75.06,19983693
Romania,ROU,Europe & Central Asia,High income,2014,10031.77,74.91,19908979
Romania,ROU,Europe & Central Asia,High income,2015,8977.02,74.91,19815616
Romania,ROU,Europe & Central Asia,High income,2016,9404.54,75.21,19702267
Romania,ROU,Europe & Central Asia,High income,2017,10727.98,75.21,19588715
Romania,ROU,Europe & Central Asia,High income,2018,12416.13,75.36,19473970
Romania,ROU,Europe & Central Asia,High income,2019,12909.61,75.61,19371648
Romania,ROU,Europe & Central Asia,High income,2020,13009.18,74.25,19265250
Romania,ROU,Europe & Central Asia,High income,2021,14907.98,72.81,19122059
Romania,ROU,Europe & Central Asia,High income,2022,15503.55,75.15,19048502
Romania,ROU,Europe & Central Asia,High income,2023,18244.42,76.40,19061062
Russian Federation,RUS,Europe & Central Asia,High income,2000,1771.59,65.48,146596869
Russian Federation,RUS,Europe & Central Asia,High income,2001,2100.35,65.38,145976482
Russian Federation,RUS,Europe & Central Asia,High income,2002,2377.53,65.13,145306497
Russian Federation,RUS,Europe & Central Asia,High income,2003,2975.12,65.03,144648618
Russian Federation,RUS,Europe & Central Asia,High income,2004,4102.36,65.47,144067316
Russian Federation,RUS,Europe & Central Asia,High income,2005,5323.46,65.53,143518814
Russian Federation,RUS,Europe & Central Asia,High income,2006,6920.20,66.73,143049637
Russian Federation,RUS,Europe & Central Asia,High income,2007,9101.24,67.59,142805114
Russian Federation,RUS,Europe & Central Asia,High income,2008,11635.28,67.95,142742366
Russian Federation,RUS,Europe & Central Asia,High income,2009,8562.82,68.68,142785348
Russian Federation,RUS,Europe & Central Asia,High income,2010,10674.99,68.84,142849468
Russian Federation,RUS,Europe & Central Asia,High income,2011,14305.33,69.68,143018195
Russian Federation,RUS,Europe & Central Asia,High income,2012,15401.85,70.07,143378447
Russian Federation,RUS,Europe & Central Asia,High income,2013,15941.45,70.58,143805638
Russian Federation,RUS,Europe & Central Asia,High income,2014,14055.47,70.74,144237223
Russian Federation,RUS,Europe & Central Asia,High income,2015,9277.71,71.18,144640716
Russian Federation,RUS,Europe & Central Asia,High income,2016,8663.16,71.65,145015460
Russian Federation,RUS,Europe & Central Asia,High income,2017,10658.91,72.45,145293260
Russian Federation,RUS,Europe & Central Asia,High income,2018,11211.89,72.66,145398106
Russian Federation,RUS,Europe & Central Asia,High income,2019,11447.70,73.08,145453291
Russian Federation,RUS,Europe & Central Asia,High income,2020,10108.33,71.34,145245148
Russian Federation,RUS,Europe & Central Asia,High income,2021,12425.03,69.90,144746762
Russian Federation,RUS,Europe & Central Asia,High income,2022,15619.61,72.55,144236933
Russian Federation,RUS,Europe & Central Asia,High income,2023,14159.39,73.25,143826130
Rwanda,RWA,Sub-Saharan Africa,Low income,2000,251.87,47.80,8213931
Rwanda,RWA,Sub-Saharan Africa,Low income,2001,237.31,49.49,8287094
Rwanda,RWA,Sub-Saharan Africa,Low income,2002,234.04,51.26,8400180
Rwanda,RWA,Sub-Saharan Africa,Low income,2003,249.01,53.53,8586875
Rwanda,RWA,Sub-Saharan Africa,Low income,2004,269.54,55.52,8816844
Rwanda,RWA,Sub-Saharan Africa,Low income,2005,324.02,56.97,9054528
Rwanda,RWA,Sub-Saharan Africa,Low income,2006,357.00,58.34,9299246
Rwanda,RWA,Sub-Saharan Africa,Low income,2007,426.23,59.50,9549933
Rwanda,RWA,Sub-Saharan Africa,Low income,2008,528.33,60.64,9804269
Rwanda,RWA,Sub-Saharan Africa,Low income,2009,564.04,61.81,10060432
Rwanda,RWA,Sub-Saharan Africa,Low income,2010,593.62,62.80,10317553
Rwanda,RWA,Sub-Saharan Africa,Low income,2011,651.13,63.48,10573733
Rwanda,RWA,Sub-Saharan Africa,Low income,2012,706.82,64.19,10829901
Rwanda,RWA,Sub-Saharan Africa,Low income,2013,704.92,64.65,11093340
Rwanda,RWA,Sub-Saharan Africa,Low income,2014,724.96,65.09,11364757
Rwanda,RWA,Sub-Saharan Africa,Low income,2015,734.00,65.42,11640022
Rwanda,RWA,Sub-Saharan Africa,Low income,2016,729.52,65.73,11919183
Rwanda,RWA,Sub-Saharan Africa,Low income,2017,758.30,66.14,12202060
Rwanda,RWA,Sub-Saharan Africa,Low income,2018,771.77,66.35,12487996
Rwanda,RWA,Sub-Saharan Africa,Low income,2019,810.05,66.69,12776103
Rwanda,RWA,Sub-Saharan Africa,Low income,2020,778.70,66.95,13065837
Rwanda,RWA,Sub-Saharan Africa,Low income,2021,829.54,66.85,13355260
Rwanda,RWA,Sub-Saharan Africa,Low income,2022,975.47,67.53,13651030
Rwanda,RWA,Sub-Saharan Africa,Low income,2023,1027.03,67.78,13954471
Samoa,WSM,East Asia & Pacific,Upper middle income,2000,1424.75,70.79,181685
Samoa,WSM,East Asia & Pacific,Upper middle income,2001,1453.87,71.03,183166
Samoa,WSM,East Asia & Pacific,Upper middle income,2002,1527.56,71.23,184471
Samoa,WSM,East Asia & Pacific,Upper middle income,2003,1798.12,71.44,185430
Samoa,WSM,East Asia & Pacific,Upper middle income,2004,2189.26,71.51,186249
Samoa,WSM,East Asia & Pacific,Upper middle income,2005,2550.04,71.49,186978
Samoa,WSM,East Asia & Pacific,Upper middle income,2006,2663.29,71.62,187709
Samoa,WSM,East Asia & Pacific,Upper middle income,2007,3038.62,71.61,188753
Samoa,WSM,East Asia & Pacific,Upper middle income,2008,3373.61,71.53,190107
Samoa,WSM,East Asia & Pacific,Upper middle income,2009,3279.18,69.49,191513
Samoa,WSM,East Asia & Pacific,Upper middle income,2010,3524.25,71.45,193023
Samoa,WSM,East Asia & Pacific,Upper middle income,2011,3821.51,71.39,194713
Samoa,WSM,East Asia & Pacific,Upper middle income,2012,3934.60,71.16,196498
Samoa,WSM,East Asia & Pacific,Upper middle income,2013,4023.53,71.23,198268
Samoa,WSM,East Asia & Pacific,Upper middle income,2014,3982.68,71.14,200037
Samoa,WSM,East Asia & Pacific,Upper middle income,2015,4084.36,71.06,201782
Samoa,WSM,East Asia & Pacific,Upper middle income,2016,4147.07,71.00,203499
Samoa,WSM,East Asia & Pacific,Upper middle income,2017,4307.59,70.99,205415
Samoa,WSM,East Asia & Pacific,Upper middle income,2018,4231.81,71.05,207582
Samoa,WSM,East Asia & Pacific,Upper middle income,2019,4351.94,70.27,209780
Samoa,WSM,East Asia & Pacific,Upper middle income,2020,4099.60,70.73,211944
Samoa,WSM,East Asia & Pacific,Upper middle income,2021,4021.56,71.10,213779
Samoa,WSM,East Asia & Pacific,Upper middle income,2022,4132.45,71.55,215261
Samoa,WSM,East Asia & Pacific,Upper middle income,2023,4822.74,71.70,216663
San Marino,SMR,Europe & Central Asia,High income,2000,37600.71,80.50,26799
San Marino,SMR,Europe & Central Asia,High income,2001,39035.10,80.80,27143
San Marino,SMR,Europe & Central Asia,High income,2002,41790.84,81.06,27491
San Marino,SMR,Europe & Central Asia,High income,2003,52529.91,81.33,27843
San Marino,SMR,Europe & Central Asia,High income,2004,58232.02,81.59,29457
San Marino,SMR,Europe & Central Asia,High income,2005,59877.80,81.93,29836
San Marino,SMR,Europe & Central Asia,High income,2006,63270.78,82.26,30184
San Marino,SMR,Europe & Central Asia,High income,2007,70124.46,82.61,31211
San Marino,SMR,Europe & Central Asia,High income,2008,75902.13,82.89,31662
San Marino,SMR,Europe & Central Asia,High income,2009,62428.99,83.22,33066
San Marino,SMR,Europe & Central Asia,High income,2010,56543.19,83.46,33270
San Marino,SMR,Europe & Central Asia,High income,2011,55601.39,83.71,32620
San Marino,SMR,Europe & Central Asia,High income,2012,47945.90,83.94,33469
San Marino,SMR,Europe & Central Asia,High income,2013,50807.83,84.17,33041
San Marino,SMR,Europe & Central Asia,High income,2014,51260.49,84.39,32655
San Marino,SMR,Europe & Central Asia,High income,2015,43146.82,84.60,32897
San Marino,SMR,Europe & Central Asia,High income,2016,44359.48,84.78,33101
San Marino,SMR,Europe & Central Asia,High income,2017,45192.03,84.93,33825
San Marino,SMR,Europe & Central Asia,High income,2018,47950.69,85.09,34522
San Marino,SMR,Europe & Central Asia,High income,2019,46630.14,85.26,34663
San Marino,SMR,Europe & Central Asia,High income,2020,44326.96,82.65,34770
San Marino,SMR,Europe & Central Asia,High income,2021,54176.48,83.54,34252
San Marino,SMR,Europe & Central Asia,High income,2022,54190.84,85.71,33755
San Marino,SMR,Europe & Central Asia,High income,2023,59879.72,85.71,33860
Saudi Arabia,SAU,Middle East & North Africa,High income,2000,11714.56,72.61,16177722
Saudi Arabia,SAU,Middle East & North Africa,High income,2001,10805.31,72.95,17041397
Saudi Arabia,SAU,Middle East & North Africa,High income,2002,10586.05,73.30,17910910
Saudi Arabia,SAU,Middle East & North Africa,High income,2003,11487.22,73.66,18786767
Saudi Arabia,SAU,Middle East & North Africa,High income,2004,13154.50,74.03,19669480
Saudi Arabia,SAU,Middle East & North Africa,High income,2005,15975.75,74.40,20559890
Saudi Arabia,SAU,Middle East & North Africa,High income,2006,17563.61,74.76,21459144
Saudi Arabia,SAU,Middle East & North Africa,High income,2007,18596.15,75.07,22368313
Saudi Arabia,SAU,Middle East & North Africa,High income,2008,22320.49,75.30,23287877
Saudi Arabia,SAU,Middle East & North Africa,High income,2009,17718.39,75.45,24217654
Saudi Arabia,SAU,Middle East & North Africa,High income,2010,22028.39,75.62,23978487
Saudi Arabia,SAU,Middle East & North Africa,High income,2011,27126.75,75.81,25091867
Saudi Arabia,SAU,Middle East & North Africa,High income,2012,28733.44,76.09,26168861
Saudi Arabia,SAU,Middle East & North Africa,High income,2013,27865.47,76.52,27624004
Saudi Arabia,SAU,Middle East & North Africa,High income,2014,27805.49,77.12,28309273
Saudi Arabia,SAU,Middle East & North Africa,High income,2015,23256.15,77.78,29816382
Saudi Arabia,SAU,Middle East & North Africa,High income,2016,22267.72,78.35,30954198
Saudi Arabia,SAU,Middle East & North Africa,High income,2017,23929.29,78.72,30977355
Saudi Arabia,SAU,Middle East & North Africa,High income,2018,29360.07,78.75,30196281
Saudi Arabia,SAU,Middle East & North Africa,High income,2019,29566.79,78.31,30063799
Saudi Arabia,SAU,Middle East & North Africa,High income,2020,24338.83,77.60,31552510
Saudi Arabia,SAU,Middle East & North Africa,High income,2021,31920.77,77.09,30784383
Saudi Arabia,SAU,Middle East & North Africa,High income,2022,38510.23,77.31,32175224
Saudi Arabia,SAU,Middle East & North Africa,High income,2023,36156.85,78.73,33702731
Senegal,SEN,Sub-Saharan Africa,Lower middle income,2000,603.23,57.62,9968260
Senegal,SEN,Sub-Saharan Africa,Lower middle income,2001,637.21,58.16,10212942
Senegal,SEN,Sub-Saharan Africa,Lower middle income,2002,669.43,58.91,10466214
Senegal,SEN,Sub-Saharan Africa,Lower middle income,2003,817.89,59.47,10721176
Senegal,SEN,Sub-Saharan Africa,Lower middle income,2004,918.10,60.31,10975704
Senegal,SEN,Sub-Saharan Africa,Lower middle income,2005,979.85,60.98,11235472
Senegal,SEN,Sub-Saharan Africa,Lower middle income,2006,1017.20,61.80,11500094
Senegal,SEN,Sub-Saharan Africa,Lower middle income,2007,1188.94,62.65,11770344
Senegal,SEN,Sub-Saharan Africa,Lower middle income,2008,1398.79,63.20,12048959
Senegal,SEN,Sub-Saharan Africa,Lower middle income,2009,1308.69,63.75,12337389
Senegal,SEN,Sub-Saharan Africa,Lower middle income,2010,1275.88,64.22,12635413
Senegal,SEN,Sub-Saharan Africa,Lower middle income,2011,1374.68,64.80,12958897
Senegal,SEN,Sub-Saharan Africa,Lower middle income,2012,1326.84,65.23,13310495
Senegal,SEN,Sub-Saharan Africa,Lower middle income,2013,1379.83,65.64,13710849
Senegal,SEN,Sub-Saharan Africa,Lower middle income,2014,1398.89,66.00,14152102
Senegal,SEN,Sub-Saharan Africa,Lower middle income,2015,1218.01,66.45,14593331
Senegal,SEN,Sub-Saharan Africa,Lower middle income,2016,1266.44,66.72,15034521
Senegal,SEN,Sub-Saharan Africa,Lower middle income,2017,1356.81,67.06,15475002
Senegal,SEN,Sub-Saharan Africa,Lower middle income,2018,1452.56,67.38,15914498
Senegal,SEN,Sub-Saharan Africa,Lower middle income,2019,1431.18,67.67,16352922
Senegal,SEN,Sub-Saharan Africa,Lower middle income,2020,1461.09,67.50,16789219
Senegal,SEN,Sub-Saharan Africa,Lower middle income,2021,1598.11,66.87,17220867
Senegal,SEN,Sub-Saharan Africa,Lower middle income,2022,1574.03,67.79,17651103
Senegal,SEN,Sub-Saharan Africa,Lower middle income,2023,1698.03,68.68,18077573
Serbia,SRB,Europe & Central Asia,Upper middle income,2000,974.73,71.58,7516346
Serbia,SRB,Europe & Central Asia,Upper middle income,2001,1812.42,72.23,7503433
Serbia,SRB,Europe & Central Asia,Upper middle income,2002,2390.73,72.29,7500031
Serbia,SRB,Europe & Central Asia,Upper middle income,2003,3153.90,72.44,7480591
Serbia,SRB,Europe & Central Asia,Upper middle income,2004,3597.09,72.68,7463157
Serbia,SRB,Europe & Central Asia,Upper middle income,2005,3807.97,72.83,7440769
Serbia,SRB,Europe & Central Asia,Upper middle income,2006,4492.71,73.39,7411569
Serbia,SRB,Europe & Central Asia,Upper middle income,2007,6081.09,73.63,7381579
Serbia,SRB,Europe & Central Asia,Upper middle income,2008,7376.74,73.89,7350222
Serbia,SRB,Europe & Central Asia,Upper middle income,2009,6414.04,73.99,7320807
Serbia,SRB,Europe & Central Asia,Upper middle income,2010,5970.93,74.34,7291436
Serbia,SRB,Europe & Central Asia,Upper middle income,2011,7082.29,74.54,7236519
Serbia,SRB,Europe & Central Asia,Upper middle income,2012,6263.04,74.84,7201497
Serbia,SRB,Europe & Central Asia,Upper middle income,2013,7040.42,75.19,7166553
Serbia,SRB,Europe & Central Asia,Upper middle income,2014,6886.68,75.34,7131787
Serbia,SRB,Europe & Central Asia,Upper middle income,2015,5820.32,75.29,7095383
Serbia,SRB,Europe & Central Asia,Upper middle income,2016,5982.37,75.69,7058322
Serbia,SRB,Europe & Central Asia,Upper middle income,2017,6548.04,75.54,7020858
Serbia,SRB,Europe & Central Asia,Upper middle income,2018,7559.86,75.89,6982604
Serbia,SRB,Europe & Central Asia,Upper middle income,2019,7755.63,75.94,6945235
Serbia,SRB,Europe & Central Asia,Upper middle income,2020,8098.71,74.48,6899126
Serbia,SRB,Europe & Central Asia,Upper middle income,2021,9680.53,72.78,6834326
Serbia,SRB,Europe & Central Asia,Upper middle income,2022,10024.82,75.24,6664449
Serbia,SRB,Europe & Central Asia,Upper middle income,2023,12281.71,76.14,6623183
Seychelles,SYC,Sub-Saharan Africa,High income,2000,8063.66,72.78,81131
Seychelles,SYC,Sub-Saharan Africa,High income,2001,8153.30,73.25,81202
Seychelles,SYC,Sub-Saharan Africa,High income,2002,8864.17,71.09,83723
Seychelles,SYC,Sub-Saharan Africa,High income,2003,9070.28,71.03,82781
Seychelles,SYC,Sub-Saharan Africa,High income,2004,10827.67,72.66,82475
Seychelles,SYC,Sub-Saharan Africa,High income,2005,11802.11,72.13,82858
Seychelles,SYC,Sub-Saharan Africa,High income,2006,12782.99,72.22,84600
Seychelles,SYC,Sub-Saharan Africa,High income,2007,12669.30,73.14,85033
Seychelles,SYC,Sub-Saharan Africa,High income,2008,11265.44,73.16,86956
Seychelles,SYC,Sub-Saharan Africa,High income,2009,9747.09,73.08,87298
Seychelles,SYC,Sub-Saharan Africa,High income,2010,10934.79,73.20,89770
Seychelles,SYC,Sub-Saharan Africa,High income,2011,12110.09,72.72,87441
Seychelles,SYC,Sub-Saharan Africa,High income,2012,12337.16,74.28,88303
Seychelles,SYC,Sub-Saharan Africa,High income,2013,14821.29,73.12,89949
Seychelles,SYC,Sub-Saharan Africa,High income,2014,15188.19,73.23,91359
Seychelles,SYC,Sub-Saharan Africa,High income,2015,15333.11,74.30,93419
Seychelles,SYC,Sub-Saharan Africa,High income,2016,16566.99,74.31,94677
Seychelles,SYC,Sub-Saharan Africa,High income,2017,17480.37,74.30,95843
Seychelles,SYC,Sub-Saharan Africa,High income,2018,18440.23,72.84,96762
Seychelles,SYC,Sub-Saharan Africa,High income,2019,19141.51,74.05,97625
Seychelles,SYC,Sub-Saharan Africa,High income,2020,14041.48,77.24,98462
Seychelles,SYC,Sub-Saharan Africa,High income,2021,14982.91,73.40,99258
Seychelles,SYC,Sub-Saharan Africa,High income,2022,16836.67,74.51,119878
Seychelles,SYC,Sub-Saharan Africa,High income,2023,18262.71,75.42,119773
Sierra Leone,SLE,Sub-Saharan Africa,Low income,2000,143.74,44.83,4423611
Sierra Leone,SLE,Sub-Saharan Africa,Low income,2001,358.32,45.45,4692716
Sierra Leone,SLE,Sub-Saharan Africa,Low income,2002,389.00,46.17,4971435
Sierra Leone,SLE,Sub-Saharan Africa,Low income,2003,413.82,46.78,5177687
Sierra Leone,SLE,Sub-Saharan Africa,Low income,2004,417.75,47.48,5355717
Sierra Leone,SLE,Sub-Saharan Africa,Low income,2005,462.63,48.31,5501712
Sierra Leone,SLE,Sub-Saharan Africa,Low income,2006,580.27,49.55,5624466
Sierra Leone,SLE,Sub-Saharan Africa,Low income,2007,631.89,50.02,5749352
Sierra Leone,SLE,Sub-Saharan Africa,Low income,2008,705.36,50.69,5894722
Sierra Leone,SLE,Sub-Saharan Africa,Low income,2009,652.85,51.31,6055646
Sierra Leone,SLE,Sub-Saharan Africa,Low income,2010,685.04,51.93,6222714
Sierra Leone,SLE,Sub-Saharan Africa,Low income,2011,761.15,52.59,6387251
Sierra Leone,SLE,Sub-Saharan Africa,Low income,2012,937.50,53.16,6551080
Sierra Leone,SLE,Sub-Saharan Africa,Low income,2013,1117.47,54.05,6714051
Sierra Leone,SLE,Sub-Saharan Africa,Low income,2014,1117.76,54.28,6876385
Sierra Leone,SLE,Sub-Saharan Africa,Low income,2015,964.58,55.45,7037655
Sierra Leone,SLE,Sub-Saharan Africa,Low income,2016,844.42,56.94,7205328
Sierra Leone,SLE,Sub-Saharan Africa,Low income,2017,779.19,57.76,7379299
Sierra Leone,SLE,Sub-Saharan Africa,Low income,2018,845.91,59.06,7554563
Sierra Leone,SLE,Sub-Saharan Africa,Low income,2019,843.71,59.59,7731991
Sierra Leone,SLE,Sub-Saharan Africa,Low income,2020,845.28,59.69,7912558
Sierra Leone,SLE,Sub-Saharan Africa,Low income,2021,885.40,60.26,8094602
Sierra Leone,SLE,Sub-Saharan Africa,Low income,2022,860.37,61.27,8276807
Sierra Leone,SLE,Sub-Saharan Africa,Low income,2023,758.33,61.79,8460512
Singapore,SGP,East Asia & Pacific,High income,2000,23852.84,77.95,4027887
Singapore,SGP,East Asia & Pacific,High income,2001,21699.74,78.25,4138012
Singapore,SGP,East Asia & Pacific,High income,2002,22159.84,78.55,4175950
Singapore,SGP,East Asia & Pacific,High income,2003,23730.38,79.04,4114826
Singapore,SGP,East Asia & Pacific,High income,2004,27608.08,79.49,4166664
Singapore,SGP,East Asia & Pacific,High income,2005,29961.32,79.99,4265762
Singapore,SGP,East Asia & Pacific,High income,2006,33768.45,80.14,4401365
Singapore,SGP,East Asia & Pacific,High income,2007,39432.89,80.44,4588599
Singapore,SGP,East Asia & Pacific,High income,2008,40008.57,80.79,4839396
Singapore,SGP,East Asia & Pacific,High income,2009,38926.81,81.24,4987573
Singapore,SGP,East Asia & Pacific,High income,2010,47236.68,81.54,5076732
Singapore,SGP,East Asia & Pacific,High income,2011,53891.46,81.74,5183688
Singapore,SGP,East Asia & Pacific,High income,2012,55547.56,82.00,5312437
Singapore,SGP,East Asia & Pacific,High income,2013,56967.43,82.25,5399162
Singapore,SGP,East Asia & Pacific,High income,2014,57564.80,82.50,5469724
Singapore,SGP,East Asia & Pacific,High income,2015,55645.61,82.74,5535002
Singapore,SGP,East Asia & Pacific,High income,2016,57005.59,82.85,5607283
Singapore,SGP,East Asia & Pacific,High income,2017,61236.25,83.10,5612253
Singapore,SGP,East Asia & Pacific,High income,2018,66881.61,83.30,5638676
Singapore,SGP,East Asia & Pacific,High income,2019,65952.04,83.60,5703569
Singapore,SGP,East Asia & Pacific,High income,2020,61410.08,83.54,5685807
Singapore,SGP,East Asia & Pacific,High income,2021,80056.13,83.09,5453566
Singapore,SGP,East Asia & Pacific,High income,2022,90299.07,82.90,5637022
Singapore,SGP,East Asia & Pacific,High income,2023,85412.23,83.10,5917648
Sint Maarten (Dutch part),SXM,Latin America & Caribbean,High income,2009,25528.41,74.80,33491
Sint Maarten (Dutch part),SXM,Latin America & Caribbean,High income,2010,26403.81,74.82,33794
Sint Maarten (Dutch part),SXM,Latin America & Caribbean,High income,2011,27317.52,74.87,34267
Sint Maarten (Dutch part),SXM,Latin America & Caribbean,High income,2012,28149.10,75.12,35023
Sint Maarten (Dutch part),SXM,Latin America & Caribbean,High income,2013,28529.73,75.39,35854
Sint Maarten (Dutch part),SXM,Latin America & Caribbean,High income,2014,37134.91,75.73,36672
Sint Maarten (Dutch part),SXM,Latin America & Caribbean,High income,2015,37839.63,75.90,37471
Sint Maarten (Dutch part),SXM,Latin America & Caribbean,High income,2016,37308.61,75.95,38249
Sint Maarten (Dutch part),SXM,Latin America & Caribbean,High income,2017,34701.31,75.45,38996
Sint Maarten (Dutch part),SXM,Latin America & Caribbean,High income,2018,31708.31,75.69,39712
Sint Maarten (Dutch part),SXM,Latin America & Caribbean,High income,2019,34861.47,75.68,40385
Sint Maarten (Dutch part),SXM,Latin America & Caribbean,High income,2020,30150.90,75.00,41008
Sint Maarten (Dutch part),SXM,Latin America & Caribbean,High income,2021,32548.44,74.50,41571
Sint Maarten (Dutch part),SXM,Latin America & Caribbean,High income,2022,37793.13,76.18,42139
Sint Maarten (Dutch part),SXM,Latin America & Caribbean,High income,2023,39451.82,76.37,42749
Slovak Republic,SVK,Europe & Central Asia,High income,2000,5421.64,73.05,5388720
Slovak Republic,SVK,Europe & Central Asia,High income,2001,5712.48,73.40,5378867
Slovak Republic,SVK,Europe & Central Asia,High income,2002,6554.63,73.60,5376912
Slovak Republic,SVK,Europe & Central Asia,High income,2003,8675.40,73.60,5373374
Slovak Republic,SVK,Europe & Central Asia,High income,2004,10650.13,73.96,5372280
Slovak Republic,SVK,Europe & Central Asia,High income,2005,11641.54,73.90,5372807
Slovak Republic,SVK,Europe & Central Asia,High income,2006,13167.90,74.20,5373054
Slovak Republic,SVK,Europe & Central Asia,High income,2007,16110.48,74.21,5374622
Slovak Republic,SVK,Europe & Central Asia,High income,2008,18744.32,74.70,5379233
Slovak Republic,SVK,Europe & Central Asia,High income,2009,16586.75,74.91,5386406
Slovak Republic,SVK,Europe & Central Asia,High income,2010,16899.45,75.11,5391428
Slovak Republic,SVK,Europe & Central Asia,High income,2011,18469.44,75.96,5398384
Slovak Republic,SVK,Europe & Central Asia,High income,2012,17516.97,76.11,5407579
Slovak Republic,SVK,Europe & Central Asia,High income,2013,18312.78,76.41,5413393
Slovak Republic,SVK,Europe & Central Asia,High income,2014,18770.93,76.81,5418649
Slovak Republic,SVK,Europe & Central Asia,High income,2015,16442.08,76.56,5423801
Slovak Republic,SVK,Europe & Central Asia,High income,2016,16636.08,77.17,5430798
Slovak Republic,SVK,Europe & Central Asia,High income,2017,17645.53,77.17,5439232
Slovak Republic,SVK,Europe & Central Asia,High income,2018,19573.37,77.27,5446771
Slovak Republic,SVK,Europe & Central Asia,High income,2019,19406.06,77.67,5454147
Slovak Republic,SVK,Europe & Central Asia,High income,2020,19735.49,76.87,5458827
Slovak Republic,SVK,Europe & Central Asia,High income,2021,22123.33,74.61,5447247
Slovak Republic,SVK,Europe & Central Asia,High income,2022,21317.79,76.97,5431752
Slovak Republic,SVK,Europe & Central Asia,High income,2023,24614.87,78.12,5426740
Slovenia,SVN,Europe & Central Asia,High income,2000,10135.72,75.41,1988925
Slovenia,SVN,Europe & Central Asia,High income,2001,10375.63,75.76,1992060
Slovenia,SVN,Europe & Central Asia,High income,2002,11639.13,76.01,1994530
Slovenia,SVN,Europe & Central Asia,High income,2003,14711.67,76.86,1995733
Slovenia,SVN,Europe & Central Asia,High income,2004,17103.83,77.21,1997012
Slovenia,SVN,Europe & Central Asia,High income,2005,17969.71,77.61,2000474
Slovenia,SVN,Europe & Central Asia,High income,2006,19563.01,78.09,2006868
Slovenia,SVN,Europe & Central Asia,High income,2007,23725.16,78.56,2018122
Slovenia,SVN,Europe & Central Asia,High income,2008,27461.98,78.77,2021316
Slovenia,SVN,Europe & Central Asia,High income,2009,24501.79,78.97,2039669
Slovenia,SVN,Europe & Central Asia,High income,2010,23329.84,79.42,2048583
Slovenia,SVN,Europe & Central Asia,High income,2011,24940.63,79.97,2052843
Slovenia,SVN,Europe & Central Asia,High income,2012,22442.14,80.12,2057159
Slovenia,SVN,Europe & Central Asia,High income,2013,23236.97,80.32,2059953
Slovenia,SVN,Europe & Central Asia,High income,2014,24013.07,81.08,2061980
Slovenia,SVN,Europe & Central Asia,High income,2015,20697.27,80.78,2063531
Slovenia,SVN,Europe & Central Asia,High income,2016,21447.84,81.18,2065042
Slovenia,SVN,Europe & Central Asia,High income,2017,23303.08,81.03,2066388
Slovenia,SVN,Europe & Central Asia,High income,2018,25888.05,81.38,2073894
Slovenia,SVN,Europe & Central Asia,High income,2019,25814.17,81.53,2088385
Slovenia,SVN,Europe & Central Asia,High income,2020,25392.07,80.53,2102419
Slovenia,SVN,Europe & Central Asia,High income,2021,29192.84,80.68,2108079
Slovenia,SVN,Europe & Central Asia,High income,2022,28360.30,81.28,2112076
Slovenia,SVN,Europe & Central Asia,High income,2023,32660.48,81.93,2120461
Solomon Islands,SLB,East Asia & Pacific,Lower middle income,2000,953.17,67.12,440469
Solomon Islands,SLB,East Asia & Pacific,Lower middle income,2001,911.79,67.24,449125
Solomon Islands,SLB,East Asia & Pacific,Lower middle income,2002,756.89,67.35,457671
Solomon Islands,SLB,East Asia & Pacific,Lower middle income,2003,895.98,67.48,466154
Solomon Islands,SLB,East Asia & Pacific,Lower middle income,2004,986.07,67.63,474611
Solomon Islands,SLB,East Asia & Pacific,Lower middle income,2005,1144.49,67.79,483080
Solomon Islands,SLB,East Asia & Pacific,Lower middle income,2006,1255.62,67.97,491594
Solomon Islands,SLB,East Asia & Pacific,Lower middle income,2007,1390.15,67.84,500156
Solomon Islands,SLB,East Asia & Pacific,Lower middle income,2008,1525.85,68.34,508790
Solomon Islands,SLB,East Asia & Pacific,Lower middle income,2009,1554.71,68.40,518141
Solomon Islands,SLB,East Asia & Pacific,Lower middle income,2010,1685.15,68.67,532968
Solomon Islands,SLB,East Asia & Pacific,Lower middle income,2011,1924.06,68.82,552945
Solomon Islands,SLB,East Asia & Pacific,Lower middle income,2012,2066.26,68.96,573606
Solomon Islands,SLB,East Asia & Pacific,Lower middle income,2013,2161.39,69.01,594945
Solomon Islands,SLB,East Asia & Pacific,Lower middle income,2014,2164.95,68.98,616908
Solomon Islands,SLB,East Asia & Pacific,Lower middle income,2015,2045.48,69.32,639415
Solomon Islands,SLB,East Asia & Pacific,Lower middle income,2016,2082.62,69.50,662379
Solomon Islands,SLB,East Asia & Pacific,Lower middle income,2017,2143.58,69.65,685672
Solomon Islands,SLB,East Asia & Pacific,Lower middle income,2018,2278.20,69.81,709101
Solomon Islands,SLB,East Asia & Pacific,Lower middle income,2019,2223.66,69.98,728147
Solomon Islands,SLB,East Asia & Pacific,Lower middle income,2020,2063.33,69.26,744498
Solomon Islands,SLB,East Asia & Pacific,Lower middle income,2021,2043.44,68.89,762591
Solomon Islands,SLB,East Asia & Pacific,Lower middle income,2022,1877.78,70.41,781066
Solomon Islands,SLB,East Asia & Pacific,Lower middle income,2023,1882.64,70.53,800005
"Somalia, Fed. Rep.",SOM,Sub-Saharan Africa,Low income,2000,386.12,50.75,8838713
"Somalia, Fed. Rep.",SOM,Sub-Saharan Africa,Low income,2001,244.91,50.83,9198493
"Somalia, Fed. Rep.",SOM,Sub-Saharan Africa,Low income,2002,229.60,50.82,9550063
"Somalia, Fed. Rep.",SOM,Sub-Saharan Africa,Low income,2003,286.27,50.72,9909157
"Somalia, Fed. Rep.",SOM,Sub-Saharan Africa,Low income,2004,375.41,50.69,10280998
"Somalia, Fed. Rep.",SOM,Sub-Saharan Africa,Low income,2005,439.98,50.89,10644228
"Somalia, Fed. Rep.",SOM,Sub-Saharan Africa,Low income,2006,458.00,50.91,10975502
"Somalia, Fed. Rep.",SOM,Sub-Saharan Africa,Low income,2007,479.64,50.88,11322582
"Somalia, Fed. Rep.",SOM,Sub-Saharan Africa,Low income,2008,507.04,51.46,11663084
"Somalia, Fed. Rep.",SOM,Sub-Saharan Africa,Low income,2009,246.51,52.10,11961201
"Somalia, Fed. Rep.",SOM,Sub-Saharan Africa,Low income,2010,219.20,48.90,12261756
"Somalia, Fed. Rep.",SOM,Sub-Saharan Africa,Low income,2011,235.33,32.45,12348830
"Somalia, Fed. Rep.",SOM,Sub-Saharan Africa,Low income,2012,350.26,49.14,12461160
"Somalia, Fed. Rep.",SOM,Sub-Saharan Africa,Low income,2013,393.40,54.02,12869594
"Somalia, Fed. Rep.",SOM,Sub-Saharan Africa,Low income,2014,429.43,54.44,13339491
"Somalia, Fed. Rep.",SOM,Sub-Saharan Africa,Low income,2015,445.58,55.06,13806963
"Somalia, Fed. Rep.",SOM,Sub-Saharan Africa,Low income,2016,460.93,55.28,14348740
"Somalia, Fed. Rep.",SOM,Sub-Saharan Africa,Low income,2017,510.94,52.19,14916629
"Somalia, Fed. Rep.",SOM,Sub-Saharan Africa,Low income,2018,509.50,54.77,15452487
"Somalia, Fed. Rep.",SOM,Sub-Saharan Africa,Low income,2019,539.95,57.25,16030971
"Somalia, Fed. Rep.",SOM,Sub-Saharan Africa,Low income,2020,518.16,57.09,16651191
"Somalia, Fed. Rep.",SOM,Sub-Saharan Africa,Low income,2021,549.06,55.70,17271431
"Somalia, Fed. Rep.",SOM,Sub-Saharan Africa,Low income,2022,573.14,53.93,17801897
"Somalia, Fed. Rep.",SOM,Sub-Saharan Africa,Low income,2023,596.89,58.82,18358615
South Africa,ZAF,Sub-Saharan Africa,Upper middle income,2000,3217.85,58.37,47159719
South Africa,ZAF,Sub-Saharan Africa,Upper middle income,2001,2847.15,57.16,47566800
South Africa,ZAF,Sub-Saharan Africa,Upper middle income,2002,2688.24,55.58,48019415
South Africa,ZAF,Sub-Saharan Africa,Upper middle income,2003,4062.22,54.24,48500348
South Africa,ZAF,Sub-Saharan Africa,Upper middle income,2004,5221.46,53.96,48991421
South Africa,ZAF,Sub-Saharan Africa,Upper middle income,2005,5836.88,53.91,49490033
South Africa,ZAF,Sub-Saharan Africa,Upper middle income,2006,6077.38,54.22,49998277
South Africa,ZAF,Sub-Saharan Africa,Upper middle income,2007,6591.86,54.95,50528584
South Africa,ZAF,Sub-Saharan Africa,Upper middle income,2008,6184.75,55.98,51114599
South Africa,ZAF,Sub-Saharan Africa,Upper middle income,2009,6374.71,57.41,51728516
South Africa,ZAF,Sub-Saharan Africa,Upper middle income,2010,7973.47,58.89,52344051
South Africa,ZAF,Sub-Saharan Africa,Upper middle income,2011,8646.06,60.60,52995205
South Africa,ZAF,Sub-Saharan Africa,Upper middle income,2012,8076.98,61.74,53782567
South Africa,ZAF,Sub-Saharan Africa,Upper middle income,2013,7331.65,62.39,54678791
South Africa,ZAF,Sub-Saharan Africa,Upper middle income,2014,6856.73,63.18,55594838
South Africa,ZAF,Sub-Saharan Africa,Upper middle income,2015,6112.27,64.05,56723537
South Africa,ZAF,Sub-Saharan Africa,Upper middle income,2016,5651.21,64.75,57259551
South Africa,ZAF,Sub-Saharan Africa,Upper middle income,2017,6618.34,65.42,57635162
South Africa,ZAF,Sub-Saharan Africa,Upper middle income,2018,6914.18,65.73,58613001
South Africa,ZAF,Sub-Saharan Africa,Upper middle income,2019,6533.71,66.07,59587885
South Africa,ZAF,Sub-Saharan Africa,Upper middle income,2020,5580.60,65.15,60562381
South Africa,ZAF,Sub-Saharan Africa,Upper middle income,2021,6828.76,62.01,61502603
South Africa,ZAF,Sub-Saharan Africa,Upper middle income,2022,6534.25,65.45,62378410
South Africa,ZAF,Sub-Saharan Africa,Upper middle income,2023,6034.27,66.14,63212384
South Sudan,SSD,Sub-Saharan Africa,Low income,2008,1654.21,56.28,8817647
South Sudan,SSD,Sub-Saharan Africa,Low income,2009,1323.22,56.85,9243556
South Sudan,SSD,Sub-Saharan Africa,Low income,2010,1498.27,57.48,9745953
South Sudan,SSD,Sub-Saharan Africa,Low income,2011,1448.98,57.67,10288109
South Sudan,SSD,Sub-Saharan Africa,Low income,2012,1109.26,58.24,10756240
South Sudan,SSD,Sub-Saharan Africa,Low income,2013,1650.19,58.28,11166275
South Sudan,SSD,Sub-Saharan Africa,Low income,2014,1242.73,45.62,11235073
South Sudan,SSD,Sub-Saharan Africa,Low income,2015,1080.15,39.76,11107561
Spain,ESP,Europe & Central Asia,High income,2000,14743.27,78.97,40567864
Spain,ESP,Europe & Central Asia,High income,2001,15368.23,79.37,40850412
Spain,ESP,Europe & Central Asia,High income,2002,17111.07,79.57,41431558
Spain,ESP,Europe & Central Asia,High income,2003,21522.02,79.62,42187645
Spain,ESP,Europe & Central Asia,High income,2004,24925.03,79.87,42921895
Spain,ESP,Europe & Central Asia,High income,2005,26450.95,80.17,43653155
Spain,ESP,Europe & Central Asia,High income,2006,28421.69,80.82,44397319
Spain,ESP,Europe & Central Asia,High income,2007,32652.02,80.87,45226803
Spain,ESP,Europe & Central Asia,High income,2008,35603.25,81.18,45954106
Spain,ESP,Europe & Central Asia,High income,2009,32279.82,81.48,46362946
Spain,ESP,Europe & Central Asia,High income,2010,30658.74,81.63,46576897
Spain,ESP,Europe & Central Asia,High income,2011,31824.62,82.48,46742697
Spain,ESP,Europe & Central Asia,High income,2012,28456.44,82.43,46773055
Spain,ESP,Europe & Central Asia,High income,2013,29228.85,83.08,46604197
Spain,ESP,Europe & Central Asia,High income,2014,29707.77,83.23,46460733
Spain,ESP,Europe & Central Asia,High income,2015,25982.44,82.83,46422303
Spain,ESP,Europe & Central Asia,High income,2016,26755.61,83.33,46458139
Spain,ESP,Europe & Central Asia,High income,2017,28381.34,83.28,46571232
Spain,ESP,Europe & Central Asia,High income,2018,30602.42,83.43,46782011
Spain,ESP,Europe & Central Asia,High income,2019,29786.52,83.83,47118501
Spain,ESP,Europe & Central Asia,High income,2020,27233.94,82.23,47359424
Spain,ESP,Europe & Central Asia,High income,2021,30799.48,83.18,47443821
Spain,ESP,Europe & Central Asia,High income,2022,30319.50,83.13,47786102
Spain,ESP,Europe & Central Asia,High income,2023,33493.22,83.93,48352528
Sri Lanka,LKA,South Asia,Lower middle income,2000,860.20,71.18,19293054
Sri Lanka,LKA,South Asia,Lower middle income,2001,803.54,71.80,19600362
Sri Lanka,LKA,South Asia,Lower middle income,2002,834.94,72.27,19805752
Sri Lanka,LKA,South Asia,Lower middle income,2003,946.38,72.44,19951521
Sri Lanka,LKA,South Asia,Lower middle income,2004,1028.62,68.02,20087605
Sri Lanka,LKA,South Asia,Lower middle income,2005,1207.22,73.07,20216524
Sri Lanka,LKA,South Asia,Lower middle income,2006,1388.90,72.83,20352411
Sri Lanka,LKA,South Asia,Lower middle income,2007,1578.63,72.98,20492545
Sri Lanka,LKA,South Asia,Lower middle income,2008,1973.58,72.56,20629378
Sri Lanka,LKA,South Asia,Lower middle income,2009,2026.66,70.30,20756435
Sri Lanka,LKA,South Asia,Lower middle income,2010,2808.36,74.46,20879089
Sri Lanka,LKA,South Asia,Lower middle income,2011,3224.96,74.74,21009048
Sri Lanka,LKA,South Asia,Lower middle income,2012,3327.78,75.19,21169458
Sri Lanka,LKA,South Asia,Lower middle income,2013,3739.43,75.55,20585000
Sri Lanka,LKA,South Asia,Lower middle income,2014,3972.04,75.76,20778000
Sri Lanka,LKA,South Asia,Lower middle income,2015,4057.72,75.99,20970000
Sri Lanka,LKA,South Asia,Lower middle income,2016,4149.19,76.14,21209000
Sri Lanka,LKA,South Asia,Lower middle income,2017,4398.89,76.24,21453000
Sri Lanka,LKA,South Asia,Lower middle income,2018,4358.56,76.48,21670000
Sri Lanka,LKA,South Asia,Lower middle income,2019,4081.95,76.70,21803000
Sri Lanka,LKA,South Asia,Lower middle income,2020,3847.60,76.93,21919000
Sri Lanka,LKA,South Asia,Lower middle income,2021,3996.96,76.28,22156000
Sri Lanka,LKA,South Asia,Lower middle income,2022,3342.64,77.30,22181000
Sri Lanka,LKA,South Asia,Lower middle income,2023,3798.89,77.48,22037000
St. Kitts and Nevis,KNA,Latin America & Caribbean,High income,2000,9319.66,69.25,45248
St. Kitts and Nevis,KNA,Latin America & Caribbean,High income,2001,10022.59,69.77,45761
St. Kitts and Nevis,KNA,Latin America & Caribbean,High income,2002,10453.66,70.19,46020
St. Kitts and Nevis,KNA,Latin America & Caribbean,High income,2003,10175.63,70.61,46176
St. Kitts and Nevis,KNA,Latin America & Caribbean,High income,2004,10944.62,70.92,46315
St. Kitts and Nevis,KNA,Latin America & Caribbean,High income,2005,11783.79,71.15,46437
St. Kitts and Nevis,KNA,Latin America & Caribbean,High income,2006,13837.85,71.36,46569
St. Kitts and Nevis,KNA,Latin America & Caribbean,High income,2007,14757.96,71.44,46706
St. Kitts and Nevis,KNA,Latin America & Caribbean,High income,2008,16604.94,71.48,46835
St. Kitts and Nevis,KNA,Latin America & Caribbean,High income,2009,16503.41,71.49,46916
St. Kitts and Nevis,KNA,Latin America & Caribbean,High income,2010,16622.95,71.45,46846
St. Kitts and Nevis,KNA,Latin America & Caribbean,High income,2011,17832.46,71.40,46886
St. Kitts and Nevis,KNA,Latin America & Caribbean,High income,2012,17532.06,71.36,47033
St. Kitts and Nevis,KNA,Latin America & Caribbean,High income,2013,18580.13,71.29,47069
St. Kitts and Nevis,KNA,Latin America & Caribbean,High income,2014,20219.40,71.23,47089
St. Kitts and Nevis,KNA,Latin America & Caribbean,High income,2015,20328.80,71.21,47087
St. Kitts and Nevis,KNA,Latin America & Caribbean,High income,2016,21387.54,71.23,47075
St. Kitts and Nevis,KNA,Latin America & Caribbean,High income,2017,22464.99,71.28,47050
St. Kitts and Nevis,KNA,Latin America & Caribbean,High income,2018,22901.38,71.34,47008
St. Kitts and Nevis,KNA,Latin America & Caribbean,High income,2019,23595.49,71.54,46952
St. Kitts and Nevis,KNA,Latin America & Caribbean,High income,2020,18859.02,71.18,46870
St. Kitts and Nevis,KNA,Latin America & Caribbean,High income,2021,18361.14,69.27,46763
St. Kitts and Nevis,KNA,Latin America & Caribbean,High income,2022,21011.57,70.31,46709
St. Kitts and Nevis,KNA,Latin America & Caribbean,High income,2023,22576.92,72.14,46758
St. Lucia,LCA,Latin America & Caribbean,Upper middle income,2000,5879.56,70.78,158616
St. Lucia,LCA,Latin America & Caribbean,Upper middle income,2001,5570.45,71.37,160237
St. Lucia,LCA,Latin America & Caribbean,Upper middle income,2002,5567.89,71.71,161641
St. Lucia,LCA,Latin America & Caribbean,Upper middle income,2003,6058.61,72.19,162976
St. Lucia,LCA,Latin America & Caribbean,Upper middle income,2004,6494.60,72.45,164239
St. Lucia,LCA,Latin America & Caribbean,Upper middle income,2005,6863.44,72.54,165450
St. Lucia,LCA,Latin America & Caribbean,Upper middle income,2006,7611.18,72.79,166639
St. Lucia,LCA,Latin America & Caribbean,Upper middle income,2007,7964.38,72.86,167758
St. Lucia,LCA,Latin America & Caribbean,Upper middle income,2008,8516.96,72.96,168808
St. Lucia,LCA,Latin America & Caribbean,Upper middle income,2009,8250.52,72.95,169869
St. Lucia,LCA,Latin America & Caribbean,Upper middle income,2010,8673.69,72.77,170906
St. Lucia,LCA,Latin America & Caribbean,Upper middle income,2011,9128.99,72.96,171801
St. Lucia,LCA,Latin America & Caribbean,Upper middle income,2012,9260.30,72.86,172587
St. Lucia,LCA,Latin America & Caribbean,Upper middle income,2013,9577.22,72.69,173369
St. Lucia,LCA,Latin America & Caribbean,Upper middle income,2014,10044.82,72.68,174138
St. Lucia,LCA,Latin America & Caribbean,Upper middle income,2015,10334.99,72.93,174905
St. Lucia,LCA,Latin America & Caribbean,Upper middle income,2016,10638.13,72.55,175646
St. Lucia,LCA,Latin America & Caribbean,Upper middle income,2017,11333.11,72.52,176342
St. Lucia,LCA,Latin America & Caribbean,Upper middle income,2018,11642.70,72.66,177017
St. Lucia,LCA,Latin America & Caribbean,Upper middle income,2019,11794.06,72.25,177661
St. Lucia,LCA,Latin America & Caribbean,Upper middle income,2020,8411.07,72.31,178250
St. Lucia,LCA,Latin America & Caribbean,Upper middle income,2021,10459.13,69.12,178522
St. Lucia,LCA,Latin America & Caribbean,Upper middle income,2022,13103.82,72.67,178781
St. Lucia,LCA,Latin America & Caribbean,Upper middle income,2023,13554.77,72.70,179285
St. Martin (French part),MAF,Latin America & Caribbean,High income,2011,20930.58,79.02,37069
St. Martin (French part),MAF,Latin America & Caribbean,High income,2014,20638.77,79.73,37450
St. Martin (French part),MAF,Latin America & Caribbean,High income,2019,19033.06,80.08,34267
St. Martin (French part),MAF,Latin America & Caribbean,High income,2021,21668.38,80.21,29961
St. Vincent and the Grenadines,VCT,Latin America & Caribbean,Upper middle income,2000,3768.96,70.35,113545
St. Vincent and the Grenadines,VCT,Latin America & Caribbean,Upper middle income,2001,4071.09,70.38,113501
St. Vincent and the Grenadines,VCT,Latin America & Caribbean,Upper middle income,2002,4303.28,70.66,113347
St. Vincent and the Grenadines,VCT,Latin America & Caribbean,Upper middle income,2003,4499.61,70.43,113141
St. Vincent and the Grenadines,VCT,Latin America & Caribbean,Upper middle income,2004,4873.49,70.44,112835
St. Vincent and the Grenadines,VCT,Latin America & Caribbean,Upper middle income,2005,5157.39,70.45,112450
St. Vincent and the Grenadines,VCT,Latin America & Caribbean,Upper middle income,2006,5744.83,70.43,112014
St. Vincent and the Grenadines,VCT,Latin America & Caribbean,Upper middle income,2007,6398.19,70.45,111531
St. Vincent and the Grenadines,VCT,Latin America & Caribbean,Upper middle income,2008,6598.91,70.61,111028
St. Vincent and the Grenadines,VCT,Latin America & Caribbean,Upper middle income,2009,6463.79,70.71,110508
St. Vincent and the Grenadines,VCT,Latin America & Caribbean,Upper middle income,2010,6551.97,70.66,109959
St. Vincent and the Grenadines,VCT,Latin America & Caribbean,Upper middle income,2011,6527.69,70.61,109349
St. Vincent and the Grenadines,VCT,Latin America & Caribbean,Upper middle income,2012,6713.81,70.54,108736
St. Vincent and the Grenadines,VCT,Latin America & Caribbean,Upper middle income,2013,7072.47,70.09,108135
St. Vincent and the Grenadines,VCT,Latin America & Caribbean,Upper middle income,2014,7168.83,70.36,107535
St. Vincent and the Grenadines,VCT,Latin America & Caribbean,Upper middle income,2015,7353.74,70.46,106960
St. Vincent and the Grenadines,VCT,Latin America & Caribbean,Upper middle income,2016,7656.90,70.70,106349
St. Vincent and the Grenadines,VCT,Latin America & Caribbean,Upper middle income,2017,7988.04,71.01,105663
St. Vincent and the Grenadines,VCT,Latin America & Caribbean,Upper middle income,2018,8428.13,71.02,104926
St. Vincent and the Grenadines,VCT,Latin America & Caribbean,Upper middle income,2019,8740.59,70.99,104167
St. Vincent and the Grenadines,VCT,Latin America & Caribbean,Upper middle income,2020,8351.20,69.61,103526
St. Vincent and the Grenadines,VCT,Latin America & Caribbean,Upper middle income,2021,8641.28,69.13,102841
St. Vincent and the Grenadines,VCT,Latin America & Caribbean,Upper middle income,2022,9693.56,71.19,102046
St. Vincent and the Grenadines,VCT,Latin America & Caribbean,Upper middle income,2023,10582.37,71.23,101323
Sudan,SDN,Sub-Saharan Africa,Low income,2000,362.12,58.95,27816745
Sudan,SDN,Sub-Saharan Africa,Low income,2001,451.29,59.26,28516770
Sudan,SDN,Sub-Saharan Africa,Low income,2002,506.26,59.31,29228727
Sudan,SDN,Sub-Saharan Africa,Low income,2003,580.32,58.32,29896035
Sudan,SDN,Sub-Saharan Africa,Low income,2004,705.11,56.77,30556637
Sudan,SDN,Sub-Saharan Africa,Low income,2005,905.54,57.23,31262444
Sudan,SDN,Sub-Saharan Africa,Low income,2006,1132.47,60.40,31992435
Sudan,SDN,Sub-Saharan Africa,Low income,2007,1444.37,61.44,32764135
Sudan,SDN,Sub-Saharan Africa,Low income,2008,1527.58,61.26,33623980
Sudan,SDN,Sub-Saharan Africa,Low income,2009,1178.22,62.68,34569113
Sudan,SDN,Sub-Saharan Africa,Low income,2010,1305.64,62.98,35414399
Sudan,SDN,Sub-Saharan Africa,Low income,2011,1332.66,63.18,36140806
Sudan,SDN,Sub-Saharan Africa,Low income,2012,1019.22,63.43,36923178
Sudan,SDN,Sub-Saharan Africa,Low income,2013,1138.63,63.44,37785849
Sudan,SDN,Sub-Saharan Africa,Low income,2014,1275.44,63.99,38823318
Sudan,SDN,Sub-Saharan Africa,Low income,2015,1292.38,64.38,40024431
Sudan,SDN,Sub-Saharan Africa,Low income,2016,1033.22,64.68,41259892
Sudan,SDN,Sub-Saharan Africa,Low income,2017,966.51,65.15,42714306
Sudan,SDN,Sub-Saharan Africa,Low income,2018,731.03,65.50,44230596
Sudan,SDN,Sub-Saharan Africa,Low income,2019,709.98,65.80,45548175
Sudan,SDN,Sub-Saharan Africa,Low income,2020,577.80,65.12,46789231
Sudan,SDN,Sub-Saharan Africa,Low income,2021,712.12,64.46,48066924
Sudan,SDN,Sub-Saharan Africa,Low income,2022,1046.24,65.69,49383346
Sudan,SDN,Sub-Saharan Africa,Low income,2023,797.28,66.33,50042791
Suriname,SUR,Latin America & Caribbean,Upper middle income,2000,1988.22,64.41,476643
Suriname,SUR,Latin America & Caribbean,Upper middle income,2001,1714.65,64.82,486560
Suriname,SUR,Latin America & Caribbean,Upper middle income,2002,2202.34,65.27,496551
Suriname,SUR,Latin America & Caribbean,Upper middle income,2003,2516.10,65.78,506414
Suriname,SUR,Latin America & Caribbean,Upper middle income,2004,2887.77,66.36,513923
Suriname,SUR,Latin America & Caribbean,Upper middle income,2005,3453.43,67.00,519313
Suriname,SUR,Latin America & Caribbean,Upper middle income,2006,5002.66,67.64,524997
Suriname,SUR,Latin America & Caribbean,Upper middle income,2007,5530.18,68.31,531016
Suriname,SUR,Latin America & Caribbean,Upper middle income,2008,6576.09,68.87,537245
Suriname,SUR,Latin America & Caribbean,Upper middle income,2009,7129.58,69.32,543568
Suriname,SUR,Latin America & Caribbean,Upper middle income,2010,7943.60,69.63,549923
Suriname,SUR,Latin America & Caribbean,Upper middle income,2011,7949.89,69.82,556269
Suriname,SUR,Latin America & Caribbean,Upper middle income,2012,8851.24,69.96,562633
Suriname,SUR,Latin America & Caribbean,Upper middle income,2013,9043.19,70.11,569020
Suriname,SUR,Latin America & Caribbean,Upper middle income,2014,9108.19,70.33,575373
Suriname,SUR,Latin America & Caribbean,Upper middle income,2015,8813.62,70.57,581627
Suriname,SUR,Latin America & Caribbean,Upper middle income,2016,5644.21,70.98,587757
Suriname,SUR,Latin America & Caribbean,Upper middle income,2017,6049.52,71.25,593713
Suriname,SUR,Latin America & Caribbean,Upper middle income,2018,6665.74,71.47,599513
Suriname,SUR,Latin America & Caribbean,Upper middle income,2019,6629.67,71.77,605768
Suriname,SUR,Latin America & Caribbean,Upper middle income,2020,4755.39,72.32,612317
Suriname,SUR,Latin America & Caribbean,Upper middle income,2021,5029.85,68.94,617896
Suriname,SUR,Latin America & Caribbean,Upper middle income,2022,6084.44,73.25,623164
Suriname,SUR,Latin America & Caribbean,Upper middle income,2023,5521.98,73.63,628886
Sweden,SWE,Europe & Central Asia,High income,2000,29632.59,79.64,8872109
Sweden,SWE,Europe & Central Asia,High income,2001,27259.32,79.80,8895960
Sweden,SWE,Europe & Central Asia,High income,2002,29957.78,79.85,8924958
Sweden,SWE,Europe & Central Asia,High income,2003,37292.24,80.10,8958229
Sweden,SWE,Europe & Central Asia,High income,2004,42758.00,80.50,8993531
Sweden,SWE,Europe & Central Asia,High income,2005,43378.41,80.55,9029572
Sweden,SWE,Europe & Central Asia,High income,2006,46531.38,80.75,9080505
Sweden,SWE,Europe & Central Asia,High income,2007,53568.31,80.90,9148092
Sweden,SWE,Europe & Central Asia,High income,2008,55817.18,81.10,9219637
Sweden,SWE,Europe & Central Asia,High income,2009,46707.64,81.35,9298515
Sweden,SWE,Europe & Central Asia,High income,2010,52542.58,81.45,9378126
Sweden,SWE,Europe & Central Asia,High income,2011,60379.48,81.80,9449213
Sweden,SWE,Europe & Central Asia,High income,2012,57749.56,81.70,9519374
Sweden,SWE,Europe & Central Asia,High income,2013,60843.99,81.96,9600379
Sweden,SWE,Europe & Central Asia,High income,2014,59583.46,82.25,9696110
Sweden,SWE,Europe & Central Asia,High income,2015,51188.17,82.20,9799186
Sweden,SWE,Europe & Central Asia,High income,2016,51703.51,82.31,9923085
Sweden,SWE,Europe & Central Asia,High income,2017,53210.22,82.41,10057698
Sweden,SWE,Europe & Central Asia,High income,2018,54018.46,82.56,10175214
Sweden,SWE,Europe & Central Asia,High income,2019,51648.99,83.11,10278887
Sweden,SWE,Europe & Central Asia,High income,2020,52568.57,82.36,10353442
Sweden,SWE,Europe & Central Asia,High income,2021,60647.54,83.06,10415811
Sweden,SWE,Europe & Central Asia,High income,2022,54836.89,83.06,10486941
Sweden,SWE,Europe & Central Asia,High income,2023,54950.28,83.31,10536632
Switzerland,CHE,Europe & Central Asia,High income,2000,38865.02,79.68,7184250
Switzerland,CHE,Europe & Central Asia,High income,2001,39638.79,80.18,7229854
Switzerland,CHE,Europe & Central Asia,High income,2002,42458.74,80.39,7284753
Switzerland,CHE,Europe & Central Asia,High income,2003,49335.75,80.54,7339001
Switzerland,CHE,Europe & Central Asia,High income,2004,54659.46,81.09,7389625
Switzerland,CHE,Europe & Central Asia,High income,2005,56242.89,81.24,7437115
Switzerland,CHE,Europe & Central Asia,High income,2006,59011.03,81.49,7483934
Switzerland,CHE,Europe & Central Asia,High income,2007,64989.16,81.74,7551117
Switzerland,CHE,Europe & Central Asia,High income,2008,74175.19,81.99,7647675
Switzerland,CHE,Europe & Central Asia,High income,2009,71568.31,82.04,7743831
Switzerland,CHE,Europe & Central Asia,High income,2010,76531.37,82.25,7824909
Switzerland,CHE,Europe & Central Asia,High income,2011,90476.76,82.70,7912398
Switzerland,CHE,Europe & Central Asia,High income,2012,85836.21,82.70,7996861
Switzerland,CHE,Europe & Central Asia,High income,2013,87304.33,82.80,8089346
Switzerland,CHE,Europe & Central Asia,High income,2014,88724.99,83.20,8188649
Switzerland,CHE,Europe & Central Asia,High income,2015,83806.45,82.90,8282396
Switzerland,CHE,Europe & Central Asia,High income,2016,82153.07,83.60,8373338
Switzerland,CHE,Europe & Central Asia,High income,2017,82254.38,83.55,8451840
Switzerland,CHE,Europe & Central Asia,High income,2018,85217.37,83.75,8514329
Switzerland,CHE,Europe & Central Asia,High income,2019,84121.93,83.90,8575280
Switzerland,CHE,Europe & Central Asia,High income,2020,85897.78,83.00,8638167
Switzerland,CHE,Europe & Central Asia,High income,2021,93664.77,83.75,8704546
Switzerland,CHE,Europe & Central Asia,High income,2022,94394.51,83.60,8777088
Switzerland,CHE,Europe & Central Asia,High income,2023,100623.55,84.16,8888822
Syrian Arab Republic,SYR,Middle East & North Africa,Low income,2000,1138.19,70.86,16637888
Syrian Arab Republic,SYR,Middle East & North Africa,Low income,2001,1186.83,71.30,17051338
Syrian Arab Republic,SYR,Middle East & North Africa,Low income,2002,1183.25,71.74,17468332
Syrian Arab Republic,SYR,Middle East & North Africa,Low income,2003,1220.18,72.19,17889296
Syrian Arab Republic,SYR,Middle East & North Africa,Low income,2004,1368.11,72.49,18336875
Syrian Arab Republic,SYR,Middle East & North Africa,Low income,2005,1533.90,72.80,18814091
Syrian Arab Republic,SYR,Middle East & North Africa,Low income,2006,1718.78,73.04,19637022
Syrian Arab Republic,SYR,Middle East & North Africa,Low income,2007,1937.61,73.26,20884125
Syrian Arab Republic,SYR,Middle East & North Africa,Low income,2008,2429.12,73.37,21636564
Syrian Arab Republic,SYR,Middle East & North Africa,Low income,2009,2462.20,73.50,21976969
Syrian Arab Republic,SYR,Middle East & North Africa,Low income,2010,2730.61,73.54,22482421
Syrian Arab Republic,SYR,Middle East & North Africa,Low income,2011,2952.14,72.26,22878098
Syrian Arab Republic,SYR,Middle East & North Africa,Low income,2012,1897.66,66.21,22759763
Syrian Arab Republic,SYR,Middle East & North Africa,Low income,2013,985.89,65.15,21666917
Syrian Arab Republic,SYR,Middle East & North Africa,Low income,2014,1060.59,65.49,20273659
Syrian Arab Republic,SYR,Middle East & North Africa,Low income,2015,847.73,63.27,19424618
Syrian Arab Republic,SYR,Middle East & North Africa,Low income,2016,656.35,65.19,19193834
Syrian Arab Republic,SYR,Middle East & North Africa,Low income,2017,851.50,65.65,19224668
Syrian Arab Republic,SYR,Middle East & North Africa,Low income,2018,1098.07,67.37,19577845
Syrian Arab Republic,SYR,Middle East & North Africa,Low income,2019,1109.54,70.97,20353534
Syrian Arab Republic,SYR,Middle East & North Africa,Low income,2020,572.36,71.94,21049429
Syrian Arab Republic,SYR,Middle East & North Africa,Low income,2021,663.61,72.42,21628839
Syrian Arab Republic,SYR,Middle East & North Africa,Low income,2022,1051.67,72.79,22462173
São Tomé and Principe,STP,Sub-Saharan Africa,Lower middle income,2000,529.09,61.21,144018
São Tomé and Principe,STP,Sub-Saharan Africa,Lower middle income,2001,518.88,61.50,146375
São Tomé and Principe,STP,Sub-Saharan Africa,Lower middle income,2002,568.10,61.83,149922
São Tomé and Principe,STP,Sub-Saharan Africa,Lower middle income,2003,663.70,62.16,153814
São Tomé and Principe,STP,Sub-Saharan Africa,Lower middle income,2004,726.56,62.56,157705
São Tomé and Principe,STP,Sub-Saharan Africa,Lower middle income,2005,844.17,62.43,161639
São Tomé and Principe,STP,Sub-Saharan Africa,Lower middle income,2006,861.97,63.04,165638
São Tomé and Principe,STP,Sub-Saharan Africa,Lower middle income,2007,878.89,63.34,169700
São Tomé and Principe,STP,Sub-Saharan Africa,Lower middle income,2008,1081.87,63.45,173793
São Tomé and Principe,STP,Sub-Saharan Africa,Lower middle income,2009,1128.28,63.67,177853
São Tomé and Principe,STP,Sub-Saharan Africa,Lower middle income,2010,1045.21,63.87,181802
São Tomé and Principe,STP,Sub-Saharan Africa,Lower middle income,2011,1219.80,64.12,185649
São Tomé and Principe,STP,Sub-Saharan Africa,Lower middle income,2012,1192.02,64.50,189439
São Tomé and Principe,STP,Sub-Saharan Africa,Lower middle income,2013,1382.58,64.93,193148
São Tomé and Principe,STP,Sub-Saharan Africa,Lower middle income,2014,1489.68,65.48,196767
São Tomé and Principe,STP,Sub-Saharan Africa,Lower middle income,2015,1298.11,66.02,200291
São Tomé and Principe,STP,Sub-Saharan Africa,Lower middle income,2016,1434.87,66.56,203689
São Tomé and Principe,STP,Sub-Saharan Africa,Lower middle income,2017,1555.79,67.07,206970
São Tomé and Principe,STP,Sub-Saharan Africa,Lower middle income,2018,1825.60,67.60,210187
São Tomé and Principe,STP,Sub-Saharan Africa,Lower middle income,2019,1935.29,68.04,213392
São Tomé and Principe,STP,Sub-Saharan Africa,Lower middle income,2020,2167.22,67.98,217435
São Tomé and Principe,STP,Sub-Saharan Africa,Lower middle income,2021,2362.59,68.03,221961
São Tomé and Principe,STP,Sub-Saharan Africa,Lower middle income,2022,2389.74,69.24,226305
São Tomé and Principe,STP,Sub-Saharan Africa,Lower middle income,2023,2990.66,69.72,230871
Tajikistan,TJK,Europe & Central Asia,Lower middle income,2000,136.93,63.54,6284735
Tajikistan,TJK,Europe & Central Asia,Lower middle income,2001,168.68,64.20,6407377
Tajikistan,TJK,Europe & Central Asia,Lower middle income,2002,186.95,64.90,6531669
Tajikistan,TJK,Europe & Central Asia,Lower middle income,2003,233.58,65.87,6658575
Tajikistan,TJK,Europe & Central Asia,Lower middle income,2004,305.75,66.60,6790547
Tajikistan,TJK,Europe & Central Asia,Lower middle income,2005,333.93,66.53,6924720
Tajikistan,TJK,Europe & Central Asia,Lower middle income,2006,401.02,67.00,7057566
Tajikistan,TJK,Europe & Central Asia,Lower middle income,2007,517.00,67.41,7194477
Tajikistan,TJK,Europe & Central Asia,Lower middle income,2008,703.33,67.92,7338403
Tajikistan,TJK,Europe & Central Asia,Lower middle income,2009,664.80,68.25,7490230
Tajikistan,TJK,Europe & Central Asia,Lower middle income,2010,737.34,68.37,7652141
Tajikistan,TJK,Europe & Central Asia,Lower middle income,2011,833.60,68.70,7824785
Tajikistan,TJK,Europe & Central Asia,Lower middle income,2012,952.45,69.13,8014084
Tajikistan,TJK,Europe & Central Asia,Lower middle income,2013,1028.20,69.58,8216724
Tajikistan,TJK,Europe & Central Asia,Lower middle income,2014,1081.54,69.70,8425552
Tajikistan,TJK,Europe & Central Asia,Lower middle income,2015,956.92,69.67,8643840
Tajikistan,TJK,Europe & Central Asia,Lower middle income,2016,788.71,69.98,8865631
Tajikistan,TJK,Europe & Central Asia,Lower middle income,2017,829.46,70.52,9085946
Tajikistan,TJK,Europe & Central Asia,Lower middle income,2018,834.29,70.74,9307333
Tajikistan,TJK,Europe & Central Asia,Lower middle income,2019,871.02,70.96,9529966
Tajikistan,TJK,Europe & Central Asia,Lower middle income,2020,834.31,68.61,9749310
Tajikistan,TJK,Europe & Central Asia,Lower middle income,2021,896.75,69.59,9966908
Tajikistan,TJK,Europe & Central Asia,Lower middle income,2022,1052.18,71.56,10182222
Tajikistan,TJK,Europe & Central Asia,Lower middle income,2023,1178.48,71.79,10389799
Tanzania,TZA,Sub-Saharan Africa,Lower middle income,2000,401.70,53.24,34260139
Tanzania,TZA,Sub-Saharan Africa,Lower middle income,2001,396.64,54.12,35198299
Tanzania,TZA,Sub-Saharan Africa,Lower middle income,2002,402.65,54.94,36121304
Tanzania,TZA,Sub-Saharan Africa,Lower middle income,2003,422.18,55.93,37089555
Tanzania,TZA,Sub-Saharan Africa,Lower middle income,2004,450.39,56.84,38109668
Tanzania,TZA,Sub-Saharan Africa,Lower middle income,2005,483.33,57.67,39182076
Tanzania,TZA,Sub-Saharan Africa,Lower middle income,2006,475.75,58.51,40294902
Tanzania,TZA,Sub-Saharan Africa,Lower middle income,2007,543.20,59.26,41435512
Tanzania,TZA,Sub-Saharan Africa,Lower middle income,2008,675.98,59.90,42570728
Tanzania,TZA,Sub-Saharan Africa,Lower middle income,2009,693.82,60.49,43633982
Tanzania,TZA,Sub-Saharan Africa,Lower middle income,2010,736.53,61.13,44758488
Tanzania,TZA,Sub-Saharan Africa,Lower middle income,2011,775.39,61.62,46029367
Tanzania,TZA,Sub-Saharan Africa,Lower middle income,2012,861.97,62.29,47374260
Tanzania,TZA,Sub-Saharan Africa,Lower middle income,2013,963.06,62.79,48824128
Tanzania,TZA,Sub-Saharan Africa,Lower middle income,2014,1022.75,63.36,50351512
Tanzania,TZA,Sub-Saharan Africa,Lower middle income,2015,939.13,63.93,52020962
Tanzania,TZA,Sub-Saharan Africa,Lower middle income,2016,953.01,64.40,53824013
Tanzania,TZA,Sub-Saharan Africa,Lower middle income,2017,986.67,64.96,55652890
Tanzania,TZA,Sub-Saharan Africa,Lower middle income,2018,1023.11,65.49,57437145
Tanzania,TZA,Sub-Saharan Africa,Lower middle income,2019,1063.32,66.01,59174891
Tanzania,TZA,Sub-Saharan Africa,Lower middle income,2020,1117.42,66.77,60972798
Tanzania,TZA,Sub-Saharan Africa,Lower middle income,2021,1159.86,66.13,62830412
Tanzania,TZA,Sub-Saharan Africa,Lower middle income,2022,1207.52,66.88,64711821
Tanzania,TZA,Sub-Saharan Africa,Lower middle income,2023,1224.00,67.00,66617606
Thailand,THA,East Asia & Pacific,Upper middle income,2000,2005.98,71.20,63007815
Thailand,THA,East Asia & Pacific,Upper middle income,2001,1889.93,71.52,63651141
Thailand,THA,East Asia & Pacific,Upper middle income,2002,2089.75,71.78,64266437
Thailand,THA,East Asia & Pacific,Upper middle income,2003,2347.54,72.10,64868166
Thailand,THA,East Asia & Pacific,Upper middle income,2004,2641.56,72.10,65452047
Thailand,THA,East Asia & Pacific,Upper middle income,2005,2867.70,72.89,66017420
Thailand,THA,East Asia & Pacific,Upper middle income,2006,3331.32,73.34,66567687
Thailand,THA,East Asia & Pacific,Upper middle income,2007,3918.53,73.78,67102394
Thailand,THA,East Asia & Pacific,Upper middle income,2008,4309.14,74.22,67619830
Thailand,THA,East Asia & Pacific,Upper middle income,2009,4135.44,74.67,68121080
Thailand,THA,East Asia & Pacific,Upper middle income,2010,4973.86,75.01,68579447
Thailand,THA,East Asia & Pacific,Upper middle income,2011,5373.62,75.30,69007208
Thailand,THA,East Asia & Pacific,Upper middle income,2012,5725.53,75.59,69436098
Thailand,THA,East Asia & Pacific,Upper middle income,2013,6018.08,75.96,69845114
Thailand,THA,East Asia & Pacific,Upper middle income,2014,5801.20,76.28,70216367
Thailand,THA,East Asia & Pacific,Upper middle income,2015,5688.85,76.56,70540795
Thailand,THA,East Asia & Pacific,Upper middle income,2016,5833.58,76.77,70859841
Thailand,THA,East Asia & Pacific,Upper middle income,2017,6413.09,76.99,71160187
Thailand,THA,East Asia & Pacific,Upper middle income,2018,7099.78,77.19,71376079
Thailand,THA,East Asia & Pacific,Upper middle income,2019,7605.70,77.20,71522271
Thailand,THA,East Asia & Pacific,Upper middle income,2020,6985.64,77.33,71641484
Thailand,THA,East Asia & Pacific,Upper middle income,2021,7057.21,77.61,71727332
Thailand,THA,East Asia & Pacific,Upper middle income,2022,6909.35,75.29,71735329
Thailand,THA,East Asia & Pacific,Upper middle income,2023,7195.10,76.41,71702435
Timor-Leste,TLS,East Asia & Pacific,Lower middle income,2000,492.46,58.10,745088
Timor-Leste,TLS,East Asia & Pacific,Lower middle income,2001,587.70,58.77,812249
Timor-Leste,TLS,East Asia & Pacific,Lower middle income,2002,533.98,59.48,879159
Timor-Leste,TLS,East Asia & Pacific,Lower middle income,2003,534.90,60.13,916878
Timor-Leste,TLS,East Asia & Pacific,Lower middle income,2004,474.42,60.74,929074
Timor-Leste,TLS,East Asia & Pacific,Lower middle income,2005,487.46,61.27,948311
Timor-Leste,TLS,East Asia & Pacific,Lower middle income,2006,464.67,61.88,976597
Timor-Leste,TLS,East Asia & Pacific,Lower middle income,2007,540.15,62.40,1004889
Timor-Leste,TLS,East Asia & Pacific,Lower middle income,2008,628.15,62.86,1032429
Timor-Leste,TLS,East Asia & Pacific,Lower middle income,2009,686.58,63.27,1058782
Timor-Leste,TLS,East Asia & Pacific,Lower middle income,2010,813.06,63.66,1084679
Timor-Leste,TLS,East Asia & Pacific,Lower middle income,2011,939.05,64.02,1110207
Timor-Leste,TLS,East Asia & Pacific,Lower middle income,2012,1022.62,64.38,1134885
Timor-Leste,TLS,East Asia & Pacific,Lower middle income,2013,1204.57,64.72,1158695
Timor-Leste,TLS,East Asia & Pacific,Lower middle income,2014,1224.75,65.03,1181903
Timor-Leste,TLS,East Asia & Pacific,Lower middle income,2015,1319.59,65.33,1205131
Timor-Leste,TLS,East Asia & Pacific,Lower middle income,2016,1335.54,65.61,1228312
Timor-Leste,TLS,East Asia & Pacific,Lower middle income,2017,1266.18,65.90,1251703
Timor-Leste,TLS,East Asia & Pacific,Lower middle income,2018,1219.47,66.20,1275959
Timor-Leste,TLS,East Asia & Pacific,Lower middle income,2019,1562.36,66.50,1300945
Timor-Leste,TLS,East Asia & Pacific,Lower middle income,2020,1630.87,66.92,1326053
Timor-Leste,TLS,East Asia & Pacific,Lower middle income,2021,2684.93,66.20,1350139
Timor-Leste,TLS,East Asia & Pacific,Lower middle income,2022,2343.25,67.37,1369295
Timor-Leste,TLS,East Asia & Pacific,Lower middle income,2023,1502.41,67.69,1384286
Togo,TGO,Sub-Saharan Africa,Low income,2000,409.89,54.59,5140037
Togo,TGO,Sub-Saharan Africa,Low income,2001,396.69,54.76,5277382
Togo,TGO,Sub-Saharan Africa,Low income,2002,445.24,55.04,5413274
Togo,TGO,Sub-Saharan Africa,Low income,2003,538.17,55.31,5552167
Togo,TGO,Sub-Saharan Africa,Low income,2004,560.27,55.61,5696508
Togo,TGO,Sub-Saharan Africa,Low income,2005,551.26,55.93,5844631
Togo,TGO,Sub-Saharan Africa,Low income,2006,552.50,56.15,6010668
Togo,TGO,Sub-Saharan Africa,Low income,2007,607.59,56.40,6188344
Togo,TGO,Sub-Saharan Africa,Low income,2008,718.95,56.66,6368812
Togo,TGO,Sub-Saharan Africa,Low income,2009,720.69,56.94,6551865
Togo,TGO,Sub-Saharan Africa,Low income,2010,704.99,57.24,6732590
Togo,TGO,Sub-Saharan Africa,Low income,2011,783.99,57.62,6916474
Togo,TGO,Sub-Saharan Africa,Low income,2012,762.39,57.95,7100736
Togo,TGO,Sub-Saharan Africa,Low income,2013,826.54,58.36,7285442
Togo,TGO,Sub-Saharan Africa,Low income,2014,855.58,58.78,7472450
Togo,TGO,Sub-Saharan Africa,Low income,2015,751.05,59.23,7663195
Togo,TGO,Sub-Saharan Africa,Low income,2016,772.58,59.68,7858289
Togo,TGO,Sub-Saharan Africa,Low income,2017,792.77,60.15,8057140
Togo,TGO,Sub-Saharan Africa,Low income,2018,851.12,60.61,8258778
Togo,TGO,Sub-Saharan Africa,Low income,2019,826.26,61.06,8463068
Togo,TGO,Sub-Saharan Africa,Low income,2020,863.47,61.14,8669720
Togo,TGO,Sub-Saharan Africa,Low income,2021,962.08,61.34,8878379
Togo,TGO,Sub-Saharan Africa,Low income,2022,951.23,62.29,9089738
Togo,TGO,Sub-Saharan Africa,Low income,2023,1055.02,62.74,9304337
Tonga,TON,East Asia & Pacific,Upper middle income,2000,1995.08,69.64,102677
Tonga,TON,East Asia & Pacific,Upper middle income,2001,1753.52,69.80,103288
Tonga,TON,East Asia & Pacific,Upper middle income,2002,1759.48,70.03,103874
Tonga,TON,East Asia & Pacific,Upper middle income,2003,1936.04,70.23,104464
Tonga,TON,East Asia & Pacific,Upper middle income,2004,2195.45,70.43,105071
Tonga,TON,East Asia & Pacific,Upper middle income,2005,2477.73,70.56,105671
Tonga,TON,East Asia & Pacific,Upper middle income,2006,2750.35,70.71,106253
Tonga,TON,East Asia & Pacific,Upper middle income,2007,2797.07,70.89,106726
Tonga,TON,East Asia & Pacific,Upper middle income,2008,3218.45,71.04,107020
Tonga,TON,East Asia & Pacific,Upper middle income,2009,2914.24,70.95,107203
Tonga,TON,East Asia & Pacific,Upper middle income,2010,3416.08,71.32,107400
Tonga,TON,East Asia & Pacific,Upper middle income,2011,3849.99,71.44,107570
Tonga,TON,East Asia & Pacific,Upper middle income,2012,4384.17,71.55,107460
Tonga,TON,East Asia & Pacific,Upper middle income,2013,4219.25,71.65,107078
Tonga,TON,East Asia & Pacific,Upper middle income,2014,4136.59,71.72,106609
Tonga,TON,East Asia & Pacific,Upper middle income,2015,4123.90,71.85,106095
Tonga,TON,East Asia & Pacific,Upper middle income,2016,3987.99,71.95,105524
Tonga,TON,East Asia & Pacific,Upper middle income,2017,4365.93,72.07,105356
Tonga,TON,East Asia & Pacific,Upper middle income,2018,4675.05,72.17,105567
Tonga,TON,East Asia & Pacific,Upper middle income,2019,4788.83,72.29,105669
Tonga,TON,East Asia & Pacific,Upper middle income,2020,4792.36,72.38,105704
Tonga,TON,East Asia & Pacific,Upper middle income,2021,4922.80,72.13,105490
Tonga,TON,East Asia & Pacific,Upper middle income,2022,5298.02,72.64,105042
Tonga,TON,East Asia & Pacific,Upper middle income,2023,5651.59,72.89,104597
Trinidad and Tobago,TTO,Latin America & Caribbean,High income,2000,6178.59,68.63,1319774
Trinidad and Tobago,TTO,Latin America & Caribbean,High income,2001,6657.41,68.87,1325567
Trinidad and Tobago,TTO,Latin America & Caribbean,High income,2002,6762.93,69.23,1332011
Trinidad and Tobago,TTO,Latin America & Caribbean,High income,2003,8445.05,69.45,1338709
Trinidad and Tobago,TTO,Latin America & Caribbean,High income,2004,9871.03,69.88,1345380
Trinidad and Tobago,TTO,Latin America & Caribbean,High income,2005,12346.44,70.19,1294494
Trinidad and Tobago,TTO,Latin America & Caribbean,High income,2006,14152.66,70.44,1297944
Trinidad and Tobago,TTO,Latin America & Caribbean,High income,2007,16606.68,70.80,1303188
Trinidad and Tobago,TTO,Latin America & Caribbean,High income,2008,21298.99,71.12,1308587
Trinidad and Tobago,TTO,Latin America & Caribbean,High income,2009,14634.06,71.40,1310106
Trinidad and Tobago,TTO,Latin America & Caribbean,High income,2010,16815.42,71.81,1317714
Trinidad and Tobago,TTO,Latin America & Caribbean,High income,2011,19151.09,72.23,1328019
Trinidad and Tobago,TTO,Latin America & Caribbean,High income,2012,20332.14,72.51,1335194
Trinidad and Tobago,TTO,Latin America & Caribbean,High income,2013,21304.98,72.78,1340557
Trinidad and Tobago,TTO,Latin America & Caribbean,High income,2014,21908.30,72.90,1345343
Trinidad and Tobago,TTO,Latin America & Caribbean,High income,2015,19887.23,72.88,1349667
Trinidad and Tobago,TTO,Latin America & Caribbean,High income,2016,17449.15,72.94,1353895
Trinidad and Tobago,TTO,Latin America & Caribbean,High income,2017,17566.10,72.98,1356633
Trinidad and Tobago,TTO,Latin America & Caribbean,High income,2018,17571.50,72.66,1359193
Trinidad and Tobago,TTO,Latin America & Caribbean,High income,2019,17212.61,72.84,1363985
Trinidad and Tobago,TTO,Latin America & Caribbean,High income,2020,15283.63,72.64,1366725
Trinidad and Tobago,TTO,Latin America & Caribbean,High income,2021,17712.57,71.11,1367558
Trinidad and Tobago,TTO,Latin America & Caribbean,High income,2022,20750.52,73.33,1365805
Trinidad and Tobago,TTO,Latin America & Caribbean,High income,2023,18308.45,73.49,1367510
Tunisia,TUN,Middle East & North Africa,Lower middle income,2000,2199.04,72.60,9764935
Tunisia,TUN,Middle East & North Africa,Lower middle income,2001,2235.72,72.82,9869677
Tunisia,TUN,Middle East & North Africa,Lower middle income,2002,2320.77,73.07,9971515
Tunisia,TUN,Middle East & North Africa,Lower middle income,2003,2725.86,73.30,10071632
Tunisia,TUN,Middle East & North Africa,Lower middle income,2004,3067.42,73.52,10166163
Tunisia,TUN,Middle East & North Africa,Lower middle income,2005,3146.83,73.71,10255472
Tunisia,TUN,Middle East & North Africa,Lower middle income,2006,3322.57,73.89,10346410
Tunisia,TUN,Middle East & North Africa,Lower middle income,2007,3726.92,74.04,10441702
Tunisia,TUN,Middle East & North Africa,Lower middle income,2008,4255.05,74.19,10542635
Tunisia,TUN,Middle East & North Africa,Lower middle income,2009,4080.09,74.32,10650681
Tunisia,TUN,Middle East & North Africa,Lower middle income,2010,4291.86,74.44,10765980
Tunisia,TUN,Middle East & North Africa,Lower middle income,2011,4420.65,74.47,10886035
Tunisia,TUN,Middle East & North Africa,Lower middle income,2012,4297.27,74.60,11009647
Tunisia,TUN,Middle East & North Africa,Lower middle income,2013,4369.79,74.67,11141361
Tunisia,TUN,Middle East & North Africa,Lower middle income,2014,4458.98,74.78,11274288
Tunisia,TUN,Middle East & North Africa,Lower middle income,2015,4014.95,74.88,11402264
Tunisia,TUN,Middle East & North Africa,Lower middle income,2016,3847.80,75.01,11528674
Tunisia,TUN,Middle East & North Africa,Lower middle income,2017,3619.03,75.18,11650498
Tunisia,TUN,Middle East & North Africa,Lower middle income,2018,3628.10,75.37,11765514
Tunisia,TUN,Middle East & North Africa,Lower middle income,2019,3528.87,75.60,11875081
Tunisia,TUN,Middle East & North Africa,Lower middle income,2020,3548.65,75.00,11974057
Tunisia,TUN,Middle East & North Africa,Lower middle income,2021,3906.94,72.89,12048622
Tunisia,TUN,Middle East & North Africa,Lower middle income,2022,3707.29,76.05,12119334
Tunisia,TUN,Middle East & North Africa,Lower middle income,2023,3951.12,76.51,12200431
Turkmenistan,TKM,Europe & Central Asia,Upper middle income,2000,633.84,64.93,4582677
Turkmenistan,TKM,Europe & Central Asia,Upper middle income,2001,756.03,65.33,4675409
Turkmenistan,TKM,Europe & Central Asia,Upper middle income,2002,935.54,65.59,4769465
Turkmenistan,TKM,Europe & Central Asia,Upper middle income,2003,1228.95,65.85,4863865
Turkmenistan,TKM,Europe & Central Asia,Upper middle income,2004,1379.23,66.06,4958093
Turkmenistan,TKM,Europe & Central Asia,Upper middle income,2005,1604.02,66.28,5052257
Turkmenistan,TKM,Europe & Central Asia,Upper middle income,2006,1996.59,66.57,5147105
Turkmenistan,TKM,Europe & Central Asia,Upper middle income,2007,2414.96,67.02,5244046
Turkmenistan,TKM,Europe & Central Asia,Upper middle income,2008,3605.50,67.58,5345029
Turkmenistan,TKM,Europe & Central Asia,Upper middle income,2009,3707.98,68.16,5451592
Turkmenistan,TKM,Europe & Central Asia,Upper middle income,2010,4058.54,68.61,5564356
Turkmenistan,TKM,Europe & Central Asia,Upper middle income,2011,5143.62,68.87,5683417
Turkmenistan,TKM,Europe & Central Asia,Upper middle income,2012,6053.87,68.96,5808546
Turkmenistan,TKM,Europe & Central Asia,Upper middle income,2013,6599.65,68.97,5939341
Turkmenistan,TKM,Europe & Central Asia,Upper middle income,2014,7164.15,69.00,6075283
Turkmenistan,TKM,Europe & Central Asia,Upper middle income,2015,5759.50,69.06,6215770
Turkmenistan,TKM,Europe & Central Asia,Upper middle income,2016,5686.98,69.14,6360041
Turkmenistan,TKM,Europe & Central Asia,Upper middle income,2017,5828.48,69.19,6507061
Turkmenistan,TKM,Europe & Central Asia,Upper middle income,2018,6125.05,69.27,6655524
Turkmenistan,TKM,Europe & Central Asia,Upper middle income,2019,5998.00,69.41,6803944
Turkmenistan,TKM,Europe & Central Asia,Upper middle income,2020,5972.72,68.85,6949912
Turkmenistan,TKM,Europe & Central Asia,Upper middle income,2021,5723.30,69.35,7092043
Turkmenistan,TKM,Europe & Central Asia,Upper middle income,2022,5837.84,69.91,7230193
Turkmenistan,TKM,Europe & Central Asia,Upper middle income,2023,6231.91,70.07,7364438
Turks and Caicos Islands,TCA,Latin America & Caribbean,High income,2001,18325.75,74.41,19576
Turks and Caicos Islands,TCA,Latin America & Caribbean,High income,2002,17803.95,74.84,20597
Turks and Caicos Islands,TCA,Latin America & Caribbean,High income,2003,18859.19,75.26,21727
Turks and Caicos Islands,TCA,Latin America & Caribbean,High income,2004,21246.01,75.63,22856
Turks and Caicos Islands,TCA,Latin America & Caribbean,High income,2005,24122.30,75.95,23988
Turks and Caicos Islands,TCA,Latin America & Caribbean,High income,2006,28734.29,76.20,25123
Turks and Caicos Islands,TCA,Latin America & Caribbean,High income,2007,29443.85,76.43,26270
Turks and Caicos Islands,TCA,Latin America & Caribbean,High income,2008,31453.82,76.08,27427
Turks and Caicos Islands,TCA,Latin America & Caribbean,High income,2009,24596.89,76.67,28588
Turks and Caicos Islands,TCA,Latin America & Caribbean,High income,2010,23093.85,76.78,29739
Turks and Caicos Islands,TCA,Latin America & Caribbean,High income,2011,27327.40,76.87,30846
Turks and Caicos Islands,TCA,Latin America & Caribbean,High income,2012,25923.62,76.97,32127
Turks and Caicos Islands,TCA,Latin America & Caribbean,High income,2013,25653.82,77.10,33653
Turks and Caicos Islands,TCA,Latin America & Caribbean,High income,2014,27292.58,77.21,35050
Turks and Caicos Islands,TCA,Latin America & Caribbean,High income,2015,29457.01,77.32,36605
Turks and Caicos Islands,TCA,Latin America & Caribbean,High income,2016,31373.56,77.44,38315
Turks and Caicos Islands,TCA,Latin America & Caribbean,High income,2017,30014.23,77.50,39913
Turks and Caicos Islands,TCA,Latin America & Caribbean,High income,2018,31625.62,77.60,41559
Turks and Caicos Islands,TCA,Latin America & Caribbean,High income,2019,31780.52,77.69,43166
Turks and Caicos Islands,TCA,Latin America & Caribbean,High income,2020,20690.92,77.50,44386
Turks and Caicos Islands,TCA,Latin America & Caribbean,High income,2021,27329.29,77.23,45243
Turks and Caicos Islands,TCA,Latin America & Caribbean,High income,2022,31280.54,77.92,45847
Turks and Caicos Islands,TCA,Latin America & Caribbean,High income,2023,35470.22,78.01,46198
Tuvalu,TUV,East Asia & Pacific,Upper middle income,2000,1579.42,63.54,9544
Tuvalu,TUV,East Asia & Pacific,Upper middle income,2001,1456.78,63.71,9586
Tuvalu,TUV,East Asia & Pacific,Upper middle income,2002,1750.25,63.83,9623
Tuvalu,TUV,East Asia & Pacific,Upper middle income,2003,2006.84,63.90,9695
Tuvalu,TUV,East Asia & Pacific,Upper middle income,2004,2322.56,63.99,9816
Tuvalu,TUV,East Asia & Pacific,Upper middle income,2005,2304.83,64.10,9940
Tuvalu,TUV,East Asia & Pacific,Upper middle income,2006,2396.27,64.25,10056
Tuvalu,TUV,East Asia & Pacific,Upper middle income,2007,2794.16,64.40,10182
Tuvalu,TUV,East Asia & Pacific,Upper middle income,2008,3088.31,64.52,10321
Tuvalu,TUV,East Asia & Pacific,Upper middle income,2009,2683.97,64.69,10461
Tuvalu,TUV,East Asia & Pacific,Upper middle income,2010,3024.82,64.83,10614
Tuvalu,TUV,East Asia & Pacific,Upper middle income,2011,3636.08,64.96,10780
Tuvalu,TUV,East Asia & Pacific,Upper middle income,2012,3598.46,65.08,10934
Tuvalu,TUV,East Asia & Pacific,Upper middle income,2013,3510.22,65.17,11001
Tuvalu,TUV,East Asia & Pacific,Upper middle income,2014,3528.86,65.28,10984
Tuvalu,TUV,East Asia & Pacific,Upper middle income,2015,3357.83,65.36,10963
Tuvalu,TUV,East Asia & Pacific,Upper middle income,2016,3808.70,65.51,10930
Tuvalu,TUV,East Asia & Pacific,Upper middle income,2017,4165.66,65.68,10869
Tuvalu,TUV,East Asia & Pacific,Upper middle income,2018,4466.12,65.87,10751
Tuvalu,TUV,East Asia & Pacific,Upper middle income,2019,5115.13,66.11,10581
Tuvalu,TUV,East Asia & Pacific,Upper middle income,2020,4976.11,66.36,10399
Tuvalu,TUV,East Asia & Pacific,Upper middle income,2021,5905.08,65.82,10194
Tuvalu,TUV,East Asia & Pacific,Upper middle income,2022,5911.33,66.85,9992
Tuvalu,TUV,East Asia & Pacific,Upper middle income,2023,6344.78,67.11,9816
Türkiye,TUR,Europe & Central Asia,Upper middle income,2000,4199.38,71.93,65425961
Türkiye,TUR,Europe & Central Asia,Upper middle income,2001,3052.23,72.27,66245128
Türkiye,TUR,Europe & Central Asia,Upper middle income,2002,3591.09,72.61,67048795
Türkiye,TUR,Europe & Central Asia,Upper middle income,2003,4649.64,72.91,67831730
Türkiye,TUR,Europe & Central Asia,Upper middle income,2004,5979.61,73.22,68592617
Türkiye,TUR,Europe & Central Asia,Upper middle income,2005,7331.85,73.51,69329557
Türkiye,TUR,Europe & Central Asia,Upper middle income,2006,7990.08,73.80,70045349
Türkiye,TUR,Europe & Central Asia,Upper middle income,2007,9766.92,74.13,70158112
Türkiye,TUR,Europe & Central Asia,Upper middle income,2008,10913.41,74.38,71051678
Türkiye,TUR,Europe & Central Asia,Upper middle income,2009,9076.92,74.68,72039206
Türkiye,TUR,Europe & Central Asia,Upper middle income,2010,10698.97,74.96,73142150
Türkiye,TUR,Europe & Central Asia,Upper middle income,2011,11373.64,74.82,74223629
Türkiye,TUR,Europe & Central Asia,Upper middle income,2012,11776.76,75.55,75175827
Türkiye,TUR,Europe & Central Asia,Upper middle income,2013,12635.56,76.17,76147624
Türkiye,TUR,Europe & Central Asia,Upper middle income,2014,12209.39,76.45,77181884
Türkiye,TUR,Europe & Central Asia,Upper middle income,2015,11064.65,76.54,78218479
Türkiye,TUR,Europe & Central Asia,Upper middle income,2016,10984.36,76.59,79277962
Türkiye,TUR,Europe & Central Asia,Upper middle income,2017,10756.39,77.04,80312698
Türkiye,TUR,Europe & Central Asia,Upper middle income,2018,9684.12,77.45,81407204
Türkiye,TUR,Europe & Central Asia,Upper middle income,2019,9395.23,77.74,82579440
Türkiye,TUR,Europe & Central Asia,Upper middle income,2020,8798.12,76.53,83384680
Türkiye,TUR,Europe & Central Asia,Upper middle income,2021,9981.76,75.72,84147318
Türkiye,TUR,Europe & Central Asia,Upper middle income,2022,10897.84,77.59,84979913
Türkiye,TUR,Europe & Central Asia,Upper middle income,2023,13375.09,77.16,85325965
Uganda,UGA,Sub-Saharan Africa,Low income,2000,258.05,49.64,24000150
Uganda,UGA,Sub-Saharan Africa,Low income,2001,236.02,50.58,24745676
Uganda,UGA,Sub-Saharan Africa,Low income,2002,241.98,51.44,25532870
Uganda,UGA,Sub-Saharan Africa,Low income,2003,250.72,52.41,26352124
Uganda,UGA,Sub-Saharan Africa,Low income,2004,292.38,53.70,27154515
Uganda,UGA,Sub-Saharan Africa,Low income,2005,330.41,54.93,27963289
Uganda,UGA,Sub-Saharan Africa,Low income,2006,346.52,56.12,28794003
Uganda,UGA,Sub-Saharan Africa,Low income,2007,401.39,57.25,29653430
Uganda,UGA,Sub-Saharan Africa,Low income,2008,472.84,58.25,30539553
Uganda,UGA,Sub-Saharan Africa,Low income,2009,798.95,59.16,31451151
Uganda,UGA,Sub-Saharan Africa,Low income,2010,823.49,59.96,32390802
Uganda,UGA,Sub-Saharan Africa,Low income,2011,835.62,60.79,33354543
Uganda,UGA,Sub-Saharan Africa,Low income,2012,795.22,61.58,34337438
Uganda,UGA,Sub-Saharan Africa,Low income,2013,818.29,62.35,35337042
Uganda,UGA,Sub-Saharan Africa,Low income,2014,896.05,63.06,36395539
Uganda,UGA,Sub-Saharan Africa,Low income,2015,862.93,63.83,37531446
Uganda,UGA,Sub-Saharan Africa,Low income,2016,752.70,64.49,38799152
Uganda,UGA,Sub-Saharan Africa,Low income,2017,765.22,65.17,40177388
Uganda,UGA,Sub-Saharan Africa,Low income,2018,792.17,65.78,41565831
Uganda,UGA,Sub-Saharan Africa,Low income,2019,822.17,66.35,42999637
Uganda,UGA,Sub-Saharan Africa,Low income,2020,845.77,66.41,44457152
Uganda,UGA,Sub-Saharan Africa,Low income,2021,882.79,66.45,45910930
Uganda,UGA,Sub-Saharan Africa,Low income,2022,963.07,67.67,47312719
Uganda,UGA,Sub-Saharan Africa,Low income,2023,1002.31,68.25,48656601
Ukraine,UKR,Europe & Central Asia,Upper middle income,2000,653.29,67.79,49556660
Ukraine,UKR,Europe & Central Asia,Upper middle income,2001,800.49,67.67,49106855
Ukraine,UKR,Europe & Central Asia,Upper middle income,2002,903.01,67.70,48677281
Ukraine,UKR,Europe & Central Asia,Upper middle income,2003,1076.48,67.64,48315136
Ukraine,UKR,Europe & Central Asia,Upper middle income,2004,1401.02,67.47,47979507
Ukraine,UKR,Europe & Central Asia,Upper middle income,2005,1875.34,67.52,47585556
Ukraine,UKR,Europe & Central Asia,Upper middle income,2006,2366.49,67.49,47278694
Ukraine,UKR,Europe & Central Asia,Upper middle income,2007,3160.33,67.72,47062798
Ukraine,UKR,Europe & Central Asia,Upper middle income,2008,4017.81,68.26,46819175
Ukraine,UKR,Europe & Central Asia,Upper middle income,2009,2607.09,69.16,46623731
Ukraine,UKR,Europe & Central Asia,Upper middle income,2010,3039.63,70.19,46456003
Ukraine,UKR,Europe & Central Asia,Upper middle income,2011,3656.70,70.71,46307853
Ukraine,UKR,Europe & Central Asia,Upper middle income,2012,3951.34,71.09,46210056
Ukraine,UKR,Europe & Central Asia,Upper middle income,2013,4129.90,71.47,46126770
Ukraine,UKR,Europe & Central Asia,Upper middle income,2014,3054.91,71.80,45972380
Ukraine,UKR,Europe & Central Asia,Upper middle income,2015,2094.47,72.69,45784896
Ukraine,UKR,Europe & Central Asia,Upper middle income,2016,2158.46,73.39,45616832
Ukraine,UKR,Europe & Central Asia,Upper middle income,2017,2604.29,73.99,45436041
Ukraine,UKR,Europe & Central Asia,Upper middle income,2018,3059.05,73.57,45208907
Ukraine,UKR,Europe & Central Asia,Upper middle income,2019,3619.86,73.92,44957458
Ukraine,UKR,Europe & Central Asia,Upper middle income,2020,3709.77,73.28,44680014
Ukraine,UKR,Europe & Central Asia,Upper middle income,2021,4775.95,71.63,44298640
Ukraine,UKR,Europe & Central Asia,Upper middle income,2022,4199.67,72.66,41048766
Ukraine,UKR,Europe & Central Asia,Upper middle income,2023,5139.60,73.42,37732836
United Arab Emirates,ARE,Middle East & North Africa,High income,2000,29865.50,76.35,3493575
United Arab Emirates,ARE,Middle East & North Africa,High income,2001,27745.17,77.62,3723590
United Arab Emirates,ARE,Middle East & North Africa,High income,2002,27753.61,78.72,3956826
United Arab Emirates,ARE,Middle East & North Africa,High income,2003,29659.54,79.60,4192457
United Arab Emirates,ARE,Middle East & North Africa,High income,2004,33376.72,80.27,4428967
United Arab Emirates,ARE,Middle East & North Africa,High income,2005,38719.31,80.78,4664790
United Arab Emirates,ARE,Middle East & North Africa,High income,2006,44342.60,81.16,5009100
United Arab Emirates,ARE,Middle East & North Africa,High income,2007,45854.73,81.44,5624635
United Arab Emirates,ARE,Middle East & North Africa,High income,2008,50054.17,81.59,6302664
United Arab Emirates,ARE,Middle East & North Africa,High income,2009,37803.07,81.68,6707058
United Arab Emirates,ARE,Middle East & North Africa,High income,2010,44795.29,81.89,6869838
United Arab Emirates,ARE,Middle East & North Africa,High income,2011,51921.90,81.90,7104538
United Arab Emirates,ARE,Middle East & North Africa,High income,2012,53141.61,81.91,7391448
United Arab Emirates,ARE,Middle East & North Africa,High income,2013,53247.24,81.95,7693031
United Arab Emirates,ARE,Middle East & North Africa,High income,2014,52725.24,81.99,8059440
United Arab Emirates,ARE,Middle East & North Africa,High income,2015,44910.33,82.08,8505237
United Arab Emirates,ARE,Middle East & North Africa,High income,2016,42721.10,82.19,8935095
United Arab Emirates,ARE,Middle East & North Africa,High income,2017,43733.62,82.39,9223225
United Arab Emirates,ARE,Middle East & North Africa,High income,2018,47135.36,82.45,9346701
United Arab Emirates,ARE,Middle East & North Africa,High income,2019,45938.61,82.60,9445785
United Arab Emirates,ARE,Middle East & North Africa,High income,2020,37991.75,81.94,9401038
United Arab Emirates,ARE,Middle East & North Africa,High income,2021,44118.50,79.08,9575152
United Arab Emirates,ARE,Middle East & North Africa,High income,2022,50759.76,80.49,10074977
United Arab Emirates,ARE,Middle East & North Africa,High income,2023,49850.69,82.91,10483751
United Kingdom,GBR,Europe & Central Asia,High income,2000,28383.88,77.74,58892514
United Kingdom,GBR,Europe & Central Asia,High income,2001,28013.87,77.99,59119673
United Kingdom,GBR,Europe & Central Asia,High income,2002,30158.70,78.14,59370479
United Kingdom,GBR,Europe & Central Asia,High income,2003,34556.77,78.45,59647577
United Kingdom,GBR,Europe & Central Asia,High income,2004,40504.41,78.75,59987905
United Kingdom,GBR,Europe & Central Asia,High income,2005,42240.25,79.05,60401206
United Kingdom,GBR,Europe & Central Asia,High income,2006,44695.16,79.25,60846820
United Kingdom,GBR,Europe & Central Asia,High income,2007,50629.08,79.45,61322463
United Kingdom,GBR,Europe & Central Asia,High income,2008,47652.40,79.60,61806995
United Kingdom,GBR,Europe & Central Asia,High income,2009,39009.37,80.05,62276270
United Kingdom,GBR,Europe & Central Asia,High income,2010,39778.32,80.40,62766365
United Kingdom,GBR,Europe & Central Asia,High income,2011,42295.93,80.95,63258810
United Kingdom,GBR,Europe & Central Asia,High income,2012,42688.33,80.90,63711000
United Kingdom,GBR,Europe & Central Asia,High income,2013,43606.98,81.00,64139000
United Kingdom,GBR,Europe & Central Asia,High income,2014,47746.24,81.30,64620000
United Kingdom,GBR,Europe & Central Asia,High income,2015,45255.34,80.96,65088000
United Kingdom,GBR,Europe & Central Asia,High income,2016,41257.91,81.16,65607000
United Kingdom,GBR,Europe & Central Asia,High income,2017,40916.81,81.26,65966000
United Kingdom,GBR,Europe & Central Asia,High income,2018,43703.00,81.26,66289000
United Kingdom,GBR,Europe & Central Asia,High income,2019,43158.74,81.37,66631000
United Kingdom,GBR,Europe & Central Asia,High income,2020,40812.68,80.33,66744000
United Kingdom,GBR,Europe & Central Asia,High income,2021,47691.38,80.65,66984000
United Kingdom,GBR,Europe & Central Asia,High income,2022,47057.04,81.01,67604000
United Kingdom,GBR,Europe & Central Asia,High income,2023,49944.47,81.24,68492000
United States,USA,North America,High income,2000,36329.96,76.64,282162411
United States,USA,North America,High income,2001,37133.62,76.84,284968955
United States,USA,North America,High income,2002,37997.76,76.94,287625193
United States,USA,North America,High income,2003,39490.27,77.04,290107933
United States,USA,North America,High income,2004,41724.63,77.49,292805298
United States,USA,North America,High income,2005,44123.41,77.49,295516599
United States,USA,North America,High income,2006,46302.00,77.69,298379912
United States,USA,North America,High income,2007,48050.22,77.99,301231207
United States,USA,North America,High income,2008,48570.05,78.04,304093966
United States,USA,North America,High income,2009,47194.94,78.39,306771529
United States,USA,North America,High income,2010,48642.61,78.54,309378227
United States,USA,North America,High income,2011,50024.87,78.64,311839461
United States,USA,North America,High income,2012,51708.40,78.74,314339099
United States,USA,North America,High income,2013,53179.01,78.74,316726282
United States,USA,North America,High income,2014,54973.42,78.84,319257560
United States,USA,North America,High income,2015,56572.92,78.69,321815121
United States,USA,North America,High income,2016,57638.10,78.54,324353340
United States,USA,North America,High income,2017,59635.10,78.54,326608609
United States,USA,North America,High income,2018,62499.87,78.64,328529577
United States,USA,North America,High income,2019,64746.45,78.79,330226227
United States,USA,North America,High income,2020,63515.95,76.98,331577720
United States,USA,North America,High income,2021,70205.05,76.33,332099760
United States,USA,North America,High income,2022,76657.25,77.43,334017321
United States,USA,North America,High income,2023,81032.26,78.39,336806231
Uruguay,URY,Latin America & Caribbean,High income,2000,6987.70,74.69,3266206
Uruguay,URY,Latin America & Caribbean,High income,2001,6382.76,74.99,3274251
Uruguay,URY,Latin America & Caribbean,High income,2002,4149.76,74.98,3278867
Uruguay,URY,Latin America & Caribbean,High income,2003,3671.12,75.09,3281186
Uruguay,URY,Latin America & Caribbean,High income,2004,4168.66,75.32,3283148
Uruguay,URY,Latin America & Caribbean,High income,2005,5284.26,75.83,3285771
Uruguay,URY,Latin America & Caribbean,High income,2006,6001.33,75.89,3289506
Uruguay,URY,Latin America & Caribbean,High income,2007,7222.05,76.15,3295153
Uruguay,URY,Latin America & Caribbean,High income,2008,9423.97,76.28,3302177
Uruguay,URY,Latin America & Caribbean,High income,2009,9881.40,76.67,3310091
Uruguay,URY,Latin America & Caribbean,High income,2010,12641.06,76.69,3318580
Uruguay,URY,Latin America & Caribbean,High income,2011,15132.27,76.61,3326825
Uruguay,URY,Latin America & Caribbean,High income,2012,16259.59,76.69,3335401
Uruguay,URY,Latin America & Caribbean,High income,2013,18335.26,76.95,3345337
Uruguay,URY,Latin America & Caribbean,High income,2014,18322.43,77.19,3356334
Uruguay,URY,Latin America & Caribbean,High income,2015,17125.90,77.28,3368017
Uruguay,URY,Latin America & Caribbean,High income,2016,17009.76,77.35,3379283
Uruguay,URY,Latin America & Caribbean,High income,2017,19184.65,77.62,3388438
Uruguay,URY,Latin America & Caribbean,High income,2018,19249.94,77.53,3394534
Uruguay,URY,Latin America & Caribbean,High income,2019,18315.73,77.50,3397206
Uruguay,URY,Latin America & Caribbean,High income,2020,15757.54,78.38,3398968
Uruguay,URY,Latin America & Caribbean,High income,2021,17881.82,75.43,3396695
Uruguay,URY,Latin America & Caribbean,High income,2022,20818.61,76.47,3390913
Uruguay,URY,Latin America & Caribbean,High income,2023,23019.42,78.14,3388081
Uzbekistan,UZB,Europe & Central Asia,Lower middle income,2000,555.15,65.46,24787054
Uzbekistan,UZB,Europe & Central Asia,Lower middle income,2001,454.42,65.85,25090283
Uzbekistan,UZB,Europe & Central Asia,Lower middle income,2002,381.41,66.38,25399980
Uzbekistan,UZB,Europe & Central Asia,Lower middle income,2003,394.16,66.85,25711259
Uzbekistan,UZB,Europe & Central Asia,Lower middle income,2004,462.17,67.20,26029350
Uzbekistan,UZB,Europe & Central Asia,Lower middle income,2005,542.84,67.48,26356975
Uzbekistan,UZB,Europe & Central Asia,Lower middle income,2006,649.12,67.91,26699043
Uzbekistan,UZB,Europe & Central Asia,Lower middle income,2007,824.03,68.48,27076008
Uzbekistan,UZB,Europe & Central Asia,Lower middle income,2008,1074.73,69.03,27494774
Uzbekistan,UZB,Europe & Central Asia,Lower middle income,2009,1205.80,69.52,27939328
Uzbekistan,UZB,Europe & Central Asia,Lower middle income,2010,1753.21,69.84,28385506
Uzbekistan,UZB,Europe & Central Asia,Lower middle income,2011,2087.86,70.14,28823196
Uzbekistan,UZB,Europe & Central Asia,Lower middle income,2012,2307.35,70.41,29261903
Uzbekistan,UZB,Europe & Central Asia,Lower middle income,2013,2461.98,70.69,29724065
Uzbekistan,UZB,Europe & Central Asia,Lower middle income,2014,2674.96,70.97,30222994
Uzbekistan,UZB,Europe & Central Asia,Lower middle income,2015,2803.19,71.33,30749346
Uzbekistan,UZB,Europe & Central Asia,Lower middle income,2016,2753.38,71.58,31284568
Uzbekistan,UZB,Europe & Central Asia,Lower middle income,2017,2190.60,71.74,31819178
Uzbekistan,UZB,Europe & Central Asia,Lower middle income,2018,1813.09,72.00,32373490
Uzbekistan,UZB,Europe & Central Asia,Lower middle income,2019,2041.38,72.09,32964701
Uzbekistan,UZB,Europe & Central Asia,Lower middle income,2020,1978.28,71.46,33586372
Uzbekistan,UZB,Europe & Central Asia,Lower middle income,2021,2258.52,71.68,34243696
Uzbekistan,UZB,Europe & Central Asia,Lower middle income,2022,2578.67,72.15,34938955
Uzbekistan,UZB,Europe & Central Asia,Lower middle income,2023,2878.97,72.39,35652307
Vanuatu,VUT,East Asia & Pacific,Lower middle income,2000,1460.24,68.59,186281
Vanuatu,VUT,East Asia & Pacific,Lower middle income,2001,1350.18,68.72,191031
Vanuatu,VUT,East Asia & Pacific,Lower middle income,2002,1340.72,68.84,195863
Vanuatu,VUT,East Asia & Pacific,Lower middle income,2003,1566.51,68.93,200746
Vanuatu,VUT,East Asia & Pacific,Lower middle income,2004,1774.32,68.98,205711
Vanuatu,VUT,East Asia & Pacific,Lower middle income,2005,1873.99,69.17,210760
Vanuatu,VUT,East Asia & Pacific,Lower middle income,2006,2034.79,69.13,215923
Vanuatu,VUT,East Asia & Pacific,Lower middle income,2007,2333.71,69.14,221276
Vanuatu,VUT,East Asia & Pacific,Lower middle income,2008,2603.61,69.30,226896
Vanuatu,VUT,East Asia & Pacific,Lower middle income,2009,2546.38,69.42,232731
Vanuatu,VUT,East Asia & Pacific,Lower middle income,2010,2815.19,69.57,238248
Vanuatu,VUT,East Asia & Pacific,Lower middle income,2011,3163.19,69.73,243474
Vanuatu,VUT,East Asia & Pacific,Lower middle income,2012,3004.78,69.90,248883
Vanuatu,VUT,East Asia & Pacific,Lower middle income,2013,2979.80,69.99,254482
Vanuatu,VUT,East Asia & Pacific,Lower middle income,2014,2973.09,70.04,260240
Vanuatu,VUT,East Asia & Pacific,Lower middle income,2015,2854.89,70.16,266101
Vanuatu,VUT,East Asia & Pacific,Lower middle income,2016,2956.13,70.40,272087
Vanuatu,VUT,East Asia & Pacific,Lower middle income,2017,3159.86,70.50,278507
Vanuatu,VUT,East Asia & Pacific,Lower middle income,2018,3206.66,70.63,285259
Vanuatu,VUT,East Asia & Pacific,Lower middle income,2019,3207.45,70.78,291985
Vanuatu,VUT,East Asia & Pacific,Lower middle income,2020,3042.99,70.39,298858
Vanuatu,VUT,East Asia & Pacific,Lower middle income,2021,3107.20,69.95,305868
Vanuatu,VUT,East Asia & Pacific,Lower middle income,2022,3370.21,71.30,313046
Vanuatu,VUT,East Asia & Pacific,Lower middle income,2023,3482.61,71.48,320409
"Venezuela, República Bolivariana de",VEN,Latin America & Caribbean,,2000,4776.28,72.39,24526708
"Venezuela, República Bolivariana de",VEN,Latin America & Caribbean,,2001,4920.39,71.02,24979922
"Venezuela, República Bolivariana de",VEN,Latin America & Caribbean,,2002,3652.10,72.82,25435671
"Venezuela, República Bolivariana de",VEN,Latin America & Caribbean,,2003,3229.51,72.06,25892703
"Venezuela, República Bolivariana de",VEN,Latin America & Caribbean,,2004,4269.09,72.75,26340838
"Venezuela, República Bolivariana de",VEN,Latin America & Caribbean,,2005,5432.49,73.08,26785804
"Venezuela, República Bolivariana de",VEN,Latin America & Caribbean,,2006,6739.38,72.97,27224686
"Venezuela, República Bolivariana de",VEN,Latin America & Caribbean,,2007,8331.62,73.35,27649363
"Venezuela, República Bolivariana de",VEN,Latin America & Caribbean,,2008,11262.45,72.58,28053696
"Venezuela, República Bolivariana de",VEN,Latin America & Caribbean,,2009,11596.60,72.78,28438298
"Venezuela, República Bolivariana de",VEN,Latin America & Caribbean,,2010,13646.30,73.09,28813101
"Venezuela, República Bolivariana de",VEN,Latin America & Caribbean,,2011,10843.92,73.09,29185212
"Venezuela, República Bolivariana de",VEN,Latin America & Caribbean,,2012,12607.24,73.09,29553826
"Venezuela, República Bolivariana de",VEN,Latin America & Caribbean,,2013,8656.36,73.08,29912198
"Venezuela, República Bolivariana de",VEN,Latin America & Caribbean,,2014,7096.22,72.84,30254079
"Venezuela, República Bolivariana de",VEN,Latin America & Caribbean,,2015,4103.14,73.00,30573972
"Venezuela, República Bolivariana de",VEN,Latin America & Caribbean,,2016,3670.16,72.00,30765720
"Venezuela, República Bolivariana de",VEN,Latin America & Caribbean,,2017,3791.33,71.90,30565323
"Venezuela, República Bolivariana de",VEN,Latin America & Caribbean,,2018,3422.65,72.64,29807592
"Venezuela, República Bolivariana de",VEN,Latin America & Caribbean,,2019,2523.11,72.77,28938098
"Venezuela, República Bolivariana de",VEN,Latin America & Caribbean,,2020,1506.04,72.37,28444077
"Venezuela, República Bolivariana de",VEN,Latin America & Caribbean,,2021,2004.93,71.54,28237826
"Venezuela, República Bolivariana de",VEN,Latin America & Caribbean,,2022,3155.04,72.57,28213017
"Venezuela, República Bolivariana de",VEN,Latin America & Caribbean,,2023,3617.44,72.51,28300854
Viet Nam,VNM,East Asia & Pacific,Lower middle income,2000,404.03,72.75,77154011
Viet Nam,VNM,East Asia & Pacific,Lower middle income,2001,419.21,72.98,77969361
Viet Nam,VNM,East Asia & Pacific,Lower middle income,2002,445.13,73.14,78772224
Viet Nam,VNM,East Asia & Pacific,Lower middle income,2003,497.12,73.24,79563777
Viet Nam,VNM,East Asia & Pacific,Lower middle income,2004,565.45,73.06,80338971
Viet Nam,VNM,East Asia & Pacific,Lower middle income,2005,710.75,73.20,81088313
Viet Nam,VNM,East Asia & Pacific,Lower middle income,2006,807.76,73.29,82167897
Viet Nam,VNM,East Asia & Pacific,Lower middle income,2007,925.64,73.39,83633375
Viet Nam,VNM,East Asia & Pacific,Lower middle income,2008,1163.83,73.45,85175788
Viet Nam,VNM,East Asia & Pacific,Lower middle income,2009,1226.17,73.53,86460018
Viet Nam,VNM,East Asia & Pacific,Lower middle income,2010,1683.16,73.61,87455152
Viet Nam,VNM,East Asia & Pacific,Lower middle income,2011,1950.93,73.71,88468314
Viet Nam,VNM,East Asia & Pacific,Lower middle income,2012,2185.12,73.76,89510356
Viet Nam,VNM,East Asia & Pacific,Lower middle income,2013,2359.52,73.82,90573104
Viet Nam,VNM,East Asia & Pacific,Lower middle income,2014,2546.38,73.89,91679578
Viet Nam,VNM,East Asia & Pacific,Lower middle income,2015,2577.57,73.95,92823254
Viet Nam,VNM,East Asia & Pacific,Lower middle income,2016,2735.06,73.98,94000117
Viet Nam,VNM,East Asia & Pacific,Lower middle income,2017,2956.11,74.03,95176977
Viet Nam,VNM,East Asia & Pacific,Lower middle income,2018,3222.31,74.10,96237319
Viet Nam,VNM,East Asia & Pacific,Lower middle income,2019,3440.90,74.21,97173776
Viet Nam,VNM,East Asia & Pacific,Lower middle income,2020,3534.04,75.38,98079191
Viet Nam,VNM,East Asia & Pacific,Lower middle income,2021,3704.19,74.14,98935098
Viet Nam,VNM,East Asia & Pacific,Lower middle income,2022,4147.70,74.50,99680655
Viet Nam,VNM,East Asia & Pacific,Lower middle income,2023,4323.35,74.59,100352192
Virgin Islands (US),VIR,Latin America & Caribbean,High income,2002,30062.02,77.52,108509
Virgin Islands (US),VIR,Latin America & Caribbean,High income,2003,31731.26,77.52,108505
Virgin Islands (US),VIR,Latin America & Caribbean,High income,2004,35006.36,77.77,108466
Virgin Islands (US),VIR,Latin America & Caribbean,High income,2005,40828.75,77.42,108453
Virgin Islands (US),VIR,Latin America & Caribbean,High income,2006,41377.15,78.32,108369
Virgin Islands (US),VIR,Latin America & Caribbean,High income,2007,44158.51,76.86,108337
Virgin Islands (US),VIR,Latin America & Caribbean,High income,2008,39152.38,77.16,108397
Virgin Islands (US),VIR,Latin America & Caribbean,High income,2009,38753.18,77.51,108404
Virgin Islands (US),VIR,Latin America & Caribbean,High income,2010,39905.13,77.87,108357
Virgin Islands (US),VIR,Latin America & Caribbean,High income,2011,38997.14,78.32,108290
Virgin Islands (US),VIR,Latin America & Caribbean,High income,2012,37795.32,78.52,108188
Virgin Islands (US),VIR,Latin America & Caribbean,High income,2013,34597.98,78.72,108041
Virgin Islands (US),VIR,Latin America & Caribbean,High income,2014,33045.36,78.87,107882
Virgin Islands (US),VIR,Latin America & Caribbean,High income,2015,34007.35,79.02,107712
Virgin Islands (US),VIR,Latin America & Caribbean,High income,2016,35324.97,79.17,107516
Virgin Islands (US),VIR,Latin America & Caribbean,High income,2017,35365.07,79.37,107281
Virgin Islands (US),VIR,Latin America & Caribbean,High income,2018,36663.21,79.52,107001
Virgin Islands (US),VIR,Latin America & Caribbean,High income,2019,38633.53,79.67,106669
Virgin Islands (US),VIR,Latin America & Caribbean,High income,2020,39787.37,79.82,106290
Virgin Islands (US),VIR,Latin America & Caribbean,High income,2021,42571.08,80.07,105870
Virgin Islands (US),VIR,Latin America & Caribbean,High income,2022,44320.91,80.32,105413
West Bank and Gaza,PSE,Middle East & North Africa,Lower middle income,2000,1476.17,70.30,2922153
West Bank and Gaza,PSE,Middle East & North Africa,Lower middle income,2001,1335.55,69.75,2997784
West Bank and Gaza,PSE,Middle East & North Africa,Lower middle income,2002,1156.22,70.88,3075373
West Bank and Gaza,PSE,Middle East & North Africa,Lower middle income,2003,1257.70,70.97,3154969
West Bank and Gaza,PSE,Middle East & North Africa,Lower middle income,2004,1422.19,71.09,3236626
West Bank and Gaza,PSE,Middle East & North Africa,Lower middle income,2005,1543.70,72.00,3320396
West Bank and Gaza,PSE,Middle East & North Africa,Lower middle income,2006,1570.10,71.83,3406334
West Bank and Gaza,PSE,Middle East & North Africa,Lower middle income,2007,1664.25,72.06,3494496
West Bank and Gaza,PSE,Middle East & North Africa,Lower middle income,2008,2035.20,72.20,3591977
West Bank and Gaza,PSE,Middle East & North Africa,Lower middle income,2009,2191.78,72.31,3689099
West Bank and Gaza,PSE,Middle East & North Africa,Lower middle income,2010,2557.08,73.30,3786161
West Bank and Gaza,PSE,Middle East & North Africa,Lower middle income,2011,2880.80,73.56,3882986
West Bank and Gaza,PSE,Middle East & North Africa,Lower middle income,2012,3067.44,73.72,3979998
West Bank and Gaza,PSE,Middle East & North Africa,Lower middle income,2013,3315.30,74.14,4076708
West Bank and Gaza,PSE,Middle East & North Africa,Lower middle income,2014,3352.11,72.78,4173398
West Bank and Gaza,PSE,Middle East & North Africa,Lower middle income,2015,3272.15,74.58,4270092
West Bank and Gaza,PSE,Middle East & North Africa,Lower middle income,2016,3527.61,74.92,4367088
West Bank and Gaza,PSE,Middle East & North Africa,Lower middle income,2017,3620.36,75.22,4454805
West Bank and Gaza,PSE,Middle East & North Africa,Lower middle income,2018,3562.33,75.38,4569087
West Bank and Gaza,PSE,Middle East & North Africa,Lower middle income,2019,3656.86,75.81,4685306
West Bank and Gaza,PSE,Middle East & North Africa,Lower middle income,2020,3233.57,75.00,4803269
West Bank and Gaza,PSE,Middle East & North Africa,Lower middle income,2021,3678.64,73.89,4922749
West Bank and Gaza,PSE,Middle East & North Africa,Lower middle income,2022,3799.96,76.66,5043612
West Bank and Gaza,PSE,Middle East & North Africa,Lower middle income,2023,3455.03,65.17,5165775
"Yemen, Republic of",YEM,Middle East & North Africa,Low income,2000,493.24,62.76,19624141
"Yemen, Republic of",YEM,Middle East & North Africa,Low income,2001,487.14,63.29,20226147
"Yemen, Republic of",YEM,Middle East & North Africa,Low income,2002,513.24,63.81,20835086
"Yemen, Republic of",YEM,Middle East & North Africa,Low income,2003,548.91,64.41,21456379
"Yemen, Republic of",YEM,Middle East & North Africa,Low income,2004,627.63,64.88,22095167
"Yemen, Republic of",YEM,Middle East & North Africa,Low income,2005,734.16,65.36,22790085
"Yemen, Republic of",YEM,Middle East & North Africa,Low income,2006,809.71,65.80,23543083
"Yemen, Republic of",YEM,Middle East & North Africa,Low income,2007,890.31,66.23,24318082
"Yemen, Republic of",YEM,Middle East & North Africa,Low income,2008,1071.64,66.61,25111941
"Yemen, Republic of",YEM,Middle East & North Africa,Low income,2009,969.24,66.91,25927724
"Yemen, Republic of",YEM,Middle East & North Africa,Low income,2010,1155.20,67.22,26754387
"Yemen, Republic of",YEM,Middle East & North Africa,Low income,2011,1186.48,67.41,27582897
"Yemen, Republic of",YEM,Middle East & North Africa,Low income,2012,1245.05,67.57,28433647
"Yemen, Republic of",YEM,Middle East & North Africa,Low income,2013,1378.75,67.96,29312952
"Yemen, Republic of",YEM,Middle East & North Africa,Low income,2014,1430.16,68.00,30226309
"Yemen, Republic of",YEM,Middle East & North Africa,Low income,2015,1362.17,66.76,31159379
"Yemen, Republic of",YEM,Middle East & North Africa,Low income,2016,975.36,67.11,32109010
"Yemen, Republic of",YEM,Middle East & North Africa,Low income,2017,811.17,67.12,33090921
"Yemen, Republic of",YEM,Middle East & North Africa,Low income,2018,633.89,65.92,34085182
Zambia,ZMB,Sub-Saharan Africa,Lower middle income,2000,359.43,46.58,10017631
Zambia,ZMB,Sub-Saharan Africa,Lower middle income,2001,396.55,47.41,10325185
Zambia,ZMB,Sub-Saharan Africa,Lower middle income,2002,393.86,48.46,10647949
Zambia,ZMB,Sub-Saharan Africa,Lower middle income,2003,446.29,49.62,10983595
Zambia,ZMB,Sub-Saharan Africa,Lower middle income,2004,548.69,50.54,11338198
Zambia,ZMB,Sub-Saharan Africa,Lower middle income,2005,710.98,51.62,11718819
Zambia,ZMB,Sub-Saharan Africa,Lower middle income,2006,1051.72,52.69,12129553
Zambia,ZMB,Sub-Saharan Africa,Lower middle income,2007,1118.73,53.73,12565085
Zambia,ZMB,Sub-Saharan Africa,Lower middle income,2008,1375.50,54.84,13021324
Zambia,ZMB,Sub-Saharan Africa,Lower middle income,2009,1136.24,55.89,13490389
Zambia,ZMB,Sub-Saharan Africa,Lower middle income,2010,1451.11,56.90,13965594
Zambia,ZMB,Sub-Saharan Africa,Lower middle income,2011,1624.87,57.84,14437796
Zambia,ZMB,Sub-Saharan Africa,Lower middle income,2012,1710.05,58.70,14913629
Zambia,ZMB,Sub-Saharan Africa,Lower middle income,2013,1820.72,59.45,15398997
Zambia,ZMB,Sub-Saharan Africa,Lower middle income,2014,1707.49,60.11,15895315
Zambia,ZMB,Sub-Saharan Africa,Lower middle income,2015,1295.88,60.73,16399089
Zambia,ZMB,Sub-Saharan Africa,Lower middle income,2016,1239.09,61.13,16914423
Zambia,ZMB,Sub-Saharan Africa,Lower middle income,2017,1483.47,61.56,17441320
Zambia,ZMB,Sub-Saharan Africa,Lower middle income,2018,1463.90,62.14,17973569
Zambia,ZMB,Sub-Saharan Africa,Lower middle income,2019,1258.99,62.91,18513839
Zambia,ZMB,Sub-Saharan Africa,Lower middle income,2020,951.64,63.36,19059395
Zambia,ZMB,Sub-Saharan Africa,Lower middle income,2021,1127.16,62.36,19603607
Zambia,ZMB,Sub-Saharan Africa,Lower middle income,2022,1447.12,65.28,20152938
Zambia,ZMB,Sub-Saharan Africa,Lower middle income,2023,1330.73,66.35,20723965
Zimbabwe,ZWE,Sub-Saharan Africa,Lower middle income,2000,562.83,46.03,11892055
Zimbabwe,ZWE,Sub-Saharan Africa,Lower middle income,2001,566.39,44.52,11971901
Zimbabwe,ZWE,Sub-Saharan Africa,Lower middle income,2002,524.94,45.94,12087653
Zimbabwe,ZWE,Sub-Saharan Africa,Lower middle income,2003,468.47,45.37,12232323
Zimbabwe,ZWE,Sub-Saharan Africa,Lower middle income,2004,469.72,46.04,12365896
Zimbabwe,ZWE,Sub-Saharan Africa,Lower middle income,2005,461.27,46.57,12483432
Zimbabwe,ZWE,Sub-Saharan Africa,Lower middle income,2006,431.03,47.06,12636445
Zimbabwe,ZWE,Sub-Saharan Africa,Lower middle income,2007,413.52,47.58,12804058
Zimbabwe,ZWE,Sub-Saharan Africa,Lower middle income,2008,340.92,48.46,12959149
Zimbabwe,ZWE,Sub-Saharan Africa,Lower middle income,2009,735.82,49.75,13142790
Zimbabwe,ZWE,Sub-Saharan Africa,Lower middle income,2010,902.01,51.92,13356548
Zimbabwe,ZWE,Sub-Saharan Africa,Lower middle income,2011,1037.78,53.91,13595424
Zimbabwe,ZWE,Sub-Saharan Africa,Lower middle income,2012,1239.23,55.39,13817887
Zimbabwe,ZWE,Sub-Saharan Africa,Lower middle income,2013,1362.99,56.84,14013808
Zimbabwe,ZWE,Sub-Saharan Africa,Lower middle income,2014,1372.92,58.11,14207359
Zimbabwe,ZWE,Sub-Saharan Africa,Lower middle income,2015,1387.13,58.99,14399013
Zimbabwe,ZWE,Sub-Saharan Africa,Lower middle income,2016,1408.14,59.76,14600294
Zimbabwe,ZWE,Sub-Saharan Africa,Lower middle income,2017,3445.45,60.26,14812482
Zimbabwe,ZWE,Sub-Saharan Africa,Lower middle income,2018,2270.90,60.91,15034452
Zimbabwe,ZWE,Sub-Saharan Africa,Lower middle income,2019,2184.33,61.06,15271368
Zimbabwe,ZWE,Sub-Saharan Africa,Lower middle income,2020,2059.67,61.53,15526888
Zimbabwe,ZWE,Sub-Saharan Africa,Lower middle income,2021,2613.61,60.13,15797210
Zimbabwe,ZWE,Sub-Saharan Africa,Lower middle income,2022,2536.40,62.36,16069056
Zimbabwe,ZWE,Sub-Saharan Africa,Lower middle income,2023,2195.22,62.77,16340822
